{"rate-5": {"ANB": [{"max": 0.0024007908487501763, "min": 0.0, "sm": 0.0001143233737500084, "value": [279, 4, 1, 4, 1, 1, 0, 0, 1, 0, 0, 0, 1, 0, 0, 0, 0, 0, 0, 0, 0, 1]}, 3.100800601009064e-05], "ACC": [{"max": 0.03131115459882583, "min": 0.003424657534246575, "sm": 0.0013279284316466311, "value": [214, 4, 23, 10, 2, 2, 4, 8, 8, 5, 0, 1, 4, 4, 0, 1, 0, 1, 1, 0, 0, 1]}, 0.005846900506303769], "LCC": [{"max": 0, "min": 0, "sm": 0.0, "value": [293, 0, 0, 0, 0, 0, 0, 0, 0, 0, 0, 0, 0, 0, 0, 0, 0, 0, 0, 0, 0, 0]}, 0.0]}, "rate-10": {"ANB": [{"max": 0.0054305167130838244, "min": 0.0, "sm": 0.0002585960339563726, "value": [549, 14, 7, 2, 3, 0, 2, 1, 2, 0, 1, 0, 0, 0, 0, 1, 2, 2, 1, 0, 0, 1]}, 0.00011082687169558828], "ACC": [{"max": 0.023109067157622936, "min": 0.0017035775127768314, "sm": 0.0010193090307069573, "value": [274, 38, 43, 38, 20, 31, 14, 8, 27, 7, 17, 4, 17, 20, 13, 1, 5, 2, 3, 4, 1, 1]}, 0.005593731563843381], "LCC": [{"max": 0, "min": 0, "sm": 0.0, "value": [588, 0, 0, 0, 0, 0, 0, 0, 0, 0, 0, 0, 0, 0, 0, 0, 0, 0, 0, 0, 0, 0]}, 0.0]}, "rate-15": {"ANB": [{"max": 0.09125538668671467, "min": 0.0, "sm": 0.00434549460412927, "value": [793, 25, 20, 10, 5, 10, 4, 1, 0, 5, 1, 1, 4, 1, 1, 0, 0, 0, 0, 0, 1, 0]}, 0.002151957505046533], "ACC": [{"max": 0.0910331060823989, "min": 0.0011350737797956867, "sm": 0.004280858681076343, "value": [425, 16, 1, 0, 0, 0, 0, 8, 14, 32, 23, 45, 29, 71, 54, 38, 43, 62, 7, 7, 6, 1]}, 0.03131373810845255], "LCC": [{"max": 0, "min": 0, "sm": 0.0, "value": [882, 0, 0, 0, 0, 0, 0, 0, 0, 0, 0, 0, 0, 0, 0, 0, 0, 0, 0, 0, 0, 0]}, 0.0]}, "rate-20": {"ANB": [{"max": 0.11260459246272447, "min": 0.0, "sm": 0.0053621234506059275, "value": [1040, 61, 28, 14, 13, 6, 1, 5, 1, 1, 0, 2, 1, 0, 1, 1, 0, 0, 0, 0, 0, 1]}, 0.0023675584989876963], "ACC": [{"max": 0.13984933592613924, "min": 0.000851063829787234, "sm": 0.006618965337921524, "value": [392, 0, 0, 0, 0, 0, 0, 3, 6, 12, 33, 88, 101, 127, 166, 99, 61, 64, 14, 7, 2, 1]}, 0.063126523406914], "LCC": [{"max": 1.0, "min": 0, "sm": 0.047619047619047616, "value": [1162, 2, 3, 1, 0, 0, 0, 2, 0, 0, 0, 0, 0, 0, 0, 0, 0, 0, 0, 0, 0, 6]}, 0.006295451080865246]}, "rate-25": {"ANB": [{"max": 0.11693938804962938, "min": 0.0, "sm": 0.00556854228807759, "value": [1335, 72, 25, 11, 6, 4, 6, 3, 3, 1, 0, 0, 0, 0, 1, 0, 0, 0, 0, 0, 0, 1]}, 0.0018347926804836887], "ACC": [{"max": 0.17325857334887781, "min": 0.0006816632583503749, "sm": 0.008217948099548926, "value": [424, 0, 0, 0, 0, 0, 1, 4, 9, 31, 46, 89, 178, 183, 129, 171, 142, 32, 18, 8, 2, 1]}, 0.08251960631396432], "LCC": [{"max": 1.0, "min": 0, "sm": 0.047619047619047616, "value": [1460, 2, 0, 3, 0, 0, 0, 2, 0, 0, 0, 0, 0, 0, 0, 0, 0, 0, 0, 0, 0, 1]}, 0.0016216769938715303]}, "rate-30": {"ANB": [{"max": 0.09481763820442904, "min": 0.0, "sm": 0.004515125628782335, "value": [1586, 86, 34, 16, 15, 8, 2, 4, 0, 2, 3, 1, 0, 1, 1, 0, 0, 0, 0, 0, 2, 1]}, 0.0018319094518052523], "ACC": [{"max": 0.22110944663027227, "min": 0.0005678591709256105, "sm": 0.010501980355206983, "value": [306, 0, 0, 0, 0, 0, 3, 2, 9, 30, 81, 121, 186, 239, 250, 305, 134, 62, 21, 9, 3, 1]}, 0.12249891525952153], "LCC": [{"max": 1.0, "min": 0, "sm": 0.047619047619047616, "value": [1722, 9, 7, 1, 2, 0, 0, 13, 0, 0, 0, 0, 0, 0, 1, 0, 0, 0, 0, 0, 0, 7]}, 0.008220513229863691]}, "rate-35": {"ANB": [{"max": 0.1084250526292099, "min": 0.0, "sm": 0.00516309774424809, "value": [1919, 79, 21, 12, 7, 3, 4, 2, 3, 0, 2, 0, 2, 0, 0, 0, 0, 1, 0, 0, 0, 1]}, 0.001458419634655499], "ACC": [{"max": 0.24240754771217676, "min": 0.00048661800486618007, "sm": 0.011520044271776695, "value": [337, 0, 0, 0, 0, 0, 2, 6, 9, 37, 82, 139, 207, 326, 298, 376, 138, 59, 25, 13, 1, 1]}, 0.13548601100633406], "LCC": [{"max": 1.0, "min": 0, "sm": 0.047619047619047616, "value": [1999, 18, 18, 7, 1, 0, 0, 6, 0, 0, 1, 0, 0, 0, 0, 0, 0, 0, 0, 0, 0, 6]}, 0.006575239463668194]}, "rate-40": {"ANB": [{"max": 0.08242167781553748, "min": 0.0, "sm": 0.00392484180073988, "value": [2184, 86, 29, 16, 8, 4, 4, 3, 3, 2, 1, 1, 2, 2, 2, 0, 1, 0, 0, 0, 1, 1]}, 0.0012902710575862866], "ACC": [{"max": 0.2647004908650223, "min": 0.0004257130693912303, "sm": 0.012584513228363384, "value": [297, 0, 0, 0, 0, 0, 1, 3, 8, 19, 96, 152, 269, 334, 465, 382, 175, 95, 31, 15, 7, 1]}, 0.15688128688892058], "LCC": [{"max": 1.0, "min": 0, "sm": 0.047619047619047616, "value": [2256, 25, 22, 19, 2, 0, 0, 15, 0, 0, 0, 0, 0, 0, 0, 0, 0, 0, 0, 0, 0, 11]}, 0.01059574880336646]}}