{"rate-5": {"ANB": [{"max": 0.13206408091710842, "min": 0.0, "sm": 0.006288765757957544, "value": [236, 26, 7, 3, 7, 4, 4, 1, 0, 3, 0, 0, 1, 1, 0, 0, 0, 0, 0, 0, 0, 1]}, 0.0055785557011153635], "ACC": [{"max": 0.5385495534371608, "min": 0.0034129692832764505, "sm": 0.025482694483518302, "value": [6, 0, 0, 0, 0, 0, 2, 2, 2, 4, 9, 13, 35, 44, 61, 42, 33, 19, 11, 9, 1, 1]}, 0.366823456557619], "LCC": [{"max": 1.0, "min": 0, "sm": 0.047619047619047616, "value": [57, 2, 4, 17, 14, 27, 38, 40, 23, 14, 21, 5, 7, 0, 7, 0, 0, 2, 0, 0, 0, 16]}, 0.31974437377394993]}, "rate-10": {"ANB": [{"max": 0.08688806729708656, "min": 0.0, "sm": 0.004137527014146979, "value": [499, 41, 15, 6, 8, 3, 2, 3, 2, 1, 2, 1, 3, 0, 0, 1, 0, 0, 0, 0, 0, 1]}, 0.002932383307353095], "ACC": [{"max": 0.5231047700170358, "min": 0.0017035775127768314, "sm": 0.024828628214488523, "value": [9, 0, 0, 0, 0, 0, 0, 0, 3, 7, 23, 25, 56, 129, 100, 103, 61, 36, 19, 14, 2, 1]}, 0.357580328749063], "LCC": [{"max": 1.0, "min": 0, "sm": 0.047619047619047616, "value": [116, 10, 30, 52, 51, 41, 66, 67, 32, 15, 26, 6, 16, 4, 21, 0, 2, 0, 2, 0, 0, 31]}, 0.2952461200968955]}, "rate-15": {"ANB": [{"max": 0.11100897142168255, "min": 0.0, "sm": 0.005286141496270598, "value": [809, 38, 8, 6, 8, 3, 1, 0, 3, 0, 2, 2, 1, 0, 0, 0, 0, 0, 0, 0, 0, 1]}, 0.0021552450306301443], "ACC": [{"max": 0.5125072716695753, "min": 0.19887133182844244, "sm": 0.014935044754339663, "value": [2, 5, 6, 15, 27, 35, 46, 48, 116, 117, 122, 97, 77, 50, 48, 27, 19, 11, 9, 3, 1, 1]}, 0.35253509642497843], "LCC": [{"max": 1.0, "min": 0, "sm": 0.047619047619047616, "value": [212, 19, 54, 78, 79, 72, 64, 85, 49, 32, 17, 8, 10, 4, 30, 3, 1, 3, 1, 1, 0, 60]}, 0.28011345926497816]}, "rate-20": {"ANB": [{"max": 0.10468078873586328, "min": 0.0, "sm": 0.004984799463612537, "value": [1094, 46, 9, 9, 3, 6, 0, 2, 0, 1, 1, 3, 0, 1, 0, 0, 0, 0, 0, 0, 0, 1]}, 0.0016411808117353284], "ACC": [{"max": 0.5024293633679768, "min": 0.000851063829787234, "sm": 0.02388468093038998, "value": [10, 0, 0, 0, 0, 0, 0, 1, 3, 13, 35, 95, 119, 259, 253, 188, 101, 58, 22, 17, 1, 1]}, 0.3387665026166745], "LCC": [{"max": 1.0, "min": 0, "sm": 0.047619047619047616, "value": [320, 35, 83, 110, 129, 86, 55, 111, 46, 30, 33, 9, 7, 2, 40, 2, 4, 7, 4, 2, 0, 61]}, 0.2528168517274311]}, "rate-25": {"ANB": [{"max": 0.10379831249004247, "min": 0.0, "sm": 0.004942776785240117, "value": [1393, 36, 15, 2, 8, 6, 2, 0, 1, 0, 2, 1, 1, 1, 0, 1, 0, 0, 0, 0, 0, 1]}, 0.0013600786088961976], "ACC": [{"max": 0.49829839418932614, "min": 0.0006807351940095302, "sm": 0.023696078999776982, "value": [4, 0, 0, 0, 0, 0, 1, 3, 5, 6, 52, 102, 150, 340, 347, 244, 111, 61, 24, 17, 2, 1]}, 0.33694828948688704], "LCC": [{"max": 1.0, "min": 0, "sm": 0.047619047619047616, "value": [394, 56, 120, 123, 135, 104, 76, 130, 67, 35, 34, 14, 18, 4, 46, 3, 6, 5, 3, 1, 1, 95]}, 0.2605074819737779]}, "rate-30": {"ANB": [{"max": 0.13036043928191932, "min": 0.0, "sm": 0.006207639965805682, "value": [1700, 35, 7, 8, 4, 1, 1, 0, 4, 2, 0, 1, 0, 0, 0, 0, 0, 0, 0, 0, 0, 1]}, 0.0011727995664370116], "ACC": [{"max": 0.48749003903625193, "min": 0.0005672149744753262, "sm": 0.023186801145798887, "value": [5, 0, 0, 0, 0, 0, 0, 2, 6, 15, 62, 127, 189, 380, 426, 306, 131, 67, 28, 16, 3, 1]}, 0.328954325871742], "LCC": [{"max": 1.0, "min": 0, "sm": 0.047619047619047616, "value": [500, 92, 143, 160, 137, 117, 97, 126, 44, 24, 46, 23, 22, 7, 69, 2, 8, 17, 5, 1, 0, 124]}, 0.2606162750822634]}, "rate-35": {"ANB": [{"max": 0.1166883118927968, "min": 0.0, "sm": 0.005556586280609371, "value": [1985, 38, 10, 6, 7, 2, 1, 2, 1, 3, 0, 1, 1, 0, 0, 0, 0, 0, 0, 0, 0, 1]}, 0.001022875258455589], "ACC": [{"max": 0.48202759453078964, "min": 0.0004861448711716091, "sm": 0.02293054522188657, "value": [10, 0, 0, 0, 0, 0, 0, 0, 9, 15, 63, 173, 261, 435, 486, 345, 140, 74, 26, 17, 3, 1]}, 0.322580783661436], "LCC": [{"max": 1.0, "min": 0, "sm": 0.047619047619047616, "value": [653, 112, 169, 173, 179, 106, 93, 168, 62, 30, 43, 22, 31, 7, 75, 6, 6, 12, 6, 2, 0, 103]}, 0.23373912979996764]}, "rate-40": {"ANB": [{"max": 0.14553992122060475, "min": 0.0, "sm": 0.006930472439076417, "value": [2295, 30, 4, 11, 4, 0, 2, 1, 1, 3, 0, 0, 0, 0, 0, 0, 0, 0, 0, 0, 0, 1]}, 0.0009154331705622679], "ACC": [{"max": 0.4778097926310379, "min": 0.0004253509145044662, "sm": 0.022732592462692068, "value": [2, 0, 0, 0, 0, 0, 0, 0, 10, 11, 77, 209, 240, 522, 594, 409, 148, 75, 34, 16, 4, 1]}, 0.3217191416257284], "LCC": [{"max": 1.0, "min": 0, "sm": 0.047619047619047616, "value": [756, 121, 201, 199, 182, 118, 98, 196, 64, 25, 59, 22, 28, 14, 78, 5, 8, 11, 8, 0, 0, 159]}, 0.24267396999960641]}}