{"rate-5": {"ANB": [{"max": 0.0763368132498993, "min": 0.0, "sm": 0.0036350863452333, "value": [215, 36, 13, 5, 8, 5, 1, 1, 2, 1, 1, 0, 0, 2, 0, 1, 1, 0, 0, 0, 0, 1]}, 0.004245044221754473], "ACC": [{"max": 0.6147368421052631, "min": 0.2896825396825397, "sm": 0.015478776305843973, "value": [3, 0, 1, 4, 11, 11, 13, 22, 33, 32, 26, 27, 35, 27, 18, 8, 9, 6, 5, 1, 0, 1]}, 0.45440193061034856], "LCC": [{"max": 1.0, "min": 0, "sm": 0.047619047619047616, "value": [23, 1, 4, 15, 31, 38, 40, 53, 27, 22, 14, 7, 3, 2, 6, 1, 2, 1, 2, 0, 0, 1]}, 0.3236045097518629]}, "rate-10": {"ANB": [{"max": 0.10109147236119659, "min": 0.0, "sm": 0.004813879636247457, "value": [524, 28, 17, 3, 8, 3, 1, 1, 2, 0, 2, 1, 1, 1, 0, 0, 0, 0, 0, 0, 0, 1]}, 0.002658741552005605], "ACC": [{"max": 0.5522388059701493, "min": 0.25506247307195173, "sm": 0.014151253947533218, "value": [3, 1, 9, 12, 14, 32, 49, 61, 69, 78, 55, 49, 43, 38, 29, 21, 8, 10, 6, 4, 1, 1]}, 0.39528019929030084], "LCC": [{"max": 1.0, "min": 0, "sm": 0.047619047619047616, "value": [85, 9, 32, 60, 76, 77, 54, 64, 35, 20, 14, 5, 9, 3, 22, 1, 2, 1, 1, 0, 0, 23]}, 0.28785175897338305]}, "rate-15": {"ANB": [{"max": 0.13744741385603523, "min": 0.0, "sm": 0.006545114945525487, "value": [825, 28, 7, 9, 1, 2, 3, 0, 3, 0, 1, 0, 0, 0, 0, 0, 0, 0, 0, 0, 0, 1]}, 0.0019432009302915087], "ACC": [{"max": 0.5346715328467153, "min": 0.20206896551724138, "sm": 0.01583821749187971, "value": [1, 1, 0, 2, 6, 18, 34, 44, 120, 130, 138, 113, 79, 60, 56, 30, 22, 11, 8, 4, 2, 1]}, 0.3751082559233675], "LCC": [{"max": 1.0, "min": 0, "sm": 0.047619047619047616, "value": [166, 23, 66, 86, 115, 75, 70, 86, 37, 24, 26, 12, 8, 2, 31, 0, 3, 1, 1, 0, 0, 48]}, 0.2754047382171266]}, "rate-20": {"ANB": [{"max": 0.14604812410802376, "min": 0.0, "sm": 0.00695467257657256, "value": [1133, 24, 10, 5, 4, 2, 1, 2, 2, 1, 0, 0, 0, 0, 0, 0, 0, 0, 0, 0, 0, 1]}, 0.0015210986851687941], "ACC": [{"max": 0.5231992929739284, "min": 0.20020290835306054, "sm": 0.015380780220041327, "value": [1, 2, 0, 4, 13, 22, 52, 82, 151, 211, 185, 160, 100, 71, 58, 27, 20, 10, 10, 3, 2, 1]}, 0.3621611721748089], "LCC": [{"max": 1.0, "min": 0, "sm": 0.047619047619047616, "value": [262, 44, 90, 126, 128, 111, 57, 113, 50, 23, 33, 14, 13, 6, 36, 1, 5, 3, 2, 1, 0, 67]}, 0.26376066928516634]}, "rate-25": {"ANB": [{"max": 0.158879134890394, "min": 0.0, "sm": 0.007565673090018763, "value": [1421, 27, 9, 6, 1, 3, 1, 3, 1, 0, 0, 0, 0, 0, 0, 0, 0, 0, 0, 0, 0, 1]}, 0.0012950475227661174], "ACC": [{"max": 0.5086385625431928, "min": 0.19803578635813265, "sm": 0.01479060838976477, "value": [1, 2, 3, 9, 22, 42, 70, 108, 208, 277, 223, 185, 111, 77, 59, 27, 22, 12, 9, 3, 2, 1]}, 0.34900560612492204], "LCC": [{"max": 1.0, "min": 0, "sm": 0.047619047619047616, "value": [397, 76, 128, 154, 140, 96, 72, 147, 45, 25, 37, 11, 17, 7, 48, 1, 3, 3, 4, 0, 0, 62]}, 0.2324821763845149]}, "rate-30": {"ANB": [{"max": 0.1595005788359172, "min": 0.0, "sm": 0.0075952656588532, "value": [1708, 26, 8, 5, 3, 1, 4, 2, 1, 0, 0, 0, 0, 0, 0, 0, 0, 0, 0, 0, 0, 1]}, 0.0011189227501338973], "ACC": [{"max": 0.5001422475106686, "min": 0.1969747899159664, "sm": 0.014436545599747724, "value": [1, 3, 3, 8, 35, 56, 99, 149, 250, 336, 252, 217, 132, 83, 57, 30, 19, 13, 10, 3, 2, 1]}, 0.3416714616844679], "LCC": [{"max": 1.0, "min": 0, "sm": 0.047619047619047616, "value": [509, 94, 161, 175, 142, 89, 94, 188, 53, 18, 38, 13, 20, 7, 58, 1, 4, 4, 4, 0, 0, 87]}, 0.2315030081910878]}, "rate-35": {"ANB": [{"max": 0.1607143637786979, "min": 0.0, "sm": 0.007653064941842758, "value": [2016, 27, 10, 3, 2, 3, 2, 3, 1, 0, 0, 0, 0, 0, 0, 0, 0, 0, 0, 0, 0, 1]}, 0.0009859649609214617], "ACC": [{"max": 0.49190861494526417, "min": 0.19547947796481938, "sm": 0.014115673189544991, "value": [1, 3, 9, 18, 42, 83, 128, 188, 316, 375, 293, 236, 150, 88, 57, 33, 20, 12, 10, 3, 2, 1]}, 0.3337062526350505], "LCC": [{"max": 1.0, "min": 0, "sm": 0.047619047619047616, "value": [664, 129, 184, 176, 148, 87, 92, 209, 59, 17, 42, 12, 18, 8, 71, 2, 6, 7, 4, 0, 0, 133]}, 0.23320527008784395]}, "rate-40": {"ANB": [{"max": 0.16753079268100637, "min": 0.0, "sm": 0.007977656794333637, "value": [2312, 25, 10, 4, 1, 4, 2, 3, 0, 0, 0, 0, 0, 0, 0, 0, 0, 0, 0, 0, 0, 1]}, 0.0008869922525282168], "ACC": [{"max": 0.4855027760641579, "min": 0.19472164948453607, "sm": 0.013846720313315327, "value": [2, 5, 8, 20, 79, 97, 162, 223, 363, 421, 336, 266, 152, 90, 56, 32, 24, 9, 11, 3, 2, 1]}, 0.32765834008790273], "LCC": [{"max": 1.0, "min": 0, "sm": 0.047619047619047616, "value": [847, 134, 200, 193, 162, 96, 98, 222, 61, 19, 52, 11, 23, 9, 71, 2, 4, 9, 5, 1, 0, 143]}, 0.22005810123805933]}}