{"rate-5": {"ANB": [{"max": 0.2519559944676452, "min": 0.0, "sm": 0.011997904498459297, "value": [121, 79, 33, 16, 14, 10, 2, 5, 5, 2, 0, 0, 1, 0, 0, 2, 0, 0, 0, 2, 0, 1]}, 0.025724996903215953], "ACC": [{"max": 0.17707701637355974, "min": 0.07336683417085427, "sm": 0.004938580104890737, "value": [2, 7, 8, 8, 14, 17, 21, 24, 24, 31, 27, 26, 23, 21, 10, 11, 9, 7, 0, 0, 2, 1]}, 0.12124161935584031], "LCC": [{"max": 1.0, "min": 0, "sm": 0.047619047619047616, "value": [290, 0, 0, 0, 0, 0, 0, 2, 0, 0, 0, 0, 0, 0, 0, 0, 0, 0, 0, 0, 0, 1]}, 0.005688282138794084]}, "rate-10": {"ANB": [{"max": 0.16889220223293883, "min": 0.0, "sm": 0.008042485820616134, "value": [427, 82, 30, 16, 6, 8, 5, 3, 2, 1, 2, 0, 1, 0, 0, 0, 1, 0, 1, 0, 1, 1]}, 0.008732398887697711], "ACC": [{"max": 0.24746621621621623, "min": 0.08939740655987796, "sm": 0.007527086174111346, "value": [4, 5, 6, 7, 16, 20, 35, 34, 58, 77, 54, 62, 60, 63, 41, 20, 11, 8, 3, 2, 0, 1]}, 0.16817311585042377], "LCC": [{"max": 1.0, "min": 0, "sm": 0.047619047619047616, "value": [565, 6, 1, 3, 0, 0, 0, 6, 0, 0, 0, 0, 0, 0, 0, 0, 0, 0, 0, 0, 0, 6]}, 0.015463175708638548]}, "rate-15": {"ANB": [{"max": 0.10281270068536318, "min": 0.0, "sm": 0.004895842889779199, "value": [686, 99, 31, 10, 16, 10, 7, 2, 2, 4, 2, 1, 3, 1, 3, 2, 0, 0, 0, 0, 1, 1]}, 0.00470169887756946], "ACC": [{"max": 0.2794537948555097, "min": 0.10942551604078588, "sm": 0.008096584705463039, "value": [1, 14, 6, 14, 18, 31, 32, 43, 75, 75, 76, 83, 146, 105, 58, 42, 26, 11, 8, 11, 5, 1]}, 0.1995760303554331], "LCC": [{"max": 1.0, "min": 0, "sm": 0.047619047619047616, "value": [820, 11, 13, 14, 0, 0, 0, 9, 0, 0, 0, 0, 0, 0, 1, 0, 0, 0, 0, 0, 0, 13]}, 0.02474881463742492]}, "rate-20": {"ANB": [{"max": 0.12241175459576822, "min": 0.0, "sm": 0.005829131171227058, "value": [1031, 72, 28, 18, 5, 3, 6, 2, 1, 1, 1, 1, 0, 2, 0, 2, 1, 0, 0, 0, 0, 1]}, 0.0031754257174726195], "ACC": [{"max": 0.31157112526539277, "min": 0.12425910245554615, "sm": 0.008919620133802219, "value": [2, 6, 14, 18, 24, 46, 76, 125, 101, 124, 115, 180, 138, 75, 53, 28, 19, 16, 6, 6, 2, 1]}, 0.2158187012606258], "LCC": [{"max": 1.0, "min": 0, "sm": 0.047619047619047616, "value": [1058, 25, 21, 25, 1, 0, 0, 11, 0, 0, 0, 0, 0, 0, 1, 0, 0, 0, 0, 0, 0, 33]}, 0.03990143320431063]}, "rate-25": {"ANB": [{"max": 0.11921763398340617, "min": 0.0, "sm": 0.005677030189686008, "value": [1336, 66, 23, 14, 8, 7, 1, 2, 3, 0, 0, 2, 1, 0, 0, 3, 1, 0, 0, 0, 0, 1]}, 0.0023906600018740645], "ACC": [{"max": 0.32687165775401067, "min": 0.12773182411841533, "sm": 0.009482849220742636, "value": [1, 3, 9, 16, 36, 57, 77, 143, 150, 164, 141, 238, 199, 82, 64, 32, 18, 17, 10, 6, 4, 1]}, 0.22593770672391353], "LCC": [{"max": 1.0, "min": 0, "sm": 0.047619047619047616, "value": [1333, 38, 20, 21, 8, 2, 2, 11, 0, 0, 1, 0, 0, 0, 1, 0, 0, 0, 0, 0, 0, 31]}, 0.03279999113796675]}, "rate-30": {"ANB": [{"max": 0.1162006314899457, "min": 0.0, "sm": 0.005533363404283128, "value": [1643, 54, 23, 13, 10, 2, 3, 2, 6, 0, 0, 1, 1, 0, 1, 0, 2, 0, 0, 0, 0, 1]}, 0.0019028489994433928], "ACC": [{"max": 0.3409486931268151, "min": 0.13132970393019613, "sm": 0.009981856628410427, "value": [1, 9, 8, 29, 32, 66, 95, 142, 172, 200, 240, 315, 193, 105, 64, 39, 21, 14, 10, 5, 1, 1]}, 0.23395091617981678], "LCC": [{"max": 1.0, "min": 0, "sm": 0.047619047619047616, "value": [1546, 53, 33, 30, 7, 1, 1, 29, 2, 0, 1, 0, 1, 0, 3, 0, 1, 2, 0, 0, 0, 52]}, 0.04780539284513138]}, "rate-35": {"ANB": [{"max": 0.11563726136718604, "min": 0.0, "sm": 0.005506536255580287, "value": [1933, 63, 29, 9, 6, 2, 2, 2, 1, 1, 3, 0, 1, 1, 0, 0, 2, 0, 0, 0, 0, 1]}, 0.0015043057348031132], "ACC": [{"max": 0.3665715305030325, "min": 0.14490198843604568, "sm": 0.010555692479380324, "value": [9, 11, 11, 22, 76, 88, 132, 153, 253, 267, 329, 276, 170, 94, 70, 47, 27, 6, 7, 6, 1, 1]}, 0.2488108634477266], "LCC": [{"max": 1.0, "min": 0, "sm": 0.047619047619047616, "value": [1692, 105, 71, 44, 15, 3, 3, 43, 0, 0, 1, 0, 0, 0, 6, 0, 0, 0, 0, 0, 0, 73]}, 0.059205791313373134]}, "rate-40": {"ANB": [{"max": 0.1119529698589119, "min": 0.0, "sm": 0.005331093802805329, "value": [2234, 66, 16, 8, 8, 4, 2, 2, 1, 1, 3, 0, 1, 1, 1, 0, 1, 0, 0, 0, 0, 1]}, 0.0012632640698215705], "ACC": [{"max": 0.3840117704757234, "min": 0.14287452101453682, "sm": 0.011482726164818408, "value": [12, 1, 11, 31, 34, 95, 158, 203, 254, 367, 436, 303, 175, 95, 79, 44, 27, 11, 8, 5, 0, 1]}, 0.2564019619079679], "LCC": [{"max": 1.0, "min": 0, "sm": 0.047619047619047616, "value": [1867, 118, 78, 95, 19, 6, 4, 64, 0, 0, 4, 0, 0, 0, 7, 0, 0, 0, 0, 0, 0, 88]}, 0.06763408934180046]}}