{"rate-5": {"ANB": [{"max": 0.42453440794953357, "min": 0.0, "sm": 0.020215924188073026, "value": [204, 41, 23, 9, 7, 2, 3, 1, 0, 1, 0, 0, 0, 0, 0, 0, 0, 1, 0, 0, 0, 1]}, 0.021629128503121434], "ACC": [{"max": 0.22021116138763197, "min": 0.07247455944403078, "sm": 0.007035076283028628, "value": [11, 5, 4, 5, 5, 8, 10, 29, 31, 31, 29, 27, 32, 21, 10, 23, 7, 2, 2, 0, 0, 1]}, 0.1434418512938629], "LCC": [{"max": 1.0, "min": 0, "sm": 0.047619047619047616, "value": [267, 4, 2, 3, 1, 0, 0, 2, 0, 0, 0, 0, 0, 0, 1, 0, 0, 0, 0, 0, 0, 13]}, 0.053155130467866234]}, "rate-10": {"ANB": [{"max": 0.3378760974727017, "min": 0.0, "sm": 0.016089337974890556, "value": [504, 55, 14, 4, 3, 3, 1, 1, 1, 0, 0, 0, 0, 0, 0, 0, 0, 0, 0, 0, 0, 1]}, 0.008559839669607036], "ACC": [{"max": 0.26636363636363636, "min": 0.09192156862745098, "sm": 0.008306765130294541, "value": [5, 8, 5, 17, 19, 30, 47, 60, 61, 60, 68, 64, 41, 26, 46, 22, 4, 2, 1, 0, 0, 1]}, 0.1716867392510778], "LCC": [{"max": 1.0, "min": 0, "sm": 0.047619047619047616, "value": [570, 2, 0, 3, 0, 0, 0, 3, 0, 0, 0, 0, 0, 0, 0, 0, 0, 0, 0, 0, 0, 9]}, 0.018236361630980896]}, "rate-15": {"ANB": [{"max": 0.13788311225108185, "min": 0.0, "sm": 0.006565862488146755, "value": [732, 74, 32, 14, 8, 2, 2, 3, 5, 1, 2, 3, 1, 0, 0, 0, 0, 0, 1, 0, 0, 1]}, 0.0047321154269897745], "ACC": [{"max": 0.2874877491016008, "min": 0.12106204429770258, "sm": 0.007925033562090391, "value": [9, 7, 15, 22, 41, 45, 58, 75, 66, 108, 107, 95, 85, 56, 38, 28, 11, 6, 5, 1, 2, 1]}, 0.19811864683111716], "LCC": [{"max": 1.0, "min": 0, "sm": 0.047619047619047616, "value": [829, 17, 6, 10, 0, 0, 0, 13, 0, 0, 0, 0, 0, 0, 0, 0, 0, 0, 0, 0, 0, 6]}, 0.01629878897735525]}, "rate-20": {"ANB": [{"max": 0.1200940925705582, "min": 0.0, "sm": 0.005718766312883723, "value": [1040, 71, 25, 12, 7, 2, 2, 0, 4, 2, 2, 1, 2, 0, 0, 2, 1, 1, 0, 0, 0, 1]}, 0.003132687802572264], "ACC": [{"max": 0.31610123855681205, "min": 0.10849274558728399, "sm": 0.009886118712834669, "value": [1, 3, 7, 12, 15, 44, 41, 67, 95, 115, 120, 115, 206, 144, 87, 44, 30, 12, 6, 5, 5, 1]}, 0.2188689754781531], "LCC": [{"max": 1.0, "min": 0, "sm": 0.047619047619047616, "value": [1068, 32, 12, 23, 5, 0, 2, 10, 1, 0, 1, 0, 0, 0, 1, 0, 0, 0, 0, 0, 0, 20]}, 0.029519781587466157]}, "rate-25": {"ANB": [{"max": 0.1471747656930334, "min": 0.0, "sm": 0.007008322175858733, "value": [1372, 53, 14, 10, 4, 2, 0, 4, 3, 1, 1, 0, 1, 0, 2, 0, 0, 0, 0, 0, 0, 1]}, 0.0023141020856225878], "ACC": [{"max": 0.33257764679211066, "min": 0.1289103690685413, "sm": 0.009698441796360445, "value": [4, 6, 13, 14, 35, 52, 64, 115, 119, 152, 169, 171, 260, 124, 73, 46, 22, 11, 8, 3, 6, 1]}, 0.2320510272665038], "LCC": [{"max": 1.0, "min": 0, "sm": 0.047619047619047616, "value": [1289, 48, 31, 22, 6, 2, 0, 11, 0, 0, 1, 0, 0, 0, 2, 0, 0, 0, 0, 0, 0, 56]}, 0.05103131485165677]}, "rate-30": {"ANB": [{"max": 0.11163829376838691, "min": 0.0, "sm": 0.005316109227066043, "value": [1632, 65, 24, 9, 9, 8, 1, 0, 6, 1, 1, 0, 0, 3, 1, 0, 0, 1, 0, 0, 0, 1]}, 0.001899014221441402], "ACC": [{"max": 0.34441619401525525, "min": 0.11784782172254567, "sm": 0.010788970109176647, "value": [1, 3, 12, 17, 23, 37, 71, 118, 157, 152, 260, 346, 223, 154, 76, 44, 32, 17, 11, 7, 0, 1]}, 0.23478598759717487], "LCC": [{"max": 1.0, "min": 0, "sm": 0.047619047619047616, "value": [1529, 59, 34, 37, 7, 1, 1, 32, 0, 0, 1, 0, 0, 0, 1, 0, 0, 0, 0, 0, 0, 60]}, 0.05097716680609542]}, "rate-35": {"ANB": [{"max": 0.13712021869209845, "min": 0.0, "sm": 0.00652953422343326, "value": [1954, 55, 15, 10, 5, 3, 5, 1, 3, 1, 0, 0, 3, 0, 0, 0, 0, 0, 0, 0, 0, 1]}, 0.0015188666270847882], "ACC": [{"max": 0.35920293654955426, "min": 0.14774606369976273, "sm": 0.010069374897609121, "value": [4, 14, 22, 34, 68, 116, 125, 145, 232, 216, 302, 338, 168, 103, 68, 41, 22, 13, 14, 6, 4, 1]}, 0.24703691664594687], "LCC": [{"max": 1.0, "min": 0, "sm": 0.047619047619047616, "value": [1701, 79, 59, 56, 20, 8, 3, 50, 1, 0, 0, 0, 0, 0, 5, 0, 0, 0, 0, 0, 0, 74]}, 0.06120019567171372]}, "rate-40": {"ANB": [{"max": 0.12229581001877461, "min": 0.0, "sm": 0.0058236100008940295, "value": [2243, 59, 17, 7, 6, 7, 4, 0, 0, 1, 0, 1, 2, 1, 0, 1, 0, 0, 0, 0, 0, 1]}, 0.0012877188468618191], "ACC": [{"max": 0.365205223880597, "min": 0.1302323002716638, "sm": 0.011189186838520628, "value": [3, 2, 7, 6, 31, 55, 99, 187, 178, 239, 292, 442, 321, 208, 104, 68, 49, 27, 21, 6, 4, 1]}, 0.2528654083698378], "LCC": [{"max": 1.0, "min": 0, "sm": 0.047619047619047616, "value": [1862, 136, 80, 77, 22, 5, 8, 66, 1, 0, 3, 0, 0, 0, 9, 0, 0, 0, 0, 0, 0, 81]}, 0.06523803432297585]}}