{"rate-5": {"ANB": [{"max": 0.0011062467636397872, "min": 0.0, "sm": 5.2678417316180344e-05, "value": [287, 1, 0, 0, 2, 0, 0, 0, 1, 0, 1, 0, 0, 0, 0, 0, 0, 0, 0, 0, 0, 1]}, 8.997141640233547e-06], "ACC": [{"max": 0.023021308980213092, "min": 0.0, "sm": 0.0010962528085815759, "value": [259, 0, 0, 18, 0, 3, 0, 0, 1, 1, 2, 0, 0, 6, 1, 0, 0, 1, 0, 0, 0, 1]}, 0.0009219388778060751], "LCC": [{"max": 1.0, "min": 0, "sm": 0.047619047619047616, "value": [290, 1, 0, 0, 0, 0, 0, 0, 0, 0, 0, 0, 0, 0, 0, 0, 0, 0, 0, 0, 0, 2]}, 0.006988460913375589]}, "rate-10": {"ANB": [{"max": 0.015635380715016682, "min": 0.0, "sm": 0.0007445419388103182, "value": [536, 18, 9, 6, 2, 3, 1, 3, 0, 0, 0, 1, 2, 0, 1, 2, 0, 1, 0, 0, 1, 1]}, 0.0003408944027929906], "ACC": [{"max": 0.08234616786507175, "min": 0.0, "sm": 0.00392124608881294, "value": [436, 8, 1, 0, 0, 0, 0, 0, 1, 9, 5, 11, 14, 24, 26, 22, 7, 12, 5, 4, 1, 1]}, 0.013800867077948418], "LCC": [{"max": 1.0, "min": 0, "sm": 0.047619047619047616, "value": [556, 5, 5, 2, 1, 1, 1, 7, 0, 0, 1, 0, 0, 0, 2, 0, 0, 0, 0, 0, 0, 6]}, 0.020796994680703104]}, "rate-15": {"ANB": [{"max": 0.02479752588081212, "min": 0.0, "sm": 0.0011808345657529581, "value": [838, 17, 8, 8, 3, 2, 2, 0, 0, 0, 2, 0, 0, 0, 0, 0, 0, 0, 0, 0, 0, 1]}, 0.00023765937432535647], "ACC": [{"max": 0.09823209975864844, "min": 0.0, "sm": 0.004677719036126116, "value": [659, 0, 0, 0, 0, 0, 0, 0, 6, 17, 25, 33, 38, 39, 20, 26, 8, 6, 2, 1, 0, 1]}, 0.015298543984394807], "LCC": [{"max": 1.0, "min": 0, "sm": 0.047619047619047616, "value": [836, 6, 10, 4, 4, 1, 0, 10, 0, 0, 0, 0, 0, 0, 2, 0, 0, 0, 0, 0, 0, 8]}, 0.018368888498880114]}, "rate-20": {"ANB": [{"max": 0.014481305468733111, "min": 0.0, "sm": 0.0006895859747015768, "value": [1101, 29, 10, 11, 4, 1, 3, 5, 3, 1, 1, 0, 2, 2, 0, 0, 0, 0, 1, 0, 0, 1]}, 0.00020799522351857202], "ACC": [{"max": 0.08216611797958993, "min": 0.0, "sm": 0.003912672284742378, "value": [856, 17, 1, 0, 0, 0, 0, 0, 2, 6, 20, 28, 40, 34, 70, 44, 21, 13, 12, 6, 4, 1]}, 0.014420534874097739], "LCC": [{"max": 1.0, "min": 0, "sm": 0.047619047619047616, "value": [1123, 15, 7, 6, 3, 0, 1, 9, 0, 3, 1, 0, 2, 0, 0, 0, 0, 0, 0, 0, 0, 5]}, 0.012661024222432503]}, "rate-25": {"ANB": [{"max": 0.06555840246074529, "min": 0.0, "sm": 0.0031218286886069186, "value": [1410, 28, 10, 7, 2, 3, 1, 1, 2, 3, 0, 0, 0, 0, 0, 0, 0, 0, 0, 0, 0, 1]}, 0.0005462376378549603], "ACC": [{"max": 0.20345127527834586, "min": 0.0, "sm": 0.009688155965635516, "value": [710, 0, 0, 0, 0, 0, 0, 6, 13, 21, 40, 87, 102, 133, 140, 126, 43, 29, 7, 7, 3, 1]}, 0.06845309889697289], "LCC": [{"max": 1.0, "min": 0, "sm": 0.047619047619047616, "value": [1264, 34, 27, 25, 10, 4, 10, 40, 6, 2, 1, 1, 1, 0, 10, 0, 2, 0, 0, 0, 0, 31]}, 0.050215198759283396]}, "rate-30": {"ANB": [{"max": 0.06289567138953296, "min": 0.0, "sm": 0.002995031970930141, "value": [1704, 28, 13, 6, 2, 2, 1, 0, 0, 0, 1, 0, 0, 0, 1, 0, 1, 0, 0, 0, 2, 1]}, 0.0005203593421740296], "ACC": [{"max": 0.24382102658892676, "min": 0.0, "sm": 0.011610525075663179, "value": [761, 0, 0, 0, 0, 0, 5, 6, 22, 46, 67, 148, 189, 90, 273, 92, 33, 22, 1, 3, 3, 1]}, 0.08650118803916872], "LCC": [{"max": 1.0, "min": 0, "sm": 0.047619047619047616, "value": [1474, 28, 31, 30, 17, 12, 12, 46, 6, 3, 14, 0, 1, 1, 6, 3, 1, 0, 0, 0, 0, 77]}, 0.07506671887355795]}, "rate-35": {"ANB": [{"max": 0.059209747588488765, "min": 0.0, "sm": 0.0028195117899280364, "value": [2000, 23, 12, 1, 6, 2, 5, 2, 0, 0, 0, 0, 0, 0, 0, 0, 1, 2, 1, 0, 0, 1]}, 0.00045289786185112525], "ACC": [{"max": 0.24396686379768445, "min": 0.0, "sm": 0.011617469704651641, "value": [874, 0, 0, 0, 0, 0, 0, 5, 20, 43, 84, 166, 195, 164, 303, 115, 48, 24, 7, 5, 2, 1]}, 0.08882475771916842], "LCC": [{"max": 1.0, "min": 0, "sm": 0.047619047619047616, "value": [1714, 34, 31, 30, 20, 14, 11, 54, 10, 9, 14, 2, 9, 1, 14, 0, 1, 2, 0, 0, 0, 86]}, 0.07785019550693648]}, "rate-40": {"ANB": [{"max": 0.0705767099682855, "min": 0.0, "sm": 0.0033607957127755, "value": [2283, 40, 4, 9, 2, 2, 3, 1, 2, 1, 0, 1, 0, 0, 0, 0, 0, 1, 0, 0, 0, 1]}, 0.00045427360356307153], "ACC": [{"max": 0.24424831016412923, "min": 0.0, "sm": 0.011630871912577582, "value": [937, 0, 0, 0, 0, 0, 0, 6, 15, 35, 98, 168, 226, 351, 279, 130, 57, 26, 17, 3, 1, 1]}, 0.0935525668746293], "LCC": [{"max": 1.0, "min": 0, "sm": 0.047619047619047616, "value": [1937, 64, 45, 42, 32, 13, 8, 64, 10, 1, 17, 4, 6, 0, 17, 1, 1, 1, 0, 0, 0, 87]}, 0.07257252573796615]}}