{"rate-5": {"ANB": [{"max": 0.10822916573504732, "min": 0.0, "sm": 0.005153769796907015, "value": [221, 31, 11, 4, 7, 4, 3, 2, 2, 2, 0, 1, 0, 1, 1, 0, 1, 0, 1, 0, 0, 1]}, 0.005818339034468531], "ACC": [{"max": 0.5509433962264151, "min": 0.22021116138763197, "sm": 0.015749154039942054, "value": [2, 0, 2, 8, 19, 9, 19, 29, 25, 27, 38, 32, 13, 21, 18, 8, 5, 8, 8, 1, 1, 0]}, 0.3811270348704456], "LCC": [{"max": 1.0, "min": 0, "sm": 0.047619047619047616, "value": [66, 3, 6, 14, 21, 26, 24, 36, 16, 20, 9, 10, 5, 4, 8, 1, 1, 2, 2, 0, 0, 19]}, 0.3226035583991361]}, "rate-10": {"ANB": [{"max": 0.11599590071535182, "min": 0.0, "sm": 0.005523614319778658, "value": [506, 39, 18, 6, 5, 3, 2, 1, 1, 2, 0, 1, 1, 1, 0, 0, 0, 0, 0, 0, 0, 1]}, 0.0031940848425431973], "ACC": [{"max": 0.5185840707964602, "min": 0.20269802836388792, "sm": 0.015042192496789154, "value": [4, 3, 4, 13, 24, 21, 19, 46, 75, 76, 71, 61, 49, 40, 25, 22, 10, 12, 10, 0, 1, 1]}, 0.3569040419584544], "LCC": [{"max": 1.0, "min": 0, "sm": 0.047619047619047616, "value": [144, 9, 35, 49, 52, 53, 42, 61, 41, 17, 21, 8, 11, 2, 19, 1, 1, 2, 2, 1, 0, 16]}, 0.2595459653812232]}, "rate-15": {"ANB": [{"max": 0.1017660009160397, "min": 0.0, "sm": 0.004846000043620938, "value": [796, 44, 13, 7, 4, 5, 3, 2, 1, 1, 0, 0, 1, 2, 1, 0, 0, 0, 0, 0, 0, 1]}, 0.002177512672877466], "ACC": [{"max": 0.5092592592592593, "min": 0.18018018018018017, "sm": 0.015670432337099006, "value": [2, 2, 3, 5, 18, 29, 38, 58, 57, 120, 138, 107, 109, 55, 50, 37, 26, 9, 11, 5, 1, 1]}, 0.350646686847531], "LCC": [{"max": 1.0, "min": 0, "sm": 0.047619047619047616, "value": [203, 19, 47, 74, 82, 84, 55, 85, 46, 27, 32, 15, 16, 4, 28, 4, 5, 5, 4, 1, 0, 45]}, 0.2837253749169217]}, "rate-20": {"ANB": [{"max": 0.09640034430152675, "min": 0.0, "sm": 0.004590492585786988, "value": [1099, 34, 14, 5, 8, 3, 2, 2, 1, 0, 0, 1, 1, 1, 2, 1, 0, 0, 0, 0, 0, 1]}, 0.0016025747810766453], "ACC": [{"max": 0.5149122807017544, "min": 0.21092346388789077, "sm": 0.01447565794351732, "value": [3, 6, 10, 15, 43, 43, 75, 103, 170, 171, 152, 129, 82, 61, 44, 27, 17, 9, 9, 4, 1, 1]}, 0.35322742282876124], "LCC": [{"max": 1.0, "min": 0, "sm": 0.047619047619047616, "value": [253, 40, 87, 104, 139, 88, 67, 123, 54, 29, 31, 17, 17, 5, 47, 3, 4, 4, 4, 1, 0, 58]}, 0.2725828052012358]}, "rate-25": {"ANB": [{"max": 0.10825750737607338, "min": 0.0, "sm": 0.005155119398860637, "value": [1389, 41, 12, 7, 4, 4, 1, 0, 3, 2, 1, 2, 1, 0, 0, 0, 0, 0, 0, 0, 0, 1]}, 0.001384529431504409], "ACC": [{"max": 0.4926124916051041, "min": 0.20936206650492364, "sm": 0.013488115480960976, "value": [7, 10, 15, 42, 79, 68, 104, 138, 190, 209, 169, 159, 91, 65, 48, 29, 20, 10, 7, 6, 1, 1]}, 0.33612590863864783], "LCC": [{"max": 1.0, "min": 0, "sm": 0.047619047619047616, "value": [423, 76, 123, 118, 122, 92, 77, 135, 54, 26, 37, 8, 16, 10, 41, 0, 4, 9, 3, 1, 0, 93]}, 0.24891037727898202]}, "rate-30": {"ANB": [{"max": 0.11541246997513395, "min": 0.0, "sm": 0.005495831903577807, "value": [1684, 44, 9, 6, 7, 3, 1, 1, 0, 0, 2, 2, 2, 0, 0, 0, 0, 0, 0, 0, 0, 1]}, 0.0011740895604912974], "ACC": [{"max": 0.4908026755852843, "min": 0.1762233563494446, "sm": 0.014979967582659034, "value": [3, 2, 11, 9, 33, 61, 94, 126, 137, 277, 280, 255, 203, 100, 71, 41, 29, 10, 13, 5, 1, 1]}, 0.3320926232871447], "LCC": [{"max": 1.0, "min": 0, "sm": 0.047619047619047616, "value": [479, 73, 150, 142, 153, 105, 98, 140, 50, 37, 55, 22, 23, 9, 71, 3, 5, 16, 6, 0, 0, 125]}, 0.27007748801249715]}, "rate-35": {"ANB": [{"max": 0.1407550828104642, "min": 0.0, "sm": 0.006702622990974486, "value": [1993, 32, 11, 6, 4, 3, 1, 1, 2, 1, 1, 0, 0, 0, 0, 0, 0, 0, 0, 0, 0, 1]}, 0.001044967682156963], "ACC": [{"max": 0.48194183864915574, "min": 0.1702286282306163, "sm": 0.01484348621040664, "value": [2, 1, 8, 7, 34, 71, 148, 132, 178, 372, 306, 274, 224, 123, 70, 47, 27, 14, 13, 3, 1, 1]}, 0.3233189700853804], "LCC": [{"max": 1.0, "min": 0, "sm": 0.047619047619047616, "value": [669, 98, 153, 180, 158, 111, 87, 178, 54, 32, 51, 15, 28, 11, 59, 4, 6, 9, 6, 0, 0, 147]}, 0.24512018891225823]}, "rate-40": {"ANB": [{"max": 0.14971475202015166, "min": 0.0, "sm": 0.0071292739057215075, "value": [2295, 28, 8, 9, 0, 1, 3, 1, 2, 1, 1, 0, 0, 0, 0, 0, 0, 0, 0, 0, 0, 1]}, 0.0009040942629250157], "ACC": [{"max": 0.48413025556471556, "min": 0.20484869625882968, "sm": 0.013299121871708851, "value": [8, 9, 38, 73, 121, 106, 164, 227, 386, 381, 306, 224, 117, 71, 48, 28, 21, 7, 9, 3, 2, 1]}, 0.3252226063316294], "LCC": [{"max": 1.0, "min": 0, "sm": 0.047619047619047616, "value": [750, 127, 183, 212, 156, 123, 98, 206, 63, 29, 60, 16, 27, 11, 83, 7, 9, 14, 10, 0, 0, 166]}, 0.24856676874406997]}}