{"rate-5": {"ANB": [{"max": 0.10331214846215347, "min": 0.0, "sm": 0.004919626117245403, "value": [224, 32, 8, 8, 4, 2, 5, 0, 2, 2, 2, 0, 0, 0, 1, 0, 0, 0, 0, 2, 0, 1]}, 0.00541105771200439], "ACC": [{"max": 0.5514237946284112, "min": 0.003424657534246575, "sm": 0.026095197004484028, "value": [6, 0, 0, 0, 0, 0, 0, 0, 1, 6, 17, 10, 35, 56, 59, 38, 26, 18, 12, 7, 1, 1]}, 0.372615657035501], "LCC": [{"max": 1.0, "min": 0, "sm": 0.047619047619047616, "value": [60, 0, 3, 11, 28, 21, 16, 47, 22, 19, 8, 9, 12, 1, 11, 0, 3, 5, 0, 0, 0, 17]}, 0.33955319427664]}, "rate-10": {"ANB": [{"max": 0.1317889994547763, "min": 0.0, "sm": 0.006275666640703633, "value": [516, 34, 14, 9, 3, 2, 3, 0, 3, 0, 2, 0, 0, 0, 0, 0, 0, 0, 0, 0, 0, 1]}, 0.003086436594003846], "ACC": [{"max": 0.5191853933439486, "min": 0.0017064846416382253, "sm": 0.024641852795348113, "value": [2, 0, 0, 0, 0, 0, 0, 0, 3, 4, 17, 38, 62, 111, 112, 94, 62, 43, 21, 13, 4, 1]}, 0.36043128884373343], "LCC": [{"max": 1.0, "min": 0, "sm": 0.047619047619047616, "value": [132, 10, 27, 48, 42, 40, 54, 69, 27, 18, 26, 16, 10, 0, 16, 4, 2, 6, 2, 0, 0, 38]}, 0.30322119681417786]}, "rate-15": {"ANB": [{"max": 0.0880216021565776, "min": 0.0, "sm": 0.004191504864598934, "value": [785, 51, 11, 10, 4, 3, 6, 2, 2, 0, 2, 0, 1, 0, 1, 1, 1, 0, 0, 0, 0, 1]}, 0.0021015299958712843], "ACC": [{"max": 0.5175182087941732, "min": 0.0011363636363636363, "sm": 0.02458961167418141, "value": [4, 0, 0, 0, 0, 0, 0, 0, 5, 12, 36, 44, 86, 192, 196, 133, 90, 46, 20, 14, 2, 1]}, 0.3532235741219003], "LCC": [{"max": 1.0, "min": 0, "sm": 0.047619047619047616, "value": [201, 12, 58, 69, 87, 90, 53, 86, 31, 25, 36, 11, 17, 2, 41, 3, 5, 5, 5, 0, 0, 44]}, 0.2859669277148528]}, "rate-20": {"ANB": [{"max": 0.09726121975693867, "min": 0.0, "sm": 0.004631486655092318, "value": [1090, 41, 13, 7, 8, 3, 3, 3, 0, 1, 0, 1, 0, 3, 1, 0, 0, 0, 0, 0, 0, 1]}, 0.0016720960455439313], "ACC": [{"max": 0.4968102380145301, "min": 0.0008517887563884157, "sm": 0.023617069012292463, "value": [4, 0, 0, 0, 0, 0, 0, 0, 4, 7, 40, 85, 117, 220, 257, 219, 102, 70, 28, 16, 5, 1]}, 0.3406149674373397], "LCC": [{"max": 1.0, "min": 0, "sm": 0.047619047619047616, "value": [311, 31, 93, 99, 118, 76, 73, 114, 37, 21, 38, 17, 21, 8, 44, 1, 3, 4, 1, 0, 0, 65]}, 0.26174525574923274]}, "rate-25": {"ANB": [{"max": 0.126029840004705, "min": 0.0, "sm": 0.006001420952605, "value": [1401, 35, 10, 7, 4, 3, 0, 3, 1, 0, 2, 0, 1, 0, 0, 0, 0, 0, 0, 0, 0, 1]}, 0.001389618891245448], "ACC": [{"max": 0.4919119712111037, "min": 0.0006816632583503749, "sm": 0.023391919426321586, "value": [4, 0, 0, 0, 0, 1, 2, 3, 8, 20, 45, 86, 165, 300, 329, 269, 128, 63, 26, 15, 3, 1]}, 0.33329280426591923], "LCC": [{"max": 1.0, "min": 0, "sm": 0.047619047619047616, "value": [392, 58, 119, 118, 155, 92, 85, 131, 54, 33, 40, 15, 18, 8, 46, 1, 2, 6, 5, 1, 0, 89]}, 0.2573749262257115]}, "rate-30": {"ANB": [{"max": 0.11725726197277496, "min": 0.0, "sm": 0.005583679141560712, "value": [1691, 38, 8, 6, 7, 3, 1, 1, 0, 2, 3, 1, 0, 0, 0, 0, 0, 0, 0, 0, 0, 1]}, 0.0011713589612378547], "ACC": [{"max": 0.48732806991645394, "min": 0.0005678591709256105, "sm": 0.023179057654548967, "value": [6, 0, 0, 0, 0, 0, 2, 3, 7, 16, 46, 121, 206, 371, 419, 316, 130, 71, 28, 16, 3, 1]}, 0.328993650787609], "LCC": [{"max": 1.0, "min": 0, "sm": 0.047619047619047616, "value": [487, 84, 154, 161, 150, 110, 84, 158, 67, 22, 49, 18, 23, 8, 56, 2, 7, 9, 4, 2, 0, 107]}, 0.2521207425864145]}, "rate-35": {"ANB": [{"max": 0.12919653109681775, "min": 0.0, "sm": 0.006152215766515131, "value": [1990, 33, 10, 5, 8, 1, 3, 0, 1, 3, 1, 0, 0, 0, 0, 0, 0, 0, 0, 0, 0, 1]}, 0.0010298043687359806], "ACC": [{"max": 0.4796591727951803, "min": 0.00048661800486618007, "sm": 0.022817740704300673, "value": [8, 0, 0, 0, 0, 0, 0, 0, 7, 20, 52, 177, 243, 436, 490, 353, 149, 71, 28, 18, 3, 1]}, 0.32228765466470655], "LCC": [{"max": 1.0, "min": 0, "sm": 0.047619047619047616, "value": [638, 109, 164, 177, 147, 115, 101, 177, 44, 25, 51, 18, 30, 7, 76, 2, 3, 15, 4, 1, 0, 152]}, 0.25177808583555905]}, "rate-40": {"ANB": [{"max": 0.1323677367336171, "min": 0.0, "sm": 0.006303225558743671, "value": [2285, 36, 5, 7, 7, 2, 1, 0, 2, 2, 2, 0, 0, 0, 0, 0, 0, 0, 0, 0, 0, 1]}, 0.0009232918562057338], "ACC": [{"max": 0.47442454845117704, "min": 0.0004257130693912303, "sm": 0.022571373113418374, "value": [6, 0, 0, 0, 0, 0, 0, 2, 8, 17, 68, 227, 247, 498, 593, 403, 152, 77, 30, 17, 4, 1]}, 0.3183639941285582], "LCC": [{"max": 1.0, "min": 0, "sm": 0.047619047619047616, "value": [780, 132, 197, 199, 175, 109, 114, 185, 66, 32, 57, 14, 33, 12, 83, 3, 6, 9, 5, 1, 0, 138]}, 0.23191995673555568]}}