{"rate-5": {"ANB": [{"max": 0.0006590406251471072, "min": 0.0, "sm": 3.138288691176701e-05, "value": [261, 8, 6, 2, 4, 2, 3, 1, 0, 1, 2, 0, 0, 0, 0, 1, 0, 0, 1, 0, 0, 1]}, 1.9761578959798678e-05], "ACC": [{"max": 0.019925280199252802, "min": 0.003424657534246575, "sm": 0.0007857439364288679, "value": [154, 36, 8, 17, 22, 14, 1, 12, 9, 4, 2, 3, 2, 4, 0, 1, 1, 1, 0, 1, 0, 1]}, 0.005410081488396598], "LCC": [{"max": 0, "min": 0, "sm": 0.0, "value": [293, 0, 0, 0, 0, 0, 0, 0, 0, 0, 0, 0, 0, 0, 0, 0, 0, 0, 0, 0, 0, 0]}, 0.0]}, "rate-10": {"ANB": [{"max": 0.010548117032758672, "min": 0.0, "sm": 0.0005022912872742225, "value": [545, 10, 6, 5, 5, 2, 2, 2, 2, 0, 2, 1, 0, 1, 1, 0, 0, 1, 1, 0, 1, 0]}, 0.0002343990668961163], "ACC": [{"max": 0.040541938152859655, "min": 0.0017064846416382253, "sm": 0.0018493073100581635, "value": [296, 44, 27, 32, 28, 20, 21, 19, 30, 21, 11, 30, 3, 2, 2, 0, 0, 0, 0, 0, 0, 1]}, 0.0075144866389228295], "LCC": [{"max": 1.0, "min": 0, "sm": 0.047619047619047616, "value": [581, 1, 0, 1, 0, 0, 0, 2, 0, 0, 0, 0, 0, 0, 0, 0, 0, 0, 0, 0, 0, 2]}, 0.004940374787052812]}, "rate-15": {"ANB": [{"max": 0.07947013517561159, "min": 0.0, "sm": 0.0037842921512195996, "value": [777, 19, 23, 20, 15, 6, 2, 2, 2, 3, 3, 1, 1, 2, 2, 1, 1, 0, 0, 0, 0, 1]}, 0.0022548277614464424], "ACC": [{"max": 0.08839089467805282, "min": 0.0011363636363636363, "sm": 0.004154977668651866, "value": [425, 12, 0, 0, 0, 0, 0, 0, 7, 14, 33, 47, 55, 51, 95, 73, 36, 19, 8, 4, 1, 1]}, 0.030531978974546348], "LCC": [{"max": 0.3333333333333333, "min": 0, "sm": 0.015873015873015872, "value": [878, 0, 1, 0, 0, 0, 0, 0, 0, 0, 1, 0, 0, 0, 0, 0, 0, 0, 0, 0, 0, 1]}, 0.0006080752391762607]}, "rate-20": {"ANB": [{"max": 0.06658367153831547, "min": 0.0, "sm": 0.00317065102563407, "value": [1015, 69, 25, 15, 7, 9, 4, 9, 1, 4, 5, 4, 4, 0, 0, 0, 1, 0, 1, 1, 0, 1]}, 0.0019560695097694653], "ACC": [{"max": 0.13944142934608125, "min": 0.0008517887563884157, "sm": 0.006599506694747278, "value": [421, 15, 0, 0, 0, 0, 0, 0, 5, 34, 46, 55, 70, 94, 115, 140, 96, 42, 26, 12, 3, 1]}, 0.06055936569420515], "LCC": [{"max": 1.0, "min": 0, "sm": 0.047619047619047616, "value": [1168, 0, 2, 2, 0, 0, 0, 2, 0, 0, 0, 0, 0, 0, 0, 0, 0, 0, 0, 0, 0, 1]}, 0.001937790494413693]}, "rate-25": {"ANB": [{"max": 0.09079237116143161, "min": 0.0, "sm": 0.004323446245782458, "value": [1315, 64, 39, 14, 7, 4, 7, 4, 3, 2, 3, 1, 1, 2, 0, 0, 1, 0, 0, 0, 0, 1]}, 0.0019080057688246953], "ACC": [{"max": 0.18633513581904787, "min": 0.0006816632583503749, "sm": 0.008840641550509405, "value": [387, 0, 0, 0, 0, 0, 0, 1, 9, 30, 81, 123, 145, 192, 182, 166, 90, 34, 16, 10, 1, 1]}, 0.09055928865680256], "LCC": [{"max": 1.0, "min": 0, "sm": 0.047619047619047616, "value": [1452, 1, 1, 5, 1, 0, 0, 6, 0, 0, 0, 0, 0, 0, 1, 0, 0, 0, 0, 0, 0, 1]}, 0.00348529060205776]}, "rate-30": {"ANB": [{"max": 0.0917117479510412, "min": 0.0, "sm": 0.004367226092906724, "value": [1607, 75, 32, 14, 9, 5, 5, 2, 3, 1, 2, 1, 1, 1, 1, 1, 0, 1, 0, 0, 1, 1]}, 0.0017131092072463997], "ACC": [{"max": 0.22266541087111816, "min": 0.0005675368898978433, "sm": 0.010576089237200968, "value": [329, 0, 0, 0, 0, 0, 0, 0, 2, 19, 77, 132, 216, 257, 196, 334, 117, 53, 19, 8, 3, 1]}, 0.12164280827564673], "LCC": [{"max": 1.0, "min": 0, "sm": 0.047619047619047616, "value": [1729, 5, 7, 9, 1, 0, 0, 5, 0, 0, 0, 0, 0, 0, 0, 0, 0, 0, 0, 0, 0, 7]}, 0.00667592848577373]}, "rate-35": {"ANB": [{"max": 0.07225330856006928, "min": 0.0, "sm": 0.0034406337409556803, "value": [1856, 91, 40, 26, 11, 7, 4, 6, 4, 0, 1, 0, 0, 2, 2, 2, 0, 0, 1, 1, 1, 1]}, 0.0014517856274189338], "ACC": [{"max": 0.23450956296263017, "min": 0.00048661800486618007, "sm": 0.011143949759893523, "value": [353, 0, 0, 0, 0, 0, 1, 4, 9, 22, 81, 123, 206, 288, 400, 298, 150, 75, 32, 8, 5, 1]}, 0.13125043855780952], "LCC": [{"max": 1.0, "min": 0, "sm": 0.047619047619047616, "value": [2002, 15, 9, 8, 1, 0, 0, 9, 0, 0, 0, 0, 0, 0, 0, 0, 0, 0, 0, 0, 0, 12]}, 0.009396267158684662]}, "rate-40": {"ANB": [{"max": 0.08029615412290472, "min": 0.0, "sm": 0.0038236263868049866, "value": [2191, 73, 28, 20, 9, 6, 7, 2, 1, 2, 1, 1, 3, 0, 1, 2, 0, 1, 0, 0, 1, 1]}, 0.0012565196909615375], "ACC": [{"max": 0.2674487464732835, "min": 0.0004257130693912303, "sm": 0.012715382543042488, "value": [329, 0, 0, 0, 0, 0, 0, 4, 13, 50, 98, 180, 344, 319, 463, 342, 127, 41, 28, 10, 1, 1]}, 0.15146789365933502], "LCC": [{"max": 1.0, "min": 0, "sm": 0.047619047619047616, "value": [2248, 29, 17, 13, 3, 1, 1, 16, 0, 0, 0, 0, 0, 0, 3, 0, 0, 0, 0, 0, 0, 19]}, 0.014762740721235948]}}