{"rate-5": {"ANB": [{"max": 0.00413764084342419, "min": 0.0, "sm": 0.00019703051635353285, "value": [287, 0, 2, 0, 2, 0, 1, 1, 0, 0, 0, 0, 0, 0, 0, 0, 0, 0, 0, 0, 0, 1]}, 3.411060997403777e-05], "ACC": [{"max": 0.04426821923308573, "min": 0.0, "sm": 0.002108010439670749, "value": [251, 6, 9, 5, 1, 0, 0, 0, 0, 4, 4, 2, 1, 7, 1, 1, 1, 0, 0, 0, 0, 1]}, 0.0023830248216195715], "LCC": [{"max": 0, "min": 0, "sm": 0.0, "value": [294, 0, 0, 0, 0, 0, 0, 0, 0, 0, 0, 0, 0, 0, 0, 0, 0, 0, 0, 0, 0, 0]}, 0.0]}, "rate-10": {"ANB": [{"max": 0.012167400232182686, "min": 0.0, "sm": 0.0005794000110563184, "value": [556, 10, 4, 4, 2, 3, 1, 3, 1, 1, 0, 2, 0, 0, 0, 0, 0, 0, 0, 0, 0, 1]}, 0.00016279921623805896], "ACC": [{"max": 0.0630066535951914, "min": 0.0, "sm": 0.0030003168378662575, "value": [485, 3, 0, 0, 0, 0, 0, 0, 1, 4, 11, 13, 20, 16, 12, 10, 4, 3, 5, 0, 0, 1]}, 0.006999792496852517], "LCC": [{"max": 1.0, "min": 0, "sm": 0.047619047619047616, "value": [572, 2, 5, 2, 0, 0, 0, 1, 0, 0, 0, 0, 0, 0, 0, 0, 0, 0, 0, 0, 0, 6]}, 0.012554858218123521]}, "rate-15": {"ANB": [{"max": 0.04626681833443449, "min": 0.0, "sm": 0.0022031818254492613, "value": [836, 20, 12, 4, 0, 3, 3, 1, 0, 0, 1, 0, 0, 0, 0, 0, 0, 0, 0, 1, 0, 1]}, 0.0004816605209827199], "ACC": [{"max": 0.13355896722094723, "min": 0.0, "sm": 0.006359950820045106, "value": [570, 0, 0, 0, 0, 0, 0, 6, 5, 15, 33, 62, 40, 33, 24, 63, 17, 7, 4, 0, 2, 1]}, 0.02951665084497496], "LCC": [{"max": 1.0, "min": 0, "sm": 0.047619047619047616, "value": [814, 13, 5, 7, 6, 1, 1, 9, 1, 0, 2, 0, 1, 0, 2, 0, 1, 0, 0, 0, 0, 19]}, 0.034793415793757075]}, "rate-20": {"ANB": [{"max": 0.026297687402553713, "min": 0.0, "sm": 0.0012522708286930339, "value": [1107, 25, 14, 9, 8, 3, 1, 1, 1, 2, 0, 1, 0, 1, 0, 1, 0, 1, 0, 0, 0, 1]}, 0.0003334477435180095], "ACC": [{"max": 0.11411188784548276, "min": 0.0, "sm": 0.005433899421213465, "value": [788, 0, 0, 0, 0, 0, 0, 2, 4, 14, 35, 39, 78, 30, 79, 61, 21, 7, 12, 4, 1, 1]}, 0.0243926925601468], "LCC": [{"max": 1.0, "min": 0, "sm": 0.047619047619047616, "value": [1110, 13, 8, 5, 3, 3, 0, 7, 1, 0, 3, 0, 1, 0, 1, 0, 0, 0, 0, 0, 0, 21]}, 0.026238682593923618]}, "rate-25": {"ANB": [{"max": 0.04046726571115447, "min": 0.0, "sm": 0.0019270126529121177, "value": [1398, 32, 14, 10, 4, 4, 3, 3, 0, 0, 0, 0, 0, 0, 0, 0, 0, 1, 0, 0, 0, 1]}, 0.0004020519291087023], "ACC": [{"max": 0.14505580844348487, "min": 0.0, "sm": 0.006907419449689756, "value": [873, 0, 0, 0, 0, 0, 2, 6, 17, 18, 62, 61, 92, 117, 91, 70, 31, 18, 9, 2, 0, 1]}, 0.03716799632741124], "LCC": [{"max": 1.0, "min": 0, "sm": 0.047619047619047616, "value": [1349, 28, 20, 15, 8, 2, 1, 15, 0, 0, 1, 0, 0, 1, 6, 1, 0, 0, 1, 0, 0, 22]}, 0.029384984601502677]}, "rate-30": {"ANB": [{"max": 0.0658390711918151, "min": 0.0, "sm": 0.0031351938662769097, "value": [1701, 30, 13, 9, 1, 2, 0, 1, 2, 1, 2, 0, 1, 0, 0, 0, 0, 0, 0, 0, 0, 1]}, 0.0005148566354483609], "ACC": [{"max": 0.20958288856216392, "min": 0.0, "sm": 0.009980137550579235, "value": [817, 0, 0, 0, 0, 0, 0, 4, 15, 31, 82, 117, 178, 137, 164, 134, 54, 18, 6, 5, 1, 1]}, 0.071330255125139], "LCC": [{"max": 1.0, "min": 0, "sm": 0.047619047619047616, "value": [1490, 41, 29, 33, 15, 10, 7, 40, 4, 2, 10, 3, 2, 3, 18, 3, 1, 1, 0, 0, 0, 52]}, 0.06434359864229218]}, "rate-35": {"ANB": [{"max": 0.1393656079552067, "min": 0.0, "sm": 0.006636457521676509, "value": [2029, 15, 3, 4, 4, 0, 1, 0, 1, 0, 0, 0, 0, 0, 0, 0, 0, 0, 0, 0, 0, 1]}, 0.0005107121887155445], "ACC": [{"max": 0.27737890977897034, "min": 0.0, "sm": 0.013208519513284302, "value": [772, 0, 0, 0, 0, 0, 0, 2, 14, 74, 92, 197, 221, 226, 302, 103, 34, 11, 5, 3, 1, 1]}, 0.10818791119019053], "LCC": [{"max": 1.0, "min": 0, "sm": 0.047619047619047616, "value": [1686, 44, 39, 37, 30, 19, 12, 71, 8, 5, 8, 1, 2, 0, 23, 0, 0, 1, 0, 0, 0, 72]}, 0.0738635160909876]}, "rate-40": {"ANB": [{"max": 0.07244969594435773, "min": 0.0, "sm": 0.0034499855211598917, "value": [2292, 27, 13, 5, 4, 3, 0, 2, 1, 1, 0, 0, 1, 1, 0, 0, 0, 1, 0, 0, 0, 1]}, 0.00047232128504858504], "ACC": [{"max": 0.2663315644832613, "min": 0.0, "sm": 0.012682455451583871, "value": [893, 0, 0, 0, 0, 0, 1, 8, 28, 74, 121, 229, 278, 333, 200, 109, 50, 15, 8, 3, 1, 1]}, 0.10148582460547642], "LCC": [{"max": 1.0, "min": 0, "sm": 0.047619047619047616, "value": [1868, 46, 52, 74, 30, 17, 16, 60, 11, 6, 17, 10, 3, 0, 22, 0, 0, 5, 0, 0, 0, 115]}, 0.09090705435420206]}}