{"rate-5": {"ANB": [{"max": 0.0052252506708092075, "min": 0.0, "sm": 0.00024882146051472415, "value": [284, 0, 4, 0, 0, 0, 0, 1, 0, 2, 0, 0, 0, 0, 1, 0, 0, 0, 0, 0, 0, 1]}, 6.257833337269583e-05], "ACC": [{"max": 0.06000285388127853, "min": 0.0, "sm": 0.002857278756251359, "value": [236, 20, 6, 1, 0, 0, 0, 0, 1, 2, 2, 8, 4, 4, 3, 2, 1, 1, 1, 0, 0, 1]}, 0.004232443478535914], "LCC": [{"max": 1.0, "min": 0, "sm": 0.047619047619047616, "value": [282, 0, 2, 1, 2, 0, 0, 2, 0, 0, 0, 0, 0, 0, 0, 0, 0, 0, 0, 0, 0, 4]}, 0.01864870055996336]}, "rate-10": {"ANB": [{"max": 0.01795396938304089, "min": 0.0, "sm": 0.0008549509230019472, "value": [558, 7, 7, 4, 2, 1, 0, 1, 1, 1, 0, 2, 0, 0, 0, 1, 0, 0, 0, 1, 0, 1]}, 0.00025575776748803245], "ACC": [{"max": 0.09367675480077306, "min": 0.0, "sm": 0.00446079784765586, "value": [450, 1, 0, 0, 0, 0, 0, 0, 1, 5, 4, 26, 12, 12, 39, 18, 9, 3, 1, 3, 2, 1]}, 0.014558616685208931], "LCC": [{"max": 1.0, "min": 0, "sm": 0.047619047619047616, "value": [563, 2, 5, 2, 1, 0, 0, 2, 1, 0, 2, 0, 1, 0, 2, 0, 0, 0, 0, 0, 0, 6]}, 0.019396018574292948]}, "rate-15": {"ANB": [{"max": 0.03455142836217633, "min": 0.0, "sm": 0.0016453061124845872, "value": [843, 19, 6, 4, 0, 0, 1, 1, 2, 0, 0, 0, 0, 2, 1, 1, 0, 0, 0, 0, 0, 1]}, 0.000357529457741364], "ACC": [{"max": 0.14057014671207754, "min": 0.0, "sm": 0.006693816510098931, "value": [587, 0, 0, 0, 0, 0, 2, 1, 7, 8, 24, 30, 56, 58, 59, 17, 18, 6, 4, 2, 1, 1]}, 0.03000229849248693], "LCC": [{"max": 1.0, "min": 0, "sm": 0.047619047619047616, "value": [808, 6, 6, 8, 9, 2, 2, 8, 1, 1, 2, 0, 0, 0, 6, 0, 0, 0, 0, 0, 0, 22]}, 0.04093840981918681]}, "rate-20": {"ANB": [{"max": 0.05502951990826648, "min": 0.0, "sm": 0.0026204533289650705, "value": [1123, 26, 9, 8, 2, 1, 0, 2, 1, 1, 1, 0, 0, 0, 0, 0, 0, 0, 0, 0, 0, 1]}, 0.00044787856533873836], "ACC": [{"max": 0.1723783559129459, "min": 0.0, "sm": 0.00820849313871171, "value": [681, 0, 0, 0, 0, 0, 0, 1, 6, 23, 55, 56, 77, 95, 95, 40, 23, 14, 5, 2, 1, 1]}, 0.045678886557733195], "LCC": [{"max": 1.0, "min": 0, "sm": 0.047619047619047616, "value": [1048, 23, 10, 14, 10, 2, 0, 16, 5, 0, 6, 0, 0, 0, 6, 0, 0, 0, 0, 0, 0, 35]}, 0.04870373481764203]}, "rate-25": {"ANB": [{"max": 0.046088896079069304, "min": 0.0, "sm": 0.0021947093370985383, "value": [1411, 27, 8, 6, 3, 3, 0, 1, 0, 2, 2, 0, 1, 2, 0, 0, 1, 0, 0, 0, 0, 1]}, 0.0004441304309866257], "ACC": [{"max": 0.1971394560937643, "min": 0.0, "sm": 0.009387593147322109, "value": [771, 0, 0, 0, 0, 0, 0, 2, 3, 37, 37, 94, 113, 186, 107, 63, 28, 14, 4, 8, 0, 1]}, 0.059277076875070556], "LCC": [{"max": 1.0, "min": 0, "sm": 0.047619047619047616, "value": [1295, 24, 16, 18, 17, 8, 10, 22, 3, 1, 4, 0, 0, 0, 13, 0, 0, 0, 0, 0, 0, 37]}, 0.04910185394829327]}, "rate-30": {"ANB": [{"max": 0.07329654613136069, "min": 0.0, "sm": 0.0034903117205409852, "value": [1704, 31, 11, 11, 2, 0, 1, 0, 0, 0, 0, 1, 0, 0, 0, 0, 0, 0, 0, 0, 0, 1]}, 0.0004587348149236735], "ACC": [{"max": 0.19276385910259616, "min": 0.0, "sm": 0.009179231385837913, "value": [898, 0, 0, 0, 0, 0, 4, 6, 35, 52, 77, 136, 209, 120, 88, 85, 34, 13, 2, 2, 0, 1]}, 0.05687433790834562], "LCC": [{"max": 1.0, "min": 0, "sm": 0.047619047619047616, "value": [1561, 33, 31, 19, 6, 7, 14, 34, 4, 0, 3, 2, 2, 0, 7, 0, 0, 0, 0, 0, 0, 39]}, 0.04373171526300514]}, "rate-35": {"ANB": [{"max": 0.14516384110901331, "min": 0.0, "sm": 0.006912563862333967, "value": [2019, 19, 9, 1, 4, 0, 1, 0, 1, 1, 0, 0, 0, 0, 0, 0, 0, 0, 0, 0, 0, 1]}, 0.0006507911319810323], "ACC": [{"max": 0.29375478082742346, "min": 0.0, "sm": 0.013988322896543974, "value": [627, 0, 0, 0, 0, 0, 0, 4, 14, 45, 70, 190, 230, 308, 321, 144, 55, 26, 15, 6, 0, 1]}, 0.13105285785552354], "LCC": [{"max": 1.0, "min": 0, "sm": 0.047619047619047616, "value": [1612, 53, 49, 42, 23, 22, 17, 66, 13, 3, 15, 3, 5, 2, 27, 0, 0, 3, 3, 0, 0, 98]}, 0.09505654972756543]}, "rate-40": {"ANB": [{"max": 0.07119765943286736, "min": 0.0, "sm": 0.003390364734898446, "value": [2284, 40, 9, 4, 3, 0, 2, 2, 0, 2, 1, 0, 0, 0, 0, 1, 0, 0, 0, 1, 0, 1]}, 0.0004703508337682046], "ACC": [{"max": 0.2480754835342833, "min": 0.0, "sm": 0.0118131182635373, "value": [898, 0, 0, 0, 0, 0, 0, 3, 12, 40, 75, 150, 236, 266, 323, 187, 98, 41, 10, 6, 4, 1]}, 0.1003044525012034], "LCC": [{"max": 1.0, "min": 0, "sm": 0.047619047619047616, "value": [1898, 60, 76, 55, 22, 13, 16, 54, 7, 3, 7, 4, 2, 3, 27, 0, 1, 3, 1, 0, 0, 98]}, 0.07927916054078815]}}