{"rate-5": {"ANB": [{"max": 0.0740410992886898, "min": 0.0, "sm": 0.003525766632794752, "value": [214, 33, 14, 5, 8, 5, 1, 2, 2, 1, 0, 1, 0, 1, 1, 0, 2, 0, 0, 0, 0, 1]}, 0.004259839901331394], "ACC": [{"max": 0.6157112526539278, "min": 0.28913260219341974, "sm": 0.01555136430764324, "value": [3, 0, 0, 3, 10, 9, 17, 25, 31, 29, 28, 27, 29, 31, 20, 7, 11, 4, 5, 1, 0, 1]}, 0.455151775306452], "LCC": [{"max": 1.0, "min": 0, "sm": 0.047619047619047616, "value": [22, 1, 3, 11, 33, 34, 46, 52, 27, 23, 14, 6, 3, 2, 6, 1, 3, 1, 2, 0, 0, 1]}, 0.32846232785195917]}, "rate-10": {"ANB": [{"max": 0.09718360819188769, "min": 0.0, "sm": 0.0046277908662803666, "value": [519, 28, 17, 5, 7, 4, 1, 0, 3, 0, 0, 3, 1, 1, 0, 0, 0, 0, 0, 0, 0, 1]}, 0.0026708182625586824], "ACC": [{"max": 0.5520149953139644, "min": 0.25497835497835497, "sm": 0.014144601920743304, "value": [3, 2, 8, 12, 14, 32, 47, 61, 69, 73, 59, 49, 43, 37, 30, 19, 10, 10, 6, 4, 1, 1]}, 0.3954694514517512], "LCC": [{"max": 1.0, "min": 0, "sm": 0.047619047619047616, "value": [85, 9, 31, 59, 76, 77, 53, 63, 38, 20, 14, 5, 9, 3, 22, 1, 2, 1, 1, 0, 0, 21]}, 0.2865015161953019]}, "rate-15": {"ANB": [{"max": 0.1388332385879703, "min": 0.0, "sm": 0.0066111065994271575, "value": [822, 28, 7, 10, 0, 3, 2, 0, 3, 0, 1, 0, 0, 0, 0, 0, 0, 0, 0, 0, 0, 1]}, 0.001947721023086916], "ACC": [{"max": 0.5347985347985348, "min": 0.20207612456747404, "sm": 0.015843924296717177, "value": [1, 1, 0, 2, 6, 19, 32, 44, 116, 131, 137, 114, 80, 62, 53, 30, 23, 11, 9, 3, 2, 1]}, 0.37537349466057807], "LCC": [{"max": 1.0, "min": 0, "sm": 0.047619047619047616, "value": [162, 23, 66, 85, 116, 75, 70, 85, 37, 24, 26, 12, 8, 2, 31, 0, 3, 1, 1, 0, 0, 50]}, 0.2782557281892964]}, "rate-20": {"ANB": [{"max": 0.14678974092281805, "min": 0.0, "sm": 0.006989987662991336, "value": [1132, 24, 11, 4, 4, 2, 1, 3, 1, 1, 0, 0, 0, 0, 0, 0, 0, 0, 0, 0, 0, 1]}, 0.0015231001906128813], "ACC": [{"max": 0.5227574016791869, "min": 0.20013534088986634, "sm": 0.015362955275681933, "value": [1, 2, 0, 4, 14, 22, 53, 80, 150, 208, 187, 160, 99, 73, 59, 25, 20, 11, 10, 3, 2, 1]}, 0.36206820314293536], "LCC": [{"max": 1.0, "min": 0, "sm": 0.047619047619047616, "value": [263, 44, 90, 128, 126, 111, 57, 113, 50, 23, 33, 14, 13, 6, 36, 1, 5, 3, 2, 1, 0, 65]}, 0.2623088427355223]}, "rate-25": {"ANB": [{"max": 0.15764352190861455, "min": 0.0, "sm": 0.007506834376600693, "value": [1415, 27, 9, 6, 1, 1, 3, 3, 1, 0, 0, 0, 0, 0, 0, 0, 0, 0, 0, 0, 0, 1]}, 0.001299217434430424], "ACC": [{"max": 0.5090277777777777, "min": 0.19808134035941088, "sm": 0.014806973210398422, "value": [1, 2, 3, 9, 23, 41, 72, 106, 203, 279, 221, 189, 109, 75, 59, 26, 22, 12, 8, 4, 2, 1]}, 0.3492185315972866], "LCC": [{"max": 1.0, "min": 0, "sm": 0.047619047619047616, "value": [388, 76, 128, 155, 140, 95, 73, 146, 45, 25, 37, 11, 17, 7, 47, 1, 3, 3, 4, 0, 0, 66]}, 0.23565909225076812]}, "rate-30": {"ANB": [{"max": 0.15611828740459946, "min": 0.0, "sm": 0.007434204162123784, "value": [1696, 26, 6, 8, 2, 2, 3, 4, 0, 0, 0, 0, 0, 0, 0, 0, 0, 0, 0, 0, 0, 1]}, 0.0011252827864145656], "ACC": [{"max": 0.5, "min": 0.19697823880933588, "sm": 0.014429607675745911, "value": [1, 3, 3, 8, 35, 57, 98, 147, 245, 333, 248, 219, 131, 81, 59, 31, 20, 13, 9, 4, 2, 1]}, 0.3418355166560242], "LCC": [{"max": 1.0, "min": 0, "sm": 0.047619047619047616, "value": [502, 94, 161, 175, 140, 91, 94, 188, 53, 18, 38, 13, 20, 7, 58, 1, 4, 4, 4, 0, 0, 83]}, 0.23071998136570634]}, "rate-35": {"ANB": [{"max": 0.16029500897512597, "min": 0.0, "sm": 0.007633095665482189, "value": [2014, 26, 12, 3, 1, 3, 2, 4, 0, 0, 0, 0, 0, 0, 0, 0, 0, 0, 0, 0, 0, 1]}, 0.0009866143978808028], "ACC": [{"max": 0.4920181081725042, "min": 0.1955677620986836, "sm": 0.014116683146372409, "value": [1, 3, 9, 18, 46, 79, 127, 189, 317, 377, 294, 233, 148, 86, 58, 33, 20, 12, 10, 3, 2, 1]}, 0.33377857025758384], "LCC": [{"max": 1.0, "min": 0, "sm": 0.047619047619047616, "value": [662, 131, 183, 176, 150, 85, 93, 210, 58, 18, 42, 11, 18, 8, 71, 2, 6, 7, 4, 0, 0, 131]}, 0.2325400100160184]}, "rate-40": {"ANB": [{"max": 0.16357552107979736, "min": 0.0, "sm": 0.007789310527609399, "value": [2320, 25, 11, 4, 1, 2, 3, 4, 0, 0, 0, 0, 0, 0, 0, 0, 0, 0, 0, 0, 0, 1]}, 0.0008866971985066715], "ACC": [{"max": 0.48456348395011245, "min": 0.19461323698472655, "sm": 0.013807154617399328, "value": [1, 6, 8, 21, 77, 108, 165, 223, 357, 423, 336, 261, 156, 90, 56, 33, 23, 10, 11, 3, 2, 1]}, 0.3269158621988192], "LCC": [{"max": 1.0, "min": 0, "sm": 0.047619047619047616, "value": [851, 136, 198, 192, 164, 96, 99, 221, 62, 18, 51, 11, 23, 9, 73, 2, 4, 9, 5, 1, 0, 146]}, 0.22090030386654816]}}