{"rate-5": {"ANB": [{"max": 0.18285418389923397, "min": 0.0, "sm": 0.008707342090439713, "value": [110, 75, 34, 23, 13, 7, 3, 10, 1, 5, 4, 0, 2, 2, 0, 1, 0, 1, 0, 0, 1, 1]}, 0.02169170683649415], "ACC": [{"max": 0.18911917098445596, "min": 0.09034653465346534, "sm": 0.0047034588729043154, "value": [3, 9, 5, 7, 10, 11, 13, 21, 21, 20, 39, 21, 25, 21, 21, 22, 8, 6, 6, 1, 2, 1]}, 0.1398936177632023], "LCC": [{"max": 1.0, "min": 0, "sm": 0.047619047619047616, "value": [287, 0, 0, 2, 0, 0, 0, 2, 0, 0, 0, 0, 0, 0, 0, 0, 0, 0, 0, 0, 0, 2]}, 0.010238907849829353]}, "rate-10": {"ANB": [{"max": 0.23543965189831784, "min": 0.0, "sm": 0.011211411995157992, "value": [473, 53, 23, 18, 5, 3, 3, 2, 2, 1, 1, 1, 0, 0, 1, 0, 0, 0, 0, 0, 0, 1]}, 0.009157893225082791], "ACC": [{"max": 0.23715095103197087, "min": 0.08874753899742541, "sm": 0.007066829144502165, "value": [4, 4, 8, 10, 17, 17, 51, 49, 49, 65, 61, 62, 53, 42, 38, 21, 18, 10, 3, 2, 2, 1]}, 0.16169648506044218], "LCC": [{"max": 1.0, "min": 0, "sm": 0.047619047619047616, "value": [545, 3, 9, 7, 0, 0, 0, 6, 0, 0, 2, 0, 0, 0, 0, 0, 0, 0, 0, 0, 0, 15]}, 0.03469339649871397]}, "rate-15": {"ANB": [{"max": 0.10482555170577047, "min": 0.0, "sm": 0.004991692938370022, "value": [681, 90, 38, 22, 14, 9, 4, 6, 5, 4, 1, 3, 1, 0, 0, 0, 0, 2, 0, 0, 0, 1]}, 0.0046608578218252286], "ACC": [{"max": 0.2802547770700637, "min": 0.11557656947727869, "sm": 0.007841819409180238, "value": [5, 8, 6, 11, 25, 22, 34, 78, 85, 74, 87, 98, 124, 75, 54, 34, 20, 23, 8, 7, 2, 1]}, 0.20043962633707801], "LCC": [{"max": 1.0, "min": 0, "sm": 0.047619047619047616, "value": [826, 17, 3, 10, 2, 0, 0, 6, 0, 0, 0, 0, 0, 0, 0, 0, 0, 0, 0, 0, 0, 17]}, 0.0261482032918258]}, "rate-20": {"ANB": [{"max": 0.13879534864293785, "min": 0.0, "sm": 0.006609302316330374, "value": [1022, 80, 30, 17, 10, 4, 3, 4, 0, 1, 1, 0, 1, 1, 0, 0, 0, 0, 0, 0, 0, 1]}, 0.0033971308913071457], "ACC": [{"max": 0.30040941658137155, "min": 0.11626064567241037, "sm": 0.008768989090902913, "value": [3, 7, 18, 28, 26, 48, 83, 96, 96, 115, 170, 148, 123, 88, 47, 35, 22, 14, 6, 1, 0, 1]}, 0.2050118638294807], "LCC": [{"max": 1.0, "min": 0, "sm": 0.047619047619047616, "value": [1061, 25, 20, 16, 2, 0, 1, 14, 0, 0, 1, 0, 0, 0, 5, 0, 0, 0, 0, 0, 0, 30]}, 0.03997299833176626]}, "rate-25": {"ANB": [{"max": 0.1239000777744961, "min": 0.0, "sm": 0.005900003703547434, "value": [1348, 55, 27, 9, 12, 3, 3, 1, 2, 2, 1, 0, 1, 1, 0, 0, 1, 0, 1, 0, 0, 1]}, 0.002409457554636807], "ACC": [{"max": 0.335621139327385, "min": 0.10547886108714409, "sm": 0.01095915610667814, "value": [2, 3, 1, 7, 14, 31, 55, 92, 121, 212, 234, 181, 179, 181, 72, 46, 19, 7, 8, 1, 1, 1]}, 0.22491395384271642], "LCC": [{"max": 1.0, "min": 0, "sm": 0.047619047619047616, "value": [1300, 43, 28, 35, 10, 1, 0, 21, 0, 0, 0, 0, 0, 0, 2, 0, 0, 0, 0, 0, 0, 28]}, 0.03522499811802315]}, "rate-30": {"ANB": [{"max": 0.0988134142996704, "min": 0.0, "sm": 0.004705400680936686, "value": [1606, 80, 34, 7, 9, 6, 2, 2, 3, 0, 3, 4, 1, 1, 0, 2, 0, 0, 1, 0, 0, 1]}, 0.0019230849519311943], "ACC": [{"max": 0.3338388625592417, "min": 0.10666262870987281, "sm": 0.010817915897588995, "value": [3, 3, 4, 10, 7, 21, 42, 84, 137, 175, 184, 219, 335, 247, 128, 69, 34, 32, 15, 7, 5, 1]}, 0.23251702262103058], "LCC": [{"max": 1.0, "min": 0, "sm": 0.047619047619047616, "value": [1526, 65, 39, 34, 5, 1, 0, 34, 0, 0, 2, 0, 0, 0, 4, 0, 0, 0, 0, 0, 0, 52]}, 0.04803459206485733]}, "rate-35": {"ANB": [{"max": 0.12196639061083447, "min": 0.0, "sm": 0.005807923362420689, "value": [1939, 67, 16, 12, 4, 3, 5, 0, 2, 2, 1, 2, 0, 2, 0, 0, 0, 0, 0, 0, 0, 1]}, 0.0015200138544878173], "ACC": [{"max": 0.35303212506442194, "min": 0.14460629090141439, "sm": 0.009925039722047979, "value": [2, 8, 13, 33, 32, 70, 152, 151, 223, 210, 274, 354, 220, 112, 72, 58, 32, 15, 13, 8, 3, 1]}, 0.24648498335370053], "LCC": [{"max": 1.0, "min": 0, "sm": 0.047619047619047616, "value": [1721, 85, 62, 56, 17, 4, 4, 46, 1, 0, 2, 0, 0, 0, 4, 0, 0, 0, 0, 0, 0, 54]}, 0.050643533224360764]}, "rate-40": {"ANB": [{"max": 0.12623602278926063, "min": 0.0, "sm": 0.006011239180440982, "value": [2244, 53, 22, 7, 9, 3, 1, 2, 3, 1, 0, 2, 2, 0, 0, 0, 0, 0, 0, 0, 0, 1]}, 0.0013069596456445173], "ACC": [{"max": 0.3657169546940682, "min": 0.14976091807459357, "sm": 0.010283620791403552, "value": [9, 14, 24, 48, 50, 108, 176, 219, 275, 266, 398, 272, 192, 128, 60, 48, 29, 13, 10, 6, 4, 1]}, 0.25002446238036047], "LCC": [{"max": 1.0, "min": 0, "sm": 0.047619047619047616, "value": [1869, 134, 70, 78, 28, 7, 6, 54, 3, 0, 3, 0, 0, 0, 11, 0, 0, 0, 0, 0, 0, 87]}, 0.06677621207811461]}}