{"rate-5": {"ANB": [{"max": 0.07740568428096017, "min": 0.0, "sm": 0.003685984965760008, "value": [217, 32, 14, 6, 8, 4, 1, 1, 2, 1, 1, 0, 0, 2, 1, 1, 0, 0, 0, 0, 0, 1]}, 0.00425868480813964], "ACC": [{"max": 0.6139240506329114, "min": 0.30186721991701243, "sm": 0.014859849081709477, "value": [2, 0, 4, 7, 9, 16, 16, 28, 30, 32, 19, 34, 32, 18, 17, 9, 8, 4, 5, 1, 0, 1]}, 0.45432066432762847], "LCC": [{"max": 1.0, "min": 0, "sm": 0.047619047619047616, "value": [21, 1, 6, 14, 31, 39, 41, 51, 28, 22, 13, 7, 3, 2, 6, 1, 2, 1, 2, 0, 0, 1]}, 0.32435957455851094]}, "rate-10": {"ANB": [{"max": 0.09692024380388843, "min": 0.0, "sm": 0.004615249704947068, "value": [520, 27, 19, 4, 8, 3, 1, 0, 3, 0, 0, 3, 1, 1, 0, 0, 0, 0, 0, 0, 0, 1]}, 0.0026658108805107635], "ACC": [{"max": 0.5519176800748363, "min": 0.25507998270644183, "sm": 0.014135128446114023, "value": [3, 1, 9, 12, 14, 31, 48, 61, 70, 73, 59, 49, 43, 37, 30, 19, 10, 10, 6, 4, 1, 1]}, 0.3954748847641106], "LCC": [{"max": 1.0, "min": 0, "sm": 0.047619047619047616, "value": [84, 9, 32, 60, 76, 77, 54, 64, 35, 20, 14, 5, 9, 3, 22, 1, 2, 1, 1, 0, 0, 22]}, 0.2871397641195741]}, "rate-15": {"ANB": [{"max": 0.12953185637414555, "min": 0.0, "sm": 0.0061681836368640735, "value": [815, 26, 9, 8, 3, 1, 3, 1, 0, 3, 1, 0, 0, 0, 0, 0, 0, 0, 0, 0, 0, 1]}, 0.0019579465900892395], "ACC": [{"max": 0.5350553505535055, "min": 0.20209059233449478, "sm": 0.015855464677095747, "value": [1, 1, 0, 2, 6, 19, 32, 44, 113, 127, 138, 114, 78, 63, 55, 29, 23, 11, 8, 4, 2, 1]}, 0.37579909651325555], "LCC": [{"max": 1.0, "min": 0, "sm": 0.047619047619047616, "value": [157, 23, 66, 86, 115, 75, 70, 85, 37, 24, 26, 12, 8, 2, 31, 0, 3, 1, 1, 0, 0, 49]}, 0.27906438155091634]}, "rate-20": {"ANB": [{"max": 0.14771599344478478, "min": 0.0, "sm": 0.007034094925942132, "value": [1139, 23, 11, 4, 4, 2, 1, 2, 3, 0, 0, 0, 0, 0, 0, 0, 0, 0, 0, 0, 0, 1]}, 0.0015181106211631106], "ACC": [{"max": 0.5226373626373626, "min": 0.20013465746507322, "sm": 0.015357271674870923, "value": [1, 2, 0, 4, 14, 23, 51, 82, 153, 214, 183, 161, 99, 73, 57, 28, 19, 10, 10, 3, 2, 1]}, 0.36165477875870267], "LCC": [{"max": 1.0, "min": 0, "sm": 0.047619047619047616, "value": [270, 44, 90, 126, 128, 110, 58, 113, 50, 23, 33, 14, 13, 6, 36, 1, 5, 3, 2, 1, 0, 64]}, 0.2601425729284029]}, "rate-25": {"ANB": [{"max": 0.1529302211778184, "min": 0.0, "sm": 0.0072823914846580195, "value": [1407, 30, 7, 7, 1, 2, 4, 1, 2, 0, 0, 0, 0, 0, 0, 0, 0, 0, 0, 0, 0, 1]}, 0.0013026243628367748], "ACC": [{"max": 0.5088819226750261, "min": 0.19802114394144754, "sm": 0.014802894225408501, "value": [1, 2, 3, 9, 20, 41, 72, 110, 199, 275, 223, 184, 110, 78, 56, 31, 20, 13, 8, 4, 2, 1]}, 0.349396880778155], "LCC": [{"max": 1.0, "min": 0, "sm": 0.047619047619047616, "value": [385, 77, 127, 155, 139, 96, 72, 147, 45, 25, 37, 11, 17, 7, 47, 1, 3, 3, 4, 0, 0, 64]}, 0.2351346261231831]}, "rate-30": {"ANB": [{"max": 0.16168245692468128, "min": 0.0, "sm": 0.007699164615461013, "value": [1715, 25, 8, 5, 1, 2, 3, 4, 0, 0, 0, 0, 0, 0, 0, 0, 0, 0, 0, 0, 0, 1]}, 0.0011163917357855206], "ACC": [{"max": 0.5, "min": 0.1969832402234637, "sm": 0.014429369513168396, "value": [1, 3, 3, 9, 34, 57, 99, 148, 256, 339, 245, 216, 135, 83, 59, 28, 21, 12, 10, 3, 2, 1]}, 0.3415383668217749], "LCC": [{"max": 1.0, "min": 0, "sm": 0.047619047619047616, "value": [517, 94, 162, 175, 140, 90, 95, 188, 52, 18, 37, 13, 21, 7, 58, 1, 4, 4, 4, 0, 0, 84]}, 0.22918875069060154]}, "rate-35": {"ANB": [{"max": 0.16870866332080114, "min": 0.0, "sm": 0.008033745872419102, "value": [2017, 26, 10, 3, 2, 3, 3, 2, 0, 0, 0, 0, 0, 0, 0, 0, 0, 0, 0, 0, 0, 1]}, 0.000985133458290619], "ACC": [{"max": 0.4924910607866508, "min": 0.19556985990155243, "sm": 0.014139104804052302, "value": [1, 3, 9, 17, 46, 77, 130, 191, 309, 383, 296, 237, 146, 84, 59, 31, 20, 11, 12, 2, 2, 1]}, 0.3339896040274032], "LCC": [{"max": 1.0, "min": 0, "sm": 0.047619047619047616, "value": [662, 130, 184, 175, 150, 86, 92, 209, 58, 18, 42, 12, 18, 8, 70, 2, 6, 7, 4, 0, 0, 134]}, 0.2335042736957025]}, "rate-40": {"ANB": [{"max": 0.17150068052635217, "min": 0.0, "sm": 0.008166699072683437, "value": [2322, 25, 11, 3, 2, 3, 3, 2, 0, 0, 0, 0, 0, 0, 0, 0, 0, 0, 0, 0, 0, 1]}, 0.0008844016037070166], "ACC": [{"max": 0.4852640196479738, "min": 0.19474332648870638, "sm": 0.013834318721869878, "value": [2, 3, 8, 21, 82, 104, 164, 222, 355, 430, 338, 263, 155, 89, 54, 32, 22, 11, 11, 3, 2, 1]}, 0.3273649920745592], "LCC": [{"max": 1.0, "min": 0, "sm": 0.047619047619047616, "value": [850, 134, 201, 193, 161, 97, 97, 222, 61, 19, 52, 11, 23, 9, 72, 2, 4, 9, 5, 1, 0, 149]}, 0.22191157171799888]}}