{"rate-5": {"ANB": [{"max": 0.10539346328079148, "min": 0.0, "sm": 0.005018736346704356, "value": [213, 30, 11, 10, 7, 3, 5, 4, 1, 1, 2, 1, 1, 2, 0, 0, 1, 0, 0, 0, 0, 1]}, 0.006265625504583002], "ACC": [{"max": 0.5242369838420108, "min": 0.20221606648199447, "sm": 0.015334329398096015, "value": [4, 1, 3, 9, 6, 7, 20, 20, 30, 30, 35, 35, 12, 16, 20, 15, 10, 8, 7, 3, 1, 1]}, 0.3653773904243586], "LCC": [{"max": 1.0, "min": 0, "sm": 0.047619047619047616, "value": [74, 3, 8, 18, 11, 19, 21, 40, 16, 18, 14, 8, 8, 2, 8, 1, 0, 1, 1, 1, 0, 21]}, 0.31809758294973983]}, "rate-10": {"ANB": [{"max": 0.11366512474542805, "min": 0.0, "sm": 0.005412624987877526, "value": [518, 31, 12, 6, 5, 3, 3, 2, 1, 1, 0, 1, 0, 3, 0, 0, 0, 0, 0, 0, 0, 1]}, 0.0030674731688156826], "ACC": [{"max": 0.5336976320582878, "min": 0.22863831447522434, "sm": 0.01452663417062207, "value": [3, 6, 11, 21, 18, 29, 31, 85, 77, 77, 64, 49, 25, 25, 24, 15, 9, 9, 6, 2, 0, 1]}, 0.36506814956389616], "LCC": [{"max": 1.0, "min": 0, "sm": 0.047619047619047616, "value": [124, 21, 30, 38, 54, 56, 37, 71, 34, 21, 17, 12, 12, 0, 15, 2, 1, 1, 3, 0, 0, 38]}, 0.2918791691742885]}, "rate-15": {"ANB": [{"max": 0.11732376403082517, "min": 0.0, "sm": 0.00558684590622977, "value": [815, 31, 10, 8, 4, 4, 2, 0, 0, 3, 1, 0, 1, 0, 1, 0, 0, 0, 0, 0, 0, 1]}, 0.002080642830469468], "ACC": [{"max": 0.5225653206650831, "min": 0.20469876715515237, "sm": 0.015136502548091941, "value": [2, 0, 4, 13, 31, 33, 42, 61, 115, 127, 117, 99, 74, 60, 35, 27, 18, 8, 10, 2, 2, 1]}, 0.3600963267918831], "LCC": [{"max": 1.0, "min": 0, "sm": 0.047619047619047616, "value": [182, 16, 72, 58, 86, 91, 73, 88, 32, 20, 36, 17, 10, 4, 35, 1, 2, 6, 4, 0, 0, 48]}, 0.2875322852651684]}, "rate-20": {"ANB": [{"max": 0.10007260209881343, "min": 0.0, "sm": 0.004765362004705401, "value": [1095, 40, 13, 5, 4, 4, 2, 3, 1, 3, 1, 0, 1, 0, 1, 0, 1, 0, 0, 0, 0, 1]}, 0.0016621534887154503], "ACC": [{"max": 0.5073465859982714, "min": 0.17920928102579758, "sm": 0.015625585951070182, "value": [2, 3, 2, 4, 24, 36, 58, 70, 93, 191, 183, 157, 127, 75, 56, 44, 23, 10, 10, 5, 1, 1]}, 0.34556100223826436], "LCC": [{"max": 1.0, "min": 0, "sm": 0.047619047619047616, "value": [296, 34, 76, 104, 108, 93, 73, 105, 47, 26, 37, 12, 19, 1, 53, 3, 3, 7, 5, 1, 0, 72]}, 0.2756051432050225]}, "rate-25": {"ANB": [{"max": 0.11738706597990105, "min": 0.0, "sm": 0.005589860284757193, "value": [1399, 32, 12, 9, 4, 0, 4, 1, 0, 1, 1, 3, 1, 0, 0, 0, 0, 0, 0, 0, 0, 1]}, 0.0013586418571556922], "ACC": [{"max": 0.49577559986481917, "min": 0.208914839077186, "sm": 0.013660036227982533, "value": [3, 9, 14, 37, 57, 54, 91, 146, 220, 204, 194, 158, 89, 67, 50, 29, 20, 8, 10, 6, 1, 1]}, 0.33991340215807886], "LCC": [{"max": 1.0, "min": 0, "sm": 0.047619047619047616, "value": [391, 55, 98, 138, 124, 103, 86, 133, 53, 35, 38, 14, 22, 6, 49, 2, 3, 8, 7, 0, 1, 102]}, 0.26942030334668543]}, "rate-30": {"ANB": [{"max": 0.11848945988463636, "min": 0.0, "sm": 0.005642355232601731, "value": [1690, 43, 3, 6, 5, 7, 0, 1, 1, 1, 3, 1, 0, 0, 0, 0, 0, 0, 0, 0, 0, 1]}, 0.0011698966110743635], "ACC": [{"max": 0.49093950376359075, "min": 0.19046073977936404, "sm": 0.01430851257067746, "value": [14, 2, 9, 19, 42, 90, 101, 126, 216, 268, 259, 218, 167, 82, 63, 37, 22, 8, 13, 4, 1, 1]}, 0.3328371843321283], "LCC": [{"max": 1.0, "min": 0, "sm": 0.047619047619047616, "value": [459, 85, 133, 169, 173, 94, 94, 159, 72, 34, 43, 10, 23, 4, 73, 6, 2, 7, 5, 2, 0, 115]}, 0.262073708159259]}, "rate-35": {"ANB": [{"max": 0.14727269620609268, "min": 0.0, "sm": 0.007012985533623461, "value": [1996, 33, 6, 10, 2, 2, 1, 3, 1, 1, 0, 0, 0, 0, 0, 0, 0, 0, 0, 0, 0, 1]}, 0.0010456781888029123], "ACC": [{"max": 0.4826209488022546, "min": 0.1651000241021933, "sm": 0.015120044033336253, "value": [1, 2, 12, 12, 34, 48, 137, 135, 166, 289, 372, 290, 237, 136, 75, 52, 27, 12, 14, 2, 2, 1]}, 0.32341782074218717], "LCC": [{"max": 1.0, "min": 0, "sm": 0.047619047619047616, "value": [654, 110, 167, 166, 175, 106, 94, 183, 50, 33, 43, 15, 25, 10, 68, 2, 5, 8, 5, 0, 0, 137]}, 0.24031244393837764]}, "rate-40": {"ANB": [{"max": 0.13911697245018706, "min": 0.0, "sm": 0.0066246177357231935, "value": [2287, 36, 6, 9, 2, 1, 2, 2, 0, 3, 1, 0, 0, 0, 0, 0, 0, 0, 0, 0, 0, 1]}, 0.0009086476599182591], "ACC": [{"max": 0.48273736128236744, "min": 0.18784486205517792, "sm": 0.014042499963199501, "value": [1, 4, 15, 27, 53, 138, 163, 209, 297, 381, 352, 270, 195, 90, 68, 35, 25, 11, 10, 4, 1, 1]}, 0.32403718774068196], "LCC": [{"max": 1.0, "min": 0, "sm": 0.047619047619047616, "value": [736, 130, 192, 216, 171, 120, 103, 191, 61, 30, 58, 20, 30, 10, 83, 4, 3, 4, 7, 1, 0, 180]}, 0.24804667076151124]}}