{"rate-5": {"ANB": [{"max": 0.005306465940436674, "min": 0.0, "sm": 0.0002526888543065083, "value": [279, 0, 2, 2, 0, 1, 0, 1, 1, 0, 1, 1, 0, 1, 0, 1, 0, 2, 0, 0, 1, 1]}, 0.00013779414238929477], "ACC": [{"max": 0.03199658703071672, "min": 0.0, "sm": 0.001523647001462701, "value": [244, 0, 16, 0, 3, 0, 0, 0, 0, 0, 2, 5, 3, 2, 5, 5, 1, 2, 3, 2, 0, 1]}, 0.0026502047479793405], "LCC": [{"max": 1.0, "min": 0, "sm": 0.047619047619047616, "value": [291, 0, 1, 0, 0, 0, 0, 0, 0, 0, 0, 0, 0, 0, 0, 0, 0, 0, 0, 0, 0, 2]}, 0.0071428571428571435]}, "rate-10": {"ANB": [{"max": 0.008901628573588153, "min": 0.0, "sm": 0.00042388707493276915, "value": [570, 4, 2, 0, 2, 1, 0, 0, 1, 0, 3, 2, 0, 1, 0, 0, 1, 0, 0, 0, 0, 1]}, 0.00010452809249590145], "ACC": [{"max": 0.03743286911482724, "min": 0.0, "sm": 0.0017825175768965353, "value": [498, 13, 6, 0, 0, 0, 0, 1, 5, 3, 7, 4, 13, 6, 12, 7, 8, 2, 1, 1, 0, 1]}, 0.0030933877302430717], "LCC": [{"max": 1.0, "min": 0, "sm": 0.047619047619047616, "value": [581, 1, 0, 1, 1, 0, 0, 1, 0, 0, 0, 0, 0, 0, 0, 0, 0, 0, 0, 0, 0, 3]}, 0.006404423241157935]}, "rate-15": {"ANB": [{"max": 0.03545560473534502, "min": 0.0, "sm": 0.001688362130254525, "value": [833, 21, 8, 7, 5, 2, 1, 0, 1, 0, 0, 1, 0, 1, 0, 0, 0, 1, 0, 0, 0, 1]}, 0.00042695129852580776], "ACC": [{"max": 0.11699732812105117, "min": 0.0, "sm": 0.005571301339097674, "value": [598, 0, 0, 0, 0, 0, 0, 4, 7, 23, 19, 51, 53, 35, 37, 39, 7, 5, 2, 0, 1, 1]}, 0.0231776054171607], "LCC": [{"max": 1.0, "min": 0, "sm": 0.047619047619047616, "value": [829, 8, 7, 8, 3, 0, 0, 9, 0, 0, 3, 0, 1, 0, 2, 0, 0, 0, 0, 0, 0, 12]}, 0.024689429556287043]}, "rate-20": {"ANB": [{"max": 0.05641505560335039, "min": 0.0, "sm": 0.0026864312192071615, "value": [1125, 24, 14, 2, 4, 2, 1, 1, 1, 0, 0, 0, 0, 0, 0, 0, 0, 0, 1, 0, 0, 1]}, 0.0004859264377032846], "ACC": [{"max": 0.1926914371278337, "min": 0.0, "sm": 0.009175782720373034, "value": [649, 0, 0, 0, 0, 0, 1, 3, 19, 17, 54, 70, 70, 100, 105, 47, 23, 9, 5, 2, 1, 1]}, 0.05392558828643269], "LCC": [{"max": 1.0, "min": 0, "sm": 0.047619047619047616, "value": [1017, 17, 28, 11, 11, 5, 9, 26, 2, 2, 4, 0, 0, 0, 13, 0, 0, 0, 0, 0, 0, 31]}, 0.055289454143725825]}, "rate-25": {"ANB": [{"max": 0.05658803198988087, "min": 0.0, "sm": 0.002694668189994327, "value": [1415, 25, 14, 6, 2, 1, 1, 2, 1, 0, 1, 0, 0, 1, 0, 0, 0, 0, 0, 0, 0, 1]}, 0.0004506064718536773], "ACC": [{"max": 0.156725433916887, "min": 0.0, "sm": 0.007463115900804143, "value": [824, 0, 0, 0, 0, 0, 0, 4, 15, 18, 31, 71, 90, 148, 43, 142, 51, 19, 7, 2, 4, 1]}, 0.04494186618388923], "LCC": [{"max": 1.0, "min": 0, "sm": 0.047619047619047616, "value": [1349, 17, 16, 14, 7, 6, 0, 19, 4, 1, 1, 2, 0, 0, 7, 0, 0, 2, 0, 0, 0, 25]}, 0.03403927909271494]}, "rate-30": {"ANB": [{"max": 0.07038244379340956, "min": 0.0, "sm": 0.0033515449425433126, "value": [1717, 21, 14, 5, 0, 1, 0, 0, 0, 2, 1, 0, 0, 1, 1, 0, 0, 0, 0, 0, 0, 1]}, 0.0004597893890904157], "ACC": [{"max": 0.21414736077686897, "min": 0.0, "sm": 0.010197493370327094, "value": [844, 0, 0, 0, 0, 1, 1, 2, 12, 39, 63, 173, 117, 137, 233, 76, 35, 17, 8, 4, 1, 1]}, 0.07021642217590841], "LCC": [{"max": 1.0, "min": 0, "sm": 0.047619047619047616, "value": [1507, 24, 30, 28, 17, 12, 11, 37, 6, 1, 12, 0, 2, 0, 22, 1, 3, 0, 0, 0, 0, 51]}, 0.06321289065964161]}, "rate-35": {"ANB": [{"max": 0.15741532113583206, "min": 0.0, "sm": 0.00749596767313486, "value": [2030, 19, 3, 0, 0, 3, 0, 1, 0, 1, 0, 0, 0, 0, 0, 0, 0, 0, 0, 0, 0, 1]}, 0.000540098618841967], "ACC": [{"max": 0.27613411348238054, "min": 0.0, "sm": 0.013149243499160978, "value": [741, 0, 0, 0, 0, 0, 0, 5, 12, 44, 84, 197, 175, 260, 313, 118, 73, 24, 7, 3, 1, 1]}, 0.1128910846839137], "LCC": [{"max": 1.0, "min": 0, "sm": 0.047619047619047616, "value": [1662, 34, 50, 42, 39, 9, 10, 71, 14, 5, 10, 2, 3, 3, 18, 2, 2, 3, 0, 0, 0, 79]}, 0.08095307865722365]}, "rate-40": {"ANB": [{"max": 0.06059244356433336, "min": 0.0, "sm": 0.0028853544554444457, "value": [2276, 35, 19, 5, 4, 1, 2, 2, 3, 0, 1, 1, 0, 0, 0, 0, 1, 0, 0, 0, 1, 1]}, 0.00047578337922678276], "ACC": [{"max": 0.24146869799633836, "min": 0.0, "sm": 0.011498509428397065, "value": [925, 0, 0, 0, 0, 0, 0, 1, 6, 60, 88, 184, 276, 312, 191, 204, 52, 31, 15, 3, 3, 1]}, 0.09316662497124371], "LCC": [{"max": 1.0, "min": 0, "sm": 0.047619047619047616, "value": [1897, 65, 55, 52, 29, 17, 10, 66, 9, 6, 22, 2, 4, 0, 21, 1, 1, 2, 1, 0, 0, 92]}, 0.07901256665882994]}}