{"rate-5": {"ANB": [{"max": 0.10968699103130543, "min": 0.0, "sm": 0.005223190049109782, "value": [221, 31, 12, 4, 8, 6, 0, 2, 1, 2, 3, 1, 0, 1, 0, 0, 1, 0, 0, 0, 0, 1]}, 0.005806913910545281], "ACC": [{"max": 0.5358169314070159, "min": 0.0034129692832764505, "sm": 0.025352569624939973, "value": [4, 0, 0, 0, 0, 0, 0, 0, 3, 6, 14, 18, 35, 54, 45, 43, 24, 24, 14, 9, 0, 1]}, 0.36488308535471564], "LCC": [{"max": 1.0, "min": 0, "sm": 0.047619047619047616, "value": [80, 1, 3, 12, 23, 21, 18, 33, 25, 12, 10, 7, 13, 4, 8, 3, 1, 1, 2, 0, 0, 17]}, 0.31253948246719593]}, "rate-10": {"ANB": [{"max": 0.1256763943239863, "min": 0.0, "sm": 0.0059845902059041094, "value": [520, 35, 13, 3, 8, 2, 0, 1, 2, 2, 0, 0, 0, 1, 0, 0, 0, 0, 0, 0, 0, 1]}, 0.0029873517744976115], "ACC": [{"max": 0.5249567155396233, "min": 0.0017035775127768314, "sm": 0.024916816096516498, "value": [4, 0, 0, 0, 0, 0, 0, 0, 1, 7, 24, 32, 58, 105, 112, 103, 60, 45, 22, 11, 3, 1]}, 0.3633976008728638], "LCC": [{"max": 1.0, "min": 0, "sm": 0.047619047619047616, "value": [143, 7, 12, 45, 53, 49, 59, 67, 26, 20, 25, 8, 11, 1, 28, 1, 1, 2, 2, 0, 0, 28]}, 0.2888326739873173]}, "rate-15": {"ANB": [{"max": 0.09379327178936998, "min": 0.0, "sm": 0.004466346275684285, "value": [803, 37, 9, 8, 9, 3, 1, 1, 2, 0, 2, 1, 0, 1, 2, 1, 0, 0, 0, 0, 0, 1]}, 0.0020600961050264307], "ACC": [{"max": 0.5153466964431614, "min": 0.0011363636363636363, "sm": 0.02448620632413323, "value": [10, 0, 0, 0, 0, 0, 0, 0, 0, 12, 29, 51, 96, 186, 184, 148, 81, 48, 20, 13, 2, 1]}, 0.349462924972576], "LCC": [{"max": 1.0, "min": 0, "sm": 0.047619047619047616, "value": [215, 23, 56, 69, 93, 77, 64, 83, 34, 20, 28, 12, 14, 3, 24, 5, 5, 6, 1, 0, 0, 49]}, 0.27116789895169846]}, "rate-20": {"ANB": [{"max": 0.12743852602459077, "min": 0.0, "sm": 0.006068501239266227, "value": [1113, 33, 7, 7, 4, 2, 1, 2, 3, 2, 0, 0, 0, 0, 0, 0, 0, 0, 0, 0, 0, 1]}, 0.0016150215174345296], "ACC": [{"max": 0.5035275649544673, "min": 0.0008517887563884157, "sm": 0.023936941723718044, "value": [10, 0, 0, 0, 0, 0, 0, 1, 1, 11, 28, 86, 107, 269, 252, 194, 113, 62, 22, 16, 2, 1]}, 0.3420169572674327], "LCC": [{"max": 1.0, "min": 0, "sm": 0.047619047619047616, "value": [296, 35, 95, 100, 106, 90, 79, 115, 55, 27, 26, 19, 16, 2, 31, 2, 2, 9, 3, 1, 0, 66]}, 0.2630912270108998]}, "rate-25": {"ANB": [{"max": 0.10978600868198939, "min": 0.0, "sm": 0.005227905175332828, "value": [1398, 32, 10, 6, 8, 4, 2, 1, 1, 0, 2, 2, 1, 0, 0, 0, 0, 0, 0, 0, 0, 1]}, 0.001351224954660287], "ACC": [{"max": 0.495749417334685, "min": 0.0006816632583503749, "sm": 0.023574654956015934, "value": [6, 0, 0, 0, 0, 0, 0, 1, 6, 8, 43, 97, 147, 330, 347, 253, 119, 65, 25, 16, 4, 1]}, 0.33676176860629725], "LCC": [{"max": 1.0, "min": 0, "sm": 0.047619047619047616, "value": [386, 65, 127, 144, 139, 90, 80, 131, 50, 23, 37, 17, 15, 5, 40, 3, 9, 7, 4, 1, 0, 95]}, 0.2557856118999712]}, "rate-30": {"ANB": [{"max": 0.10329601538207726, "min": 0.0, "sm": 0.0049188578753370125, "value": [1685, 35, 15, 5, 5, 6, 2, 1, 1, 0, 2, 1, 0, 3, 0, 0, 0, 0, 0, 0, 0, 1]}, 0.0011484627253572036], "ACC": [{"max": 0.4923803127593588, "min": 0.0005678591709256105, "sm": 0.023419640647068245, "value": [10, 0, 0, 0, 0, 0, 0, 0, 7, 19, 56, 140, 164, 412, 428, 300, 119, 63, 24, 16, 3, 1]}, 0.33046629103167513], "LCC": [{"max": 1.0, "min": 0, "sm": 0.047619047619047616, "value": [470, 94, 142, 178, 150, 110, 88, 149, 60, 28, 51, 17, 24, 8, 56, 1, 5, 13, 3, 0, 0, 115]}, 0.25591141122286404]}, "rate-35": {"ANB": [{"max": 0.13478338762878014, "min": 0.0, "sm": 0.006418256553751435, "value": [1998, 29, 8, 6, 4, 3, 1, 1, 2, 2, 1, 0, 0, 0, 0, 0, 0, 0, 0, 0, 0, 1]}, 0.0010270367805714606], "ACC": [{"max": 0.4831266900845121, "min": 0.00048661800486618007, "sm": 0.022982860575221236, "value": [4, 0, 0, 0, 0, 0, 0, 0, 11, 21, 63, 150, 227, 453, 528, 336, 147, 67, 29, 15, 4, 1]}, 0.32505995027137186], "LCC": [{"max": 1.0, "min": 0, "sm": 0.047619047619047616, "value": [639, 99, 176, 190, 168, 110, 85, 180, 54, 31, 63, 12, 21, 9, 60, 6, 5, 9, 5, 1, 0, 133]}, 0.2411805891283564]}, "rate-40": {"ANB": [{"max": 0.12300687771048495, "min": 0.0, "sm": 0.00585747036716595, "value": [2287, 28, 11, 5, 9, 0, 1, 2, 2, 1, 2, 1, 0, 0, 0, 0, 0, 0, 0, 0, 0, 1]}, 0.0009260516076450935], "ACC": [{"max": 0.4755060728744939, "min": 0.1872160675858771, "sm": 0.013728095489934134, "value": [5, 13, 12, 44, 67, 139, 132, 188, 268, 398, 354, 272, 193, 102, 67, 40, 23, 12, 13, 6, 1, 1]}, 0.32040625389423466], "LCC": [{"max": 1.0, "min": 0, "sm": 0.047619047619047616, "value": [757, 123, 201, 207, 162, 110, 111, 201, 58, 33, 55, 21, 25, 13, 78, 5, 6, 12, 5, 1, 0, 166]}, 0.24359470722147172]}}