{"rate-5": {"ANB": [{"max": 0.020657785309670634, "min": 0.0, "sm": 0.0009837040623652683, "value": [275, 8, 4, 1, 1, 1, 1, 0, 0, 0, 0, 0, 0, 1, 0, 0, 0, 0, 0, 0, 0, 1]}, 0.00025682019485559504], "ACC": [{"max": 0.08819340838193408, "min": 0.0, "sm": 0.0041996861134254325, "value": [241, 0, 0, 0, 0, 0, 0, 0, 5, 1, 13, 4, 2, 4, 19, 0, 2, 0, 1, 0, 0, 1]}, 0.009588521014296903], "LCC": [{"max": 1.0, "min": 0, "sm": 0.047619047619047616, "value": [284, 3, 0, 1, 0, 1, 0, 2, 0, 0, 0, 0, 0, 0, 1, 0, 0, 0, 0, 0, 0, 1]}, 0.010094918753082934]}, "rate-10": {"ANB": [{"max": 0.03294769670451739, "min": 0.0, "sm": 0.0015689379383103518, "value": [555, 15, 6, 5, 1, 1, 0, 0, 0, 2, 0, 1, 0, 0, 0, 0, 0, 0, 0, 0, 0, 1]}, 0.0003431704113716543], "ACC": [{"max": 0.10321105015814018, "min": 0.0, "sm": 0.00491481191229239, "value": [433, 1, 0, 0, 0, 0, 0, 1, 0, 8, 8, 20, 26, 16, 18, 35, 9, 5, 2, 2, 2, 1]}, 0.017707453077751827], "LCC": [{"max": 1.0, "min": 0, "sm": 0.047619047619047616, "value": [554, 4, 6, 3, 3, 1, 1, 5, 0, 0, 1, 0, 0, 0, 1, 0, 0, 0, 0, 0, 0, 8]}, 0.023033685424706563]}, "rate-15": {"ANB": [{"max": 0.05045100830560582, "min": 0.0, "sm": 0.0024024289669336103, "value": [832, 26, 4, 6, 6, 2, 0, 1, 0, 1, 0, 0, 1, 1, 0, 0, 0, 0, 0, 0, 0, 1]}, 0.0005708825929409894], "ACC": [{"max": 0.11218882537340956, "min": 0.0, "sm": 0.005342325017781408, "value": [568, 0, 0, 0, 0, 0, 0, 0, 3, 6, 26, 36, 55, 62, 37, 46, 21, 16, 1, 1, 2, 1]}, 0.026022330302639608], "LCC": [{"max": 1.0, "min": 0, "sm": 0.047619047619047616, "value": [813, 6, 11, 6, 2, 2, 0, 16, 1, 1, 0, 0, 0, 0, 3, 0, 2, 1, 0, 0, 0, 17]}, 0.035402198132770964]}, "rate-20": {"ANB": [{"max": 0.11189546762007449, "min": 0.0, "sm": 0.005328355600955928, "value": [1149, 15, 5, 3, 0, 0, 1, 0, 0, 1, 0, 0, 0, 0, 0, 0, 0, 0, 0, 0, 0, 1]}, 0.000545907429345072], "ACC": [{"max": 0.2237236596205305, "min": 0.0, "sm": 0.010653507600977644, "value": [604, 0, 0, 0, 0, 0, 0, 8, 18, 30, 88, 79, 60, 92, 160, 19, 8, 4, 3, 1, 0, 1]}, 0.06544123003247532], "LCC": [{"max": 1.0, "min": 0, "sm": 0.047619047619047616, "value": [1026, 16, 25, 10, 11, 1, 1, 32, 6, 0, 4, 0, 1, 0, 11, 0, 0, 0, 0, 0, 0, 31]}, 0.05332712753756629]}, "rate-25": {"ANB": [{"max": 0.059143612752385534, "min": 0.0, "sm": 0.002816362512018359, "value": [1411, 29, 12, 4, 0, 3, 3, 0, 0, 0, 3, 0, 1, 0, 0, 0, 1, 0, 0, 0, 0, 1]}, 0.0005002380187142972], "ACC": [{"max": 0.21605955909086771, "min": 0.0, "sm": 0.010288550432898462, "value": [728, 0, 0, 0, 0, 0, 3, 6, 14, 35, 77, 115, 95, 170, 134, 50, 26, 5, 5, 3, 1, 1]}, 0.06720304592648933], "LCC": [{"max": 1.0, "min": 0, "sm": 0.047619047619047616, "value": [1218, 24, 20, 32, 12, 5, 5, 43, 7, 0, 10, 0, 2, 0, 18, 0, 0, 4, 0, 0, 0, 68]}, 0.08263282907345997]}, "rate-30": {"ANB": [{"max": 0.04215459390909217, "min": 0.0, "sm": 0.0020073616147186744, "value": [1679, 30, 19, 14, 6, 4, 3, 1, 0, 0, 0, 1, 0, 2, 1, 0, 0, 0, 0, 1, 0, 1]}, 0.0004538471301548353], "ACC": [{"max": 0.18204684729927764, "min": 0.0, "sm": 0.008668897490441793, "value": [891, 0, 0, 0, 0, 0, 0, 1, 10, 17, 52, 80, 164, 203, 147, 107, 47, 23, 15, 2, 2, 1]}, 0.05851315614437165], "LCC": [{"max": 1.0, "min": 0, "sm": 0.047619047619047616, "value": [1557, 36, 26, 24, 15, 1, 3, 33, 4, 1, 4, 3, 2, 2, 8, 1, 0, 0, 0, 0, 0, 42]}, 0.046261158843225736]}, "rate-35": {"ANB": [{"max": 0.07456287703374491, "min": 0.0, "sm": 0.003550613192083091, "value": [2005, 24, 10, 4, 3, 2, 3, 0, 1, 0, 0, 1, 0, 0, 0, 2, 0, 0, 0, 0, 0, 1]}, 0.00048710611809229707], "ACC": [{"max": 0.23829722014675175, "min": 0.0, "sm": 0.011347486673654846, "value": [859, 0, 0, 0, 0, 0, 2, 4, 17, 51, 77, 153, 181, 264, 246, 124, 41, 24, 7, 4, 1, 1]}, 0.08787749483960876], "LCC": [{"max": 1.0, "min": 0, "sm": 0.047619047619047616, "value": [1689, 42, 48, 50, 24, 13, 13, 59, 3, 4, 7, 1, 2, 0, 21, 0, 0, 1, 0, 0, 0, 79]}, 0.07359546652314204]}, "rate-40": {"ANB": [{"max": 0.15477805496205996, "min": 0.0, "sm": 0.007370383569621903, "value": [2317, 21, 4, 3, 2, 0, 1, 1, 0, 0, 0, 0, 0, 0, 0, 0, 0, 0, 0, 0, 0, 1]}, 0.0005450665712689195], "ACC": [{"max": 0.2844566450606568, "min": 0.0, "sm": 0.013545554526697944, "value": [761, 0, 0, 0, 0, 0, 2, 14, 16, 55, 71, 220, 241, 213, 453, 177, 78, 27, 14, 6, 1, 1]}, 0.12342588012060003], "LCC": [{"max": 1.0, "min": 0, "sm": 0.047619047619047616, "value": [1824, 53, 75, 62, 43, 13, 23, 81, 5, 3, 13, 6, 1, 0, 34, 0, 2, 3, 0, 0, 0, 109]}, 0.0929087565272039]}}