{"rate-5": {"ANB": [{"max": 0.13984651292964767, "min": 0.0, "sm": 0.006659357758554651, "value": [224, 36, 12, 4, 2, 1, 3, 4, 2, 1, 0, 1, 1, 1, 0, 0, 0, 0, 0, 0, 0, 1]}, 0.0061726014865527284], "ACC": [{"max": 0.52994555353902, "min": 0.20812544547398432, "sm": 0.015324767050715983, "value": [2, 1, 4, 6, 15, 7, 11, 29, 38, 23, 35, 40, 18, 14, 11, 9, 7, 11, 7, 4, 0, 1]}, 0.3674207826632632], "LCC": [{"max": 1.0, "min": 0, "sm": 0.047619047619047616, "value": [72, 4, 10, 13, 23, 22, 15, 37, 17, 12, 10, 8, 6, 4, 7, 3, 1, 1, 2, 0, 0, 26]}, 0.3261929644437004]}, "rate-10": {"ANB": [{"max": 0.12800999385438458, "min": 0.0, "sm": 0.0060957139930659324, "value": [518, 35, 10, 4, 9, 4, 2, 0, 0, 2, 1, 1, 0, 0, 0, 0, 0, 0, 0, 0, 0, 1]}, 0.0030532605388266408], "ACC": [{"max": 0.5298372513562387, "min": 0.21703703703703703, "sm": 0.014895248300914366, "value": [1, 0, 9, 18, 18, 23, 25, 66, 77, 76, 69, 57, 39, 28, 23, 25, 11, 13, 5, 3, 0, 1]}, 0.3663284365700613], "LCC": [{"max": 1.0, "min": 0, "sm": 0.047619047619047616, "value": [121, 9, 27, 47, 47, 60, 56, 67, 36, 15, 21, 4, 9, 4, 19, 1, 2, 3, 0, 1, 0, 38]}, 0.29848065398960205]}, "rate-15": {"ANB": [{"max": 0.10647049420076195, "min": 0.0, "sm": 0.005070023533369617, "value": [798, 44, 12, 6, 5, 5, 3, 1, 1, 1, 2, 1, 1, 0, 0, 0, 0, 0, 0, 0, 0, 1]}, 0.002119408963361499], "ACC": [{"max": 0.512521840419336, "min": 0.20328020328020327, "sm": 0.014725792244720608, "value": [1, 1, 2, 12, 33, 39, 55, 59, 99, 110, 107, 106, 77, 60, 48, 26, 20, 9, 8, 7, 1, 1]}, 0.35605858602426244], "LCC": [{"max": 1.0, "min": 0, "sm": 0.047619047619047616, "value": [196, 10, 75, 87, 79, 88, 66, 78, 43, 23, 26, 9, 14, 2, 24, 4, 1, 8, 1, 1, 0, 46]}, 0.27163829150056884]}, "rate-20": {"ANB": [{"max": 0.11686925095744202, "min": 0.0, "sm": 0.0055652024265448585, "value": [1104, 38, 9, 6, 3, 4, 2, 4, 0, 1, 0, 1, 2, 0, 0, 0, 0, 0, 0, 0, 0, 1]}, 0.0016578335936240074], "ACC": [{"max": 0.50625269512721, "min": 0.1906153596363046, "sm": 0.015030349309090736, "value": [5, 2, 3, 18, 36, 39, 53, 67, 126, 191, 158, 155, 119, 72, 52, 36, 17, 11, 10, 3, 1, 1]}, 0.346185777606827], "LCC": [{"max": 1.0, "min": 0, "sm": 0.047619047619047616, "value": [296, 51, 94, 97, 125, 95, 70, 131, 40, 27, 35, 8, 19, 4, 25, 4, 2, 6, 1, 0, 0, 45]}, 0.2411445108551133]}, "rate-25": {"ANB": [{"max": 0.10510349653139923, "min": 0.0, "sm": 0.005004928406257107, "value": [1390, 44, 6, 4, 8, 4, 3, 0, 2, 1, 1, 2, 1, 1, 0, 0, 0, 0, 0, 0, 0, 1]}, 0.0013779911798256332], "ACC": [{"max": 0.4971196204676381, "min": 0.16610054347826086, "sm": 0.015762813189970342, "value": [1, 2, 6, 13, 17, 37, 74, 71, 103, 198, 232, 235, 188, 111, 68, 52, 28, 12, 12, 6, 1, 1]}, 0.3376715401600721], "LCC": [{"max": 1.0, "min": 0, "sm": 0.047619047619047616, "value": [347, 55, 127, 126, 147, 102, 71, 155, 54, 28, 37, 23, 18, 10, 48, 3, 5, 4, 7, 1, 0, 100]}, 0.27384248854702475]}, "rate-30": {"ANB": [{"max": 0.13203399750251268, "min": 0.0, "sm": 0.006287333214405366, "value": [1698, 37, 6, 7, 4, 0, 3, 0, 2, 3, 1, 0, 0, 0, 0, 0, 0, 0, 0, 0, 0, 1]}, 0.001168489195176965], "ACC": [{"max": 0.4901196771500139, "min": 0.1550722085241282, "sm": 0.015954641363137418, "value": [1, 2, 1, 2, 9, 32, 61, 112, 125, 171, 321, 311, 229, 167, 88, 61, 31, 17, 12, 6, 3, 0]}, 0.3328591610333215], "LCC": [{"max": 1.0, "min": 0, "sm": 0.047619047619047616, "value": [524, 79, 143, 160, 154, 94, 94, 156, 67, 34, 41, 11, 24, 9, 57, 3, 7, 8, 7, 0, 0, 90]}, 0.24074382490300572]}, "rate-35": {"ANB": [{"max": 0.13954022460464152, "min": 0.0, "sm": 0.006644772600221025, "value": [2000, 29, 4, 9, 3, 4, 0, 2, 1, 0, 3, 0, 0, 0, 0, 0, 0, 0, 0, 0, 0, 1]}, 0.001013447044632971], "ACC": [{"max": 0.48847159496077963, "min": 0.1775377969762419, "sm": 0.014806371332597035, "value": [1, 9, 10, 10, 37, 69, 110, 148, 153, 373, 359, 291, 211, 99, 79, 39, 26, 13, 12, 5, 1, 1]}, 0.3299242065766326], "LCC": [{"max": 1.0, "min": 0, "sm": 0.047619047619047616, "value": [575, 114, 180, 179, 167, 108, 97, 211, 56, 29, 42, 19, 34, 7, 78, 5, 5, 14, 3, 1, 0, 132]}, 0.2538728092858381]}, "rate-40": {"ANB": [{"max": 0.13283211386873495, "min": 0.0, "sm": 0.006325338755654045, "value": [2285, 36, 6, 5, 8, 1, 3, 0, 2, 0, 2, 1, 0, 0, 0, 0, 0, 0, 0, 0, 0, 1]}, 0.0009012008830402225], "ACC": [{"max": 0.4824399260628466, "min": 0.17637783450968614, "sm": 0.014574385312055259, "value": [2, 2, 6, 14, 34, 87, 130, 183, 197, 432, 387, 334, 249, 111, 75, 44, 28, 14, 12, 7, 1, 1]}, 0.3258106579564168], "LCC": [{"max": 1.0, "min": 0, "sm": 0.047619047619047616, "value": [734, 126, 182, 207, 173, 126, 89, 200, 69, 36, 59, 20, 32, 16, 91, 4, 6, 8, 8, 1, 0, 163]}, 0.2499949240604388]}}