{"rate-5": {"ANB": [{"max": 0.13915702705721006, "min": 0.0, "sm": 0.006626525097962384, "value": [227, 34, 7, 8, 2, 5, 1, 4, 1, 2, 1, 0, 0, 0, 0, 0, 0, 0, 0, 0, 0, 1]}, 0.00585047168318365], "ACC": [{"max": 0.5065520572716689, "min": 0.003424657534246575, "sm": 0.023958447606543917, "value": [6, 0, 0, 0, 0, 0, 0, 0, 2, 5, 11, 15, 20, 40, 50, 55, 28, 26, 16, 12, 6, 1]}, 0.3556873026936051], "LCC": [{"max": 1.0, "min": 0, "sm": 0.047619047619047616, "value": [78, 2, 6, 16, 22, 22, 31, 34, 13, 16, 10, 6, 4, 5, 8, 2, 1, 2, 0, 0, 0, 15]}, 0.2918440620875591]}, "rate-10": {"ANB": [{"max": 0.07896617700499475, "min": 0.0, "sm": 0.003760294143094988, "value": [485, 48, 20, 6, 5, 3, 2, 5, 2, 2, 0, 1, 2, 2, 0, 1, 0, 2, 0, 0, 0, 1]}, 0.0029902677773787347], "ACC": [{"max": 0.5224507924634159, "min": 0.0017064846416382253, "sm": 0.02479734799151322, "value": [7, 0, 0, 0, 0, 0, 0, 0, 2, 4, 17, 40, 64, 125, 112, 88, 55, 39, 17, 15, 1, 1]}, 0.35716188763195433], "LCC": [{"max": 1.0, "min": 0, "sm": 0.047619047619047616, "value": [132, 15, 21, 51, 54, 48, 55, 71, 21, 18, 14, 8, 8, 2, 25, 0, 1, 2, 1, 0, 0, 40]}, 0.2912499352556663]}, "rate-15": {"ANB": [{"max": 0.11574577969028746, "min": 0.0, "sm": 0.005511703794775593, "value": [805, 45, 7, 7, 7, 1, 1, 1, 1, 2, 1, 0, 0, 1, 1, 0, 0, 0, 0, 0, 0, 1]}, 0.0021318995880559074], "ACC": [{"max": 0.5162925884062651, "min": 0.0011363636363636363, "sm": 0.02453124879856674, "value": [4, 0, 0, 0, 0, 0, 0, 1, 4, 13, 32, 62, 80, 209, 174, 135, 85, 45, 23, 12, 1, 1]}, 0.3501140837223872], "LCC": [{"max": 1.0, "min": 0, "sm": 0.047619047619047616, "value": [210, 15, 59, 73, 82, 85, 54, 103, 35, 33, 23, 8, 14, 3, 31, 2, 3, 4, 3, 0, 0, 41]}, 0.2704883480266293]}, "rate-20": {"ANB": [{"max": 0.1004204404551685, "min": 0.0, "sm": 0.004781925735960405, "value": [1086, 46, 12, 8, 8, 1, 4, 2, 1, 0, 1, 3, 0, 2, 0, 0, 0, 0, 0, 0, 0, 1]}, 0.00168617185821956], "ACC": [{"max": 0.5000014560491562, "min": 0.0008517887563884157, "sm": 0.023769031775846088, "value": [2, 0, 0, 0, 0, 0, 0, 1, 4, 12, 48, 74, 121, 238, 268, 206, 92, 66, 24, 15, 3, 1]}, 0.34066839068193805], "LCC": [{"max": 1.0, "min": 0, "sm": 0.047619047619047616, "value": [318, 40, 75, 107, 94, 86, 79, 112, 50, 32, 34, 11, 15, 3, 43, 0, 5, 7, 5, 1, 0, 58]}, 0.2588897363546199]}, "rate-25": {"ANB": [{"max": 0.11285922829177315, "min": 0.0, "sm": 0.005374248966274912, "value": [1395, 35, 11, 7, 7, 3, 1, 0, 2, 2, 1, 3, 0, 0, 0, 0, 0, 0, 0, 0, 0, 1]}, 0.0013892761730826513], "ACC": [{"max": 0.4920964435428972, "min": 0.0006816632583503749, "sm": 0.02340070382307366, "value": [2, 0, 0, 0, 0, 0, 0, 0, 9, 11, 54, 100, 145, 317, 353, 244, 120, 67, 24, 17, 4, 1]}, 0.33404115377439175], "LCC": [{"max": 1.0, "min": 0, "sm": 0.047619047619047616, "value": [409, 60, 109, 124, 121, 107, 73, 131, 48, 30, 39, 8, 23, 4, 70, 4, 5, 10, 6, 1, 0, 86]}, 0.26225001834770084]}, "rate-30": {"ANB": [{"max": 0.11878367035620743, "min": 0.0, "sm": 0.005656365255057497, "value": [1691, 39, 6, 9, 6, 3, 0, 1, 0, 3, 1, 1, 1, 0, 0, 0, 0, 0, 0, 0, 0, 1]}, 0.0011603574588808958], "ACC": [{"max": 0.4900982626043748, "min": 0.0005678591709256105, "sm": 0.023310971592069008, "value": [2, 0, 0, 0, 0, 0, 0, 1, 5, 12, 58, 124, 170, 378, 439, 316, 136, 70, 29, 16, 5, 1]}, 0.3332095785905826], "LCC": [{"max": 1.0, "min": 0, "sm": 0.047619047619047616, "value": [476, 84, 157, 158, 156, 114, 92, 139, 61, 30, 48, 14, 33, 13, 56, 1, 3, 9, 3, 1, 0, 114]}, 0.2561908813493184]}, "rate-35": {"ANB": [{"max": 0.12245817936517345, "min": 0.0, "sm": 0.005831341874532069, "value": [1982, 41, 9, 7, 5, 3, 2, 0, 1, 3, 1, 0, 0, 1, 0, 0, 0, 0, 0, 0, 0, 1]}, 0.0010314413225816401], "ACC": [{"max": 0.4839849269901083, "min": 0.16903841408242165, "sm": 0.014997452995604127, "value": [1, 2, 5, 11, 34, 67, 117, 136, 172, 313, 349, 304, 234, 124, 77, 45, 29, 14, 15, 5, 1, 1]}, 0.32615465253833315], "LCC": [{"max": 1.0, "min": 0, "sm": 0.047619047619047616, "value": [609, 105, 175, 181, 158, 126, 88, 182, 53, 33, 57, 13, 25, 9, 73, 3, 2, 5, 11, 1, 0, 147]}, 0.25251462048839035]}, "rate-40": {"ANB": [{"max": 0.13555450575560624, "min": 0.0, "sm": 0.006454976464552678, "value": [2288, 35, 5, 8, 2, 4, 0, 1, 4, 1, 1, 0, 0, 0, 0, 0, 0, 0, 0, 0, 0, 1]}, 0.0009181451550869978], "ACC": [{"max": 0.4778540133515228, "min": 0.0004257130693912303, "sm": 0.02273468096581579, "value": [4, 0, 0, 0, 0, 0, 0, 5, 2, 20, 79, 211, 249, 525, 585, 397, 150, 74, 28, 15, 5, 1]}, 0.32044530288379647], "LCC": [{"max": 1.0, "min": 0, "sm": 0.047619047619047616, "value": [749, 143, 194, 215, 165, 113, 101, 162, 67, 37, 53, 23, 31, 13, 85, 4, 7, 11, 7, 2, 0, 168]}, 0.24585806831368603]}}