{"rate-5": {"ANB": [{"max": 0.2574406180192692, "min": 0.0, "sm": 0.01225907704853663, "value": [156, 63, 24, 17, 10, 6, 3, 2, 1, 2, 0, 5, 0, 2, 0, 1, 0, 0, 0, 0, 0, 1]}, 0.0218301985524563], "ACC": [{"max": 0.2013793103448276, "min": 0.08248587570621468, "sm": 0.005661592125648233, "value": [2, 4, 4, 7, 18, 13, 21, 23, 20, 24, 37, 31, 15, 16, 20, 18, 7, 4, 2, 5, 1, 1]}, 0.13996147941701986], "LCC": [{"max": 1.0, "min": 0, "sm": 0.047619047619047616, "value": [290, 0, 0, 2, 0, 0, 0, 0, 0, 0, 0, 0, 0, 0, 0, 0, 0, 0, 0, 0, 0, 1]}, 0.004550625711035267]}, "rate-10": {"ANB": [{"max": 0.17649532298679815, "min": 0.0, "sm": 0.00840453918984753, "value": [430, 82, 25, 17, 7, 7, 3, 4, 3, 2, 3, 1, 0, 1, 0, 0, 0, 1, 0, 0, 0, 1]}, 0.00885279874761884], "ACC": [{"max": 0.24036095159967186, "min": 0.10998498498498499, "sm": 0.006208379362604137, "value": [10, 10, 18, 26, 35, 44, 65, 39, 48, 58, 48, 55, 32, 40, 26, 9, 8, 11, 1, 1, 2, 1]}, 0.16554439348715302], "LCC": [{"max": 1.0, "min": 0, "sm": 0.047619047619047616, "value": [575, 1, 0, 5, 0, 0, 0, 0, 0, 0, 0, 0, 0, 0, 0, 0, 0, 0, 0, 0, 0, 6]}, 0.011970101137352364]}, "rate-15": {"ANB": [{"max": 0.14555400951038783, "min": 0.0, "sm": 0.006931143310018468, "value": [761, 51, 26, 13, 7, 5, 2, 3, 6, 2, 0, 1, 1, 0, 2, 0, 0, 0, 0, 0, 0, 1]}, 0.004597078156444841], "ACC": [{"max": 0.30397236614853196, "min": 0.12667338419461638, "sm": 0.008442808664472171, "value": [7, 10, 18, 35, 45, 48, 75, 76, 113, 119, 91, 94, 58, 36, 21, 16, 9, 6, 2, 1, 1, 0]}, 0.20252507126117664], "LCC": [{"max": 1.0, "min": 0, "sm": 0.047619047619047616, "value": [819, 13, 11, 12, 0, 0, 0, 5, 0, 0, 0, 0, 0, 0, 1, 0, 0, 0, 0, 0, 0, 20]}, 0.030607552449989417]}, "rate-20": {"ANB": [{"max": 0.1091472321598262, "min": 0.0, "sm": 0.00519748724570601, "value": [1004, 89, 26, 19, 7, 11, 3, 2, 2, 1, 4, 0, 0, 1, 4, 0, 1, 0, 0, 0, 0, 1]}, 0.003243158458850549], "ACC": [{"max": 0.30211013896037053, "min": 0.1261822871883061, "sm": 0.008377516751050687, "value": [3, 6, 11, 16, 47, 62, 70, 76, 108, 127, 138, 135, 144, 93, 46, 38, 22, 14, 11, 4, 3, 1]}, 0.21225435290155367], "LCC": [{"max": 1.0, "min": 0, "sm": 0.047619047619047616, "value": [1084, 18, 11, 23, 1, 1, 0, 12, 0, 0, 0, 0, 0, 0, 0, 0, 0, 0, 0, 0, 0, 25]}, 0.03076704068171954]}, "rate-25": {"ANB": [{"max": 0.11771567557345052, "min": 0.0, "sm": 0.0056055083606405005, "value": [1320, 82, 25, 14, 4, 6, 3, 3, 2, 3, 2, 0, 0, 0, 0, 0, 1, 1, 1, 0, 0, 1]}, 0.002458195118139032], "ACC": [{"max": 0.3310765064319567, "min": 0.12759850395755415, "sm": 0.009689428689257264, "value": [8, 5, 18, 36, 57, 60, 97, 135, 168, 157, 208, 194, 128, 89, 47, 24, 15, 12, 7, 1, 1, 1]}, 0.22178439578246037], "LCC": [{"max": 1.0, "min": 0, "sm": 0.047619047619047616, "value": [1282, 35, 38, 33, 5, 0, 0, 20, 0, 0, 1, 0, 0, 0, 3, 0, 0, 0, 0, 0, 0, 51]}, 0.05102731881386534]}, "rate-30": {"ANB": [{"max": 0.1518717576212088, "min": 0.0, "sm": 0.0072319884581528, "value": [1667, 51, 17, 11, 6, 2, 1, 0, 1, 1, 0, 2, 1, 0, 0, 0, 0, 0, 0, 0, 1, 1]}, 0.0018439601986446478], "ACC": [{"max": 0.3738059859902356, "min": 0.14256800518134716, "sm": 0.011011332419470879, "value": [6, 8, 22, 50, 79, 134, 149, 188, 271, 251, 276, 135, 90, 44, 24, 24, 3, 4, 2, 1, 0, 1]}, 0.2396995840013494], "LCC": [{"max": 1.0, "min": 0, "sm": 0.047619047619047616, "value": [1524, 51, 38, 43, 13, 1, 0, 34, 0, 0, 2, 0, 0, 0, 2, 0, 0, 0, 0, 0, 0, 54]}, 0.04991613136482592]}, "rate-35": {"ANB": [{"max": 0.11029731278356361, "min": 0.0, "sm": 0.005252252989693505, "value": [1938, 68, 15, 9, 4, 3, 4, 5, 2, 1, 2, 0, 0, 2, 0, 0, 0, 0, 1, 0, 1, 1]}, 0.0015410792357656849], "ACC": [{"max": 0.36115992970123023, "min": 0.13104195893380946, "sm": 0.010957998607972417, "value": [3, 7, 7, 22, 29, 63, 124, 188, 206, 215, 297, 342, 232, 141, 79, 41, 30, 13, 8, 7, 1, 1]}, 0.24438454201931586], "LCC": [{"max": 1.0, "min": 0, "sm": 0.047619047619047616, "value": [1727, 97, 57, 60, 13, 3, 4, 47, 1, 0, 0, 0, 0, 0, 2, 0, 0, 0, 0, 0, 0, 45]}, 0.04524451679321651]}, "rate-40": {"ANB": [{"max": 0.1503724642634988, "min": 0.0, "sm": 0.007160593536357085, "value": [2264, 49, 15, 4, 3, 3, 3, 4, 3, 0, 1, 0, 0, 0, 0, 0, 0, 0, 0, 0, 0, 1]}, 0.0012856692087086675], "ACC": [{"max": 0.3628359592215014, "min": 0.14884988277042013, "sm": 0.010189813164337204, "value": [7, 8, 17, 34, 48, 75, 150, 208, 219, 261, 329, 416, 222, 132, 87, 52, 27, 34, 12, 2, 9, 1]}, 0.2529345871443263], "LCC": [{"max": 1.0, "min": 0, "sm": 0.047619047619047616, "value": [1857, 123, 83, 76, 20, 3, 6, 60, 4, 1, 4, 0, 0, 0, 10, 0, 0, 0, 0, 0, 0, 103]}, 0.07416132868821307]}}