{"rate-5": {"ANB": [{"max": 0.04339468687724583, "min": 0.0, "sm": 0.0020664136608212302, "value": [283, 6, 2, 1, 0, 0, 0, 0, 0, 0, 0, 0, 0, 0, 0, 0, 0, 0, 0, 0, 0, 1]}, 0.0002877478692438978], "ACC": [{"max": 0.14774419297200717, "min": 0.0, "sm": 0.00703543776057177, "value": [229, 0, 0, 0, 0, 0, 1, 6, 0, 14, 0, 0, 35, 7, 0, 0, 0, 0, 0, 0, 0, 1]}, 0.017899896836818453], "LCC": [{"max": 1.0, "min": 0, "sm": 0.047619047619047616, "value": [286, 1, 1, 1, 1, 0, 0, 0, 0, 0, 0, 0, 0, 0, 1, 0, 0, 0, 0, 0, 0, 2]}, 0.01093339358552045]}, "rate-10": {"ANB": [{"max": 0.02507518163377095, "min": 0.0, "sm": 0.001194056268274807, "value": [553, 12, 10, 5, 2, 0, 2, 0, 1, 0, 0, 0, 1, 0, 0, 0, 0, 0, 0, 0, 0, 1]}, 0.0002814001348808402], "ACC": [{"max": 0.07796439334969962, "min": 0.0, "sm": 0.003712590159509506, "value": [456, 5, 0, 0, 0, 0, 0, 2, 5, 10, 13, 18, 11, 14, 27, 12, 6, 3, 4, 0, 0, 1]}, 0.010574070880890947], "LCC": [{"max": 1.0, "min": 0, "sm": 0.047619047619047616, "value": [571, 4, 2, 4, 1, 0, 0, 1, 0, 0, 2, 0, 0, 0, 0, 0, 0, 0, 0, 0, 0, 2]}, 0.008139554951337957]}, "rate-15": {"ANB": [{"max": 0.03019056235681685, "min": 0.0, "sm": 0.0014376458265150881, "value": [836, 15, 12, 5, 2, 3, 1, 1, 0, 2, 0, 1, 1, 1, 0, 0, 0, 0, 0, 0, 0, 1]}, 0.0003408625738974827], "ACC": [{"max": 0.10496031746031745, "min": 0.0, "sm": 0.0049981103552532114, "value": [627, 0, 0, 0, 0, 0, 2, 4, 3, 24, 29, 28, 39, 35, 36, 28, 11, 7, 5, 2, 0, 1]}, 0.018787176581929008], "LCC": [{"max": 1.0, "min": 0, "sm": 0.047619047619047616, "value": [839, 6, 8, 5, 1, 3, 0, 12, 0, 0, 0, 0, 0, 0, 2, 0, 0, 0, 0, 0, 0, 5]}, 0.015337086170504432]}, "rate-20": {"ANB": [{"max": 0.04723503331850323, "min": 0.0, "sm": 0.0022492873008811065, "value": [1130, 22, 10, 5, 1, 1, 0, 0, 2, 1, 0, 0, 0, 0, 0, 0, 1, 0, 0, 1, 0, 1]}, 0.0004152216416732309], "ACC": [{"max": 0.18525372284492853, "min": 0.0, "sm": 0.008821605849758501, "value": [682, 0, 0, 0, 0, 0, 0, 2, 13, 32, 47, 72, 70, 94, 90, 45, 16, 6, 2, 2, 1, 1]}, 0.04802625305313419], "LCC": [{"max": 1.0, "min": 0, "sm": 0.047619047619047616, "value": [1029, 16, 22, 17, 9, 10, 10, 17, 2, 0, 3, 2, 1, 0, 9, 0, 0, 0, 0, 0, 0, 28]}, 0.04938169445825301]}, "rate-25": {"ANB": [{"max": 0.06169428427835888, "min": 0.0, "sm": 0.0029378230608742323, "value": [1427, 21, 8, 3, 1, 2, 1, 0, 0, 0, 2, 0, 0, 0, 0, 1, 0, 0, 1, 0, 0, 1]}, 0.0004372158861679247], "ACC": [{"max": 0.21344234990918723, "min": 0.0, "sm": 0.01016392142424701, "value": [748, 0, 0, 0, 0, 0, 0, 0, 4, 26, 43, 100, 138, 91, 186, 66, 40, 13, 7, 2, 3, 1]}, 0.06712212224483462], "LCC": [{"max": 1.0, "min": 0, "sm": 0.047619047619047616, "value": [1229, 30, 29, 23, 17, 6, 3, 43, 8, 3, 8, 2, 5, 0, 12, 0, 0, 0, 0, 0, 0, 50]}, 0.068382917801647]}, "rate-30": {"ANB": [{"max": 0.13584596246392835, "min": 0.0, "sm": 0.00646885535542516, "value": [1731, 21, 1, 2, 2, 1, 1, 0, 1, 1, 0, 0, 0, 0, 0, 0, 0, 0, 0, 0, 0, 1]}, 0.0006012017068471999], "ACC": [{"max": 0.23411486443854418, "min": 0.0, "sm": 0.011148326878025912, "value": [713, 0, 0, 0, 0, 3, 7, 7, 18, 19, 61, 87, 119, 130, 233, 256, 50, 35, 14, 7, 2, 1]}, 0.0918702364330652], "LCC": [{"max": 1.0, "min": 0, "sm": 0.047619047619047616, "value": [1519, 38, 27, 27, 21, 8, 7, 34, 3, 2, 6, 0, 1, 1, 16, 0, 0, 0, 0, 0, 0, 52]}, 0.05643168921593984]}, "rate-35": {"ANB": [{"max": 0.07963069543327105, "min": 0.0, "sm": 0.0037919378777748116, "value": [1994, 28, 12, 5, 6, 0, 2, 0, 2, 2, 1, 0, 0, 0, 0, 1, 0, 0, 1, 1, 0, 1]}, 0.0006063486301565535], "ACC": [{"max": 0.297784496666253, "min": 0.0, "sm": 0.014180214126964429, "value": [648, 0, 0, 0, 0, 0, 0, 0, 12, 35, 89, 180, 246, 257, 346, 136, 68, 17, 14, 4, 3, 1]}, 0.1308917018044049], "LCC": [{"max": 1.0, "min": 0, "sm": 0.047619047619047616, "value": [1578, 48, 50, 35, 36, 25, 20, 78, 15, 7, 15, 5, 2, 1, 22, 0, 1, 5, 2, 1, 0, 110]}, 0.10441781027363962]}, "rate-40": {"ANB": [{"max": 0.0805602482144019, "min": 0.0, "sm": 0.0038362022959239, "value": [2289, 30, 14, 7, 1, 1, 0, 3, 0, 0, 1, 1, 0, 1, 0, 0, 0, 0, 0, 0, 1, 1]}, 0.0005044833346426138], "ACC": [{"max": 0.26817409592998287, "min": 0.0, "sm": 0.012770195044284898, "value": [831, 0, 0, 0, 0, 0, 1, 5, 13, 43, 94, 181, 269, 267, 358, 174, 67, 29, 10, 3, 4, 1]}, 0.11140798692770292], "LCC": [{"max": 1.0, "min": 0, "sm": 0.047619047619047616, "value": [1873, 63, 71, 53, 34, 9, 15, 70, 8, 5, 14, 5, 2, 0, 25, 0, 1, 1, 0, 0, 0, 101]}, 0.08293902448785685]}}