{"rate-5": {"ANB": [{"max": 0.00021183448665442733, "min": 0.0, "sm": 1.0087356507353683e-05, "value": [288, 0, 1, 0, 1, 0, 1, 0, 0, 1, 0, 0, 0, 0, 0, 0, 0, 0, 0, 0, 0, 1]}, 1.526300813968191e-06], "ACC": [{"max": 0.014269406392694063, "min": 0.0, "sm": 0.0006794955425092411, "value": [260, 0, 0, 0, 0, 16, 2, 0, 0, 4, 2, 2, 3, 0, 0, 3, 0, 0, 0, 0, 0, 1]}, 0.0006456784640079797], "LCC": [{"max": 1.0, "min": 0, "sm": 0.047619047619047616, "value": [290, 0, 0, 0, 0, 0, 0, 1, 0, 0, 0, 0, 0, 0, 0, 0, 0, 0, 0, 0, 0, 2]}, 0.007963594994311717]}, "rate-10": {"ANB": [{"max": 0.04000161240119235, "min": 0.0, "sm": 0.0019048386857710643, "value": [565, 8, 6, 1, 3, 2, 0, 0, 1, 0, 0, 0, 0, 0, 0, 0, 0, 0, 0, 0, 0, 1]}, 0.0003346428333782323], "ACC": [{"max": 0.09310758790380189, "min": 0.0, "sm": 0.004433694662085804, "value": [448, 1, 0, 0, 0, 0, 2, 5, 10, 13, 24, 18, 12, 14, 3, 27, 8, 1, 0, 0, 0, 1]}, 0.012870491289227563], "LCC": [{"max": 1.0, "min": 0, "sm": 0.047619047619047616, "value": [562, 2, 2, 1, 1, 0, 2, 6, 0, 0, 3, 0, 0, 0, 1, 0, 0, 0, 0, 0, 0, 7]}, 0.021372768817402545]}, "rate-15": {"ANB": [{"max": 0.03486636745599444, "min": 0.0, "sm": 0.0016603032121902113, "value": [846, 15, 3, 4, 2, 3, 1, 3, 1, 0, 1, 0, 1, 0, 0, 0, 0, 0, 0, 0, 0, 1]}, 0.00034220378994197177], "ACC": [{"max": 0.12692615302585977, "min": 0.0, "sm": 0.006044102525040941, "value": [594, 10, 0, 0, 0, 0, 0, 2, 5, 7, 22, 62, 38, 45, 46, 31, 9, 5, 1, 2, 1, 1]}, 0.025165467186272442], "LCC": [{"max": 1.0, "min": 0, "sm": 0.047619047619047616, "value": [809, 12, 4, 7, 4, 4, 5, 10, 3, 1, 0, 0, 0, 0, 6, 0, 0, 0, 0, 0, 0, 16]}, 0.0350335835173938]}, "rate-20": {"ANB": [{"max": 0.05046186863549158, "min": 0.0, "sm": 0.002402946125499599, "value": [1130, 22, 11, 6, 2, 0, 1, 1, 0, 0, 1, 0, 0, 0, 0, 0, 0, 0, 0, 0, 0, 1]}, 0.00036904882306497687], "ACC": [{"max": 0.1347963312241421, "min": 0.0, "sm": 0.006418872915435339, "value": [753, 0, 0, 0, 0, 0, 0, 4, 7, 23, 46, 47, 58, 70, 40, 82, 26, 14, 2, 2, 0, 1]}, 0.030646482403047796], "LCC": [{"max": 1.0, "min": 0, "sm": 0.047619047619047616, "value": [1105, 10, 7, 10, 6, 1, 0, 16, 0, 0, 1, 0, 0, 0, 5, 0, 0, 0, 0, 0, 0, 14]}, 0.023884465778472308]}, "rate-25": {"ANB": [{"max": 0.0631461832997977, "min": 0.0, "sm": 0.0030069611095141758, "value": [1422, 22, 10, 2, 1, 4, 0, 1, 4, 0, 0, 0, 0, 0, 0, 0, 0, 1, 0, 0, 0, 1]}, 0.00047511189950732064], "ACC": [{"max": 0.2102695130108074, "min": 0.0, "sm": 0.010012833952895591, "value": [742, 0, 0, 0, 0, 0, 3, 4, 18, 27, 62, 93, 98, 166, 130, 80, 22, 13, 6, 2, 1, 1]}, 0.06530550589927851], "LCC": [{"max": 1.0, "min": 0, "sm": 0.047619047619047616, "value": [1257, 20, 31, 19, 17, 13, 4, 25, 6, 2, 3, 4, 0, 2, 14, 1, 0, 0, 0, 0, 0, 50]}, 0.06337476705941067]}, "rate-30": {"ANB": [{"max": 0.06074797222480268, "min": 0.0, "sm": 0.002892760582133461, "value": [1709, 27, 9, 5, 5, 2, 0, 0, 0, 0, 0, 0, 0, 1, 1, 0, 1, 1, 0, 0, 0, 1]}, 0.00045046208067795764], "ACC": [{"max": 0.22761715094656523, "min": 0.0, "sm": 0.01083891194983644, "value": [837, 0, 0, 0, 0, 0, 3, 7, 17, 37, 117, 119, 167, 253, 92, 71, 26, 7, 7, 1, 0, 1]}, 0.0728409997673992], "LCC": [{"max": 1.0, "min": 0, "sm": 0.047619047619047616, "value": [1484, 35, 37, 23, 29, 6, 11, 29, 9, 6, 6, 4, 1, 0, 19, 0, 0, 0, 0, 0, 0, 63]}, 0.0676065419434747]}, "rate-35": {"ANB": [{"max": 0.15950008999849966, "min": 0.0, "sm": 0.007595242380880936, "value": [2022, 17, 6, 2, 1, 2, 3, 0, 2, 0, 0, 0, 0, 0, 0, 0, 0, 0, 0, 0, 0, 1]}, 0.0006480198564644775], "ACC": [{"max": 0.3173979852666951, "min": 0.0, "sm": 0.015114189774604528, "value": [583, 0, 0, 0, 0, 0, 0, 3, 13, 34, 90, 197, 162, 371, 383, 116, 65, 19, 9, 9, 1, 1]}, 0.14564966821156997], "LCC": [{"max": 1.0, "min": 0, "sm": 0.047619047619047616, "value": [1612, 31, 49, 39, 37, 12, 21, 67, 14, 9, 15, 5, 2, 0, 28, 0, 0, 3, 0, 1, 0, 111]}, 0.10120554847423212]}, "rate-40": {"ANB": [{"max": 0.06879494391492005, "min": 0.0, "sm": 0.0032759497102342883, "value": [2280, 35, 14, 5, 6, 1, 2, 4, 0, 0, 1, 0, 1, 0, 0, 0, 0, 0, 0, 0, 0, 1]}, 0.00046211339620381975], "ACC": [{"max": 0.22884120666985808, "min": 0.0, "sm": 0.01089720031761229, "value": [955, 0, 0, 0, 0, 0, 0, 4, 16, 54, 62, 144, 242, 215, 286, 216, 81, 40, 19, 12, 3, 1]}, 0.08856542913154619], "LCC": [{"max": 1.0, "min": 0, "sm": 0.047619047619047616, "value": [1931, 48, 69, 47, 40, 13, 17, 54, 9, 5, 9, 1, 0, 0, 16, 0, 0, 1, 0, 1, 0, 89]}, 0.07113949243335847]}}