{"rate-5": {"ANB": [{"max": 0.01777055971378807, "min": 0.0, "sm": 0.0008462171292280033, "value": [280, 3, 1, 2, 0, 0, 0, 0, 0, 0, 0, 0, 0, 2, 0, 1, 2, 0, 0, 0, 1, 1]}, 0.0003774782907808699], "ACC": [{"max": 0.05075680703534585, "min": 0.0, "sm": 0.0024169908112069453, "value": [231, 10, 2, 0, 0, 0, 0, 0, 0, 0, 0, 7, 0, 21, 1, 3, 12, 1, 1, 1, 1, 2]}, 0.006250722453762058], "LCC": [{"max": 1.0, "min": 0, "sm": 0.047619047619047616, "value": [291, 0, 0, 0, 0, 0, 0, 1, 0, 0, 0, 0, 0, 0, 0, 0, 0, 0, 0, 0, 0, 1]}, 0.00459438172748753]}, "rate-10": {"ANB": [{"max": 0.022878266552896827, "min": 0.0, "sm": 0.0010894412644236583, "value": [564, 12, 4, 1, 0, 3, 1, 0, 0, 0, 1, 0, 0, 0, 0, 0, 0, 0, 0, 0, 0, 1]}, 0.00017409974791465693], "ACC": [{"max": 0.09733361774744027, "min": 0.0, "sm": 0.004634934178449537, "value": [469, 0, 0, 0, 0, 0, 1, 3, 5, 4, 11, 27, 19, 8, 21, 12, 2, 3, 1, 0, 0, 1]}, 0.011978780463652654], "LCC": [{"max": 1.0, "min": 0, "sm": 0.047619047619047616, "value": [557, 2, 4, 2, 2, 0, 0, 6, 3, 0, 1, 2, 0, 0, 1, 0, 0, 0, 0, 0, 0, 7]}, 0.02344500092189595]}, "rate-15": {"ANB": [{"max": 0.07383473147957936, "min": 0.0, "sm": 0.003515939594265684, "value": [861, 10, 4, 1, 1, 1, 1, 0, 0, 0, 0, 0, 1, 0, 0, 0, 0, 0, 0, 0, 0, 1]}, 0.0004204022615074284], "ACC": [{"max": 0.17616673059711033, "min": 0.0, "sm": 0.00838889193319573, "value": [548, 0, 0, 0, 0, 0, 2, 5, 8, 22, 34, 33, 37, 52, 107, 20, 7, 2, 1, 1, 1, 1]}, 0.04116626179679212], "LCC": [{"max": 1.0, "min": 0, "sm": 0.047619047619047616, "value": [806, 9, 9, 7, 6, 2, 3, 12, 1, 0, 2, 0, 0, 0, 5, 0, 0, 0, 0, 0, 0, 19]}, 0.03775645401683987]}, "rate-20": {"ANB": [{"max": 0.04586523043512282, "min": 0.0, "sm": 0.0021840585921487055, "value": [1137, 19, 7, 3, 3, 1, 0, 1, 1, 0, 0, 1, 0, 0, 0, 0, 0, 0, 0, 0, 1, 1]}, 0.00035490379318616573], "ACC": [{"max": 0.16292359115432734, "min": 0.0, "sm": 0.007758266245444159, "value": [725, 0, 0, 0, 0, 0, 3, 7, 13, 18, 25, 67, 49, 60, 119, 47, 25, 7, 7, 0, 2, 1]}, 0.039707978640730945], "LCC": [{"max": 1.0, "min": 0, "sm": 0.047619047619047616, "value": [1048, 14, 12, 10, 9, 2, 2, 19, 5, 0, 5, 1, 0, 0, 9, 0, 0, 2, 0, 0, 0, 37]}, 0.05372005362131617]}, "rate-25": {"ANB": [{"max": 0.032372944641778666, "min": 0.0, "sm": 0.0015415687924656507, "value": [1375, 37, 18, 11, 8, 5, 3, 2, 1, 0, 0, 2, 1, 1, 0, 0, 1, 1, 0, 0, 1, 1]}, 0.0004576776175141492], "ACC": [{"max": 0.17053346205350192, "min": 0.0, "sm": 0.008120641050166758, "value": [801, 0, 0, 0, 0, 0, 0, 0, 10, 20, 42, 87, 99, 126, 134, 87, 25, 20, 9, 6, 1, 1]}, 0.049767676914473806], "LCC": [{"max": 1.0, "min": 0, "sm": 0.047619047619047616, "value": [1309, 28, 24, 20, 7, 3, 3, 22, 4, 0, 5, 0, 0, 0, 9, 0, 0, 0, 0, 0, 0, 34]}, 0.04288330815134461]}, "rate-30": {"ANB": [{"max": 0.05568198204845771, "min": 0.0, "sm": 0.0026515229546884623, "value": [1700, 30, 13, 3, 5, 3, 0, 3, 2, 0, 0, 0, 0, 0, 0, 0, 1, 0, 0, 0, 1, 1]}, 0.000443582479420452], "ACC": [{"max": 0.22305341752112173, "min": 0.0, "sm": 0.010621591310529607, "value": [835, 0, 0, 0, 0, 0, 0, 5, 13, 42, 66, 130, 145, 171, 190, 98, 33, 20, 10, 1, 2, 1]}, 0.07433057552661984], "LCC": [{"max": 1.0, "min": 0, "sm": 0.047619047619047616, "value": [1467, 20, 34, 42, 21, 14, 14, 48, 8, 1, 5, 3, 5, 1, 16, 0, 2, 0, 0, 0, 0, 61]}, 0.07115770700662236]}, "rate-35": {"ANB": [{"max": 0.1512276377472742, "min": 0.0, "sm": 0.007201316083203534, "value": [2016, 27, 6, 3, 0, 2, 1, 0, 0, 0, 0, 0, 0, 0, 0, 0, 0, 0, 0, 0, 0, 1]}, 0.0005769530597043411], "ACC": [{"max": 0.2843382003051457, "min": 0.0, "sm": 0.013539914300245034, "value": [715, 0, 0, 0, 0, 2, 1, 15, 8, 62, 110, 180, 263, 236, 310, 88, 41, 15, 5, 4, 0, 1]}, 0.11519529563615953], "LCC": [{"max": 1.0, "min": 0, "sm": 0.047619047619047616, "value": [1649, 50, 54, 40, 34, 13, 12, 71, 6, 3, 8, 0, 5, 0, 17, 0, 0, 2, 0, 0, 0, 92]}, 0.08261716072377939]}, "rate-40": {"ANB": [{"max": 0.08047122843218465, "min": 0.0, "sm": 0.00383196325867546, "value": [2287, 33, 12, 3, 4, 3, 0, 0, 3, 0, 1, 0, 1, 1, 0, 0, 0, 1, 0, 0, 0, 1]}, 0.0005372579483117457], "ACC": [{"max": 0.2751100507598248, "min": 0.0, "sm": 0.013100478607610705, "value": [784, 0, 0, 0, 0, 0, 0, 5, 21, 69, 75, 176, 238, 248, 399, 209, 65, 33, 17, 5, 5, 1]}, 0.11854837211674127], "LCC": [{"max": 1.0, "min": 0, "sm": 0.047619047619047616, "value": [1889, 49, 50, 42, 42, 12, 18, 62, 13, 3, 15, 4, 4, 0, 30, 0, 2, 4, 0, 0, 0, 111]}, 0.08902739189914062]}}