{"rate-5": {"ANB": [{"max": 0.0014025901164149797, "min": 0.0, "sm": 6.679000554357046e-05, "value": [272, 8, 1, 1, 2, 1, 0, 2, 1, 1, 0, 1, 0, 0, 1, 1, 0, 0, 1, 0, 0, 1]}, 3.379256232859222e-05], "ACC": [{"max": 0.0273037542662116, "min": 0.0034129692832764505, "sm": 0.0011376564277588168, "value": [208, 2, 11, 17, 3, 2, 16, 11, 2, 3, 2, 9, 2, 2, 0, 3, 0, 0, 0, 0, 0, 1]}, 0.005752962386165297], "LCC": [{"max": 0, "min": 0, "sm": 0.0, "value": [294, 0, 0, 0, 0, 0, 0, 0, 0, 0, 0, 0, 0, 0, 0, 0, 0, 0, 0, 0, 0, 0]}, 0.0]}, "rate-10": {"ANB": [{"max": 0.01798663982964324, "min": 0.0, "sm": 0.0008565066585544401, "value": [559, 7, 3, 2, 1, 1, 1, 0, 0, 0, 1, 2, 0, 3, 1, 0, 1, 3, 0, 0, 1, 1]}, 0.00037850320830244184], "ACC": [{"max": 0.029938327046284654, "min": 0.0017064846416382253, "sm": 0.0013443734478403061, "value": [264, 62, 47, 19, 31, 34, 7, 13, 2, 8, 8, 11, 16, 10, 9, 7, 21, 11, 0, 2, 4, 1]}, 0.007003084558622575], "LCC": [{"max": 1.0, "min": 0, "sm": 0.047619047619047616, "value": [582, 0, 0, 0, 0, 0, 0, 0, 0, 0, 0, 0, 0, 0, 0, 0, 0, 0, 0, 0, 0, 5]}, 0.0085787296179119]}, "rate-15": {"ANB": [{"max": 0.06265401454821254, "min": 0.0, "sm": 0.002983524502295835, "value": [784, 26, 13, 13, 8, 6, 2, 4, 4, 5, 3, 4, 2, 3, 0, 2, 0, 1, 0, 0, 0, 1]}, 0.0018550250522722082], "ACC": [{"max": 0.07670501541469284, "min": 0.0011363636363636363, "sm": 0.003598507227539486, "value": [438, 34, 4, 0, 0, 0, 0, 3, 1, 7, 25, 40, 22, 46, 69, 47, 55, 57, 12, 15, 5, 1]}, 0.0261366095876325], "LCC": [{"max": 0, "min": 0, "sm": 0.0, "value": [881, 0, 0, 0, 0, 0, 0, 0, 0, 0, 0, 0, 0, 0, 0, 0, 0, 0, 0, 0, 0, 0]}, 0.0]}, "rate-20": {"ANB": [{"max": 0.09194870415880178, "min": 0.0, "sm": 0.004378509721847704, "value": [1059, 52, 22, 14, 3, 5, 5, 3, 2, 0, 4, 0, 0, 2, 0, 1, 0, 1, 0, 1, 0, 1]}, 0.0018811134588309177], "ACC": [{"max": 0.14772198180674947, "min": 0.0008517887563884157, "sm": 0.0069938187166838596, "value": [437, 0, 0, 0, 0, 0, 1, 1, 3, 24, 58, 95, 87, 107, 93, 139, 87, 18, 10, 11, 3, 1]}, 0.062058831054803296], "LCC": [{"max": 1.0, "min": 0, "sm": 0.047619047619047616, "value": [1171, 2, 0, 0, 0, 0, 0, 1, 0, 0, 0, 0, 0, 0, 0, 0, 0, 0, 0, 0, 0, 1]}, 0.0012813956095212838]}, "rate-25": {"ANB": [{"max": 0.07921398493471153, "min": 0.0, "sm": 0.0037720945207005492, "value": [1284, 87, 38, 14, 11, 6, 3, 4, 9, 4, 2, 1, 1, 0, 0, 0, 2, 0, 0, 1, 1, 1]}, 0.0019343313785301756], "ACC": [{"max": 0.1783617089327781, "min": 0.0006811989100817438, "sm": 0.008460976667747446, "value": [391, 0, 0, 0, 0, 0, 0, 2, 11, 26, 68, 74, 139, 167, 183, 226, 112, 32, 23, 11, 3, 1]}, 0.08841524169701022], "LCC": [{"max": 1.0, "min": 0, "sm": 0.047619047619047616, "value": [1447, 4, 2, 5, 0, 0, 0, 5, 0, 0, 0, 0, 0, 0, 0, 0, 0, 0, 0, 0, 0, 6]}, 0.006234419968252507]}, "rate-30": {"ANB": [{"max": 0.09217281965944091, "min": 0.0, "sm": 0.004389181888544805, "value": [1616, 62, 36, 16, 4, 5, 9, 6, 1, 0, 2, 3, 0, 0, 0, 1, 0, 1, 0, 0, 0, 1]}, 0.0016644427612246772], "ACC": [{"max": 0.21686524178933012, "min": 0.0005675368898978433, "sm": 0.010299890709496776, "value": [363, 0, 0, 0, 0, 0, 0, 2, 12, 33, 67, 140, 193, 236, 272, 277, 87, 49, 22, 9, 0, 1]}, 0.11437050648875675], "LCC": [{"max": 1.0, "min": 0, "sm": 0.047619047619047616, "value": [1737, 5, 4, 6, 0, 0, 0, 10, 0, 0, 0, 0, 0, 0, 0, 0, 0, 0, 0, 0, 0, 1]}, 0.0036691234047609845]}, "rate-35": {"ANB": [{"max": 0.103345104929722, "min": 0.0, "sm": 0.004921195472843904, "value": [1906, 67, 35, 19, 6, 6, 5, 0, 3, 3, 1, 0, 1, 0, 0, 3, 0, 0, 0, 0, 0, 1]}, 0.001573082685947237], "ACC": [{"max": 0.23848093608469947, "min": 0.00048661800486618007, "sm": 0.011333062765706347, "value": [288, 0, 0, 0, 0, 0, 0, 2, 9, 28, 66, 135, 177, 327, 271, 300, 302, 95, 32, 16, 7, 1]}, 0.140867876507469], "LCC": [{"max": 1.0, "min": 0, "sm": 0.047619047619047616, "value": [1988, 17, 14, 11, 4, 1, 0, 13, 1, 0, 0, 0, 0, 0, 0, 0, 0, 1, 0, 0, 0, 6]}, 0.008620513814889316]}, "rate-40": {"ANB": [{"max": 0.10433045538028413, "min": 0.0, "sm": 0.004968116922870673, "value": [2193, 94, 24, 14, 5, 4, 5, 1, 3, 0, 1, 2, 2, 0, 0, 0, 0, 1, 0, 0, 0, 1]}, 0.0013332486505494392], "ACC": [{"max": 0.25501651490001864, "min": 0.0004257130693912303, "sm": 0.012123371515744163, "value": [308, 0, 0, 0, 0, 0, 0, 1, 13, 29, 97, 151, 289, 287, 447, 422, 167, 84, 38, 12, 4, 1]}, 0.14995458662385652], "LCC": [{"max": 1.0, "min": 0, "sm": 0.047619047619047616, "value": [2261, 30, 13, 9, 3, 0, 0, 16, 0, 0, 0, 0, 0, 0, 1, 0, 0, 0, 0, 0, 0, 17]}, 0.012666458951261872]}}