{"rate-5": {"ANB": [{"max": 0.11799527712335836, "min": 0.0, "sm": 0.005618822720159922, "value": [224, 32, 12, 6, 4, 3, 1, 3, 1, 1, 2, 0, 0, 3, 0, 0, 0, 0, 0, 0, 0, 1]}, 0.005507857316258685], "ACC": [{"max": 0.53900340516233, "min": 0.003424657534246575, "sm": 0.02550374988705159, "value": [4, 0, 0, 0, 0, 0, 0, 0, 2, 7, 9, 13, 19, 63, 37, 51, 36, 25, 12, 10, 4, 1]}, 0.37724801745801895], "LCC": [{"max": 1.0, "min": 0, "sm": 0.047619047619047616, "value": [59, 3, 6, 8, 16, 27, 25, 38, 21, 14, 9, 6, 11, 2, 16, 5, 4, 1, 0, 0, 0, 22]}, 0.35538422112250906]}, "rate-10": {"ANB": [{"max": 0.09784900403323563, "min": 0.0, "sm": 0.00465947638253503, "value": [509, 31, 16, 6, 7, 4, 4, 0, 3, 0, 1, 1, 2, 0, 2, 0, 0, 0, 0, 0, 0, 1]}, 0.003036255077350251], "ACC": [{"max": 0.5173394008342813, "min": 0.0017064846416382253, "sm": 0.02455394839012586, "value": [2, 0, 0, 0, 0, 0, 0, 0, 2, 5, 13, 35, 39, 107, 130, 106, 55, 47, 23, 17, 5, 1]}, 0.364043756196954], "LCC": [{"max": 1.0, "min": 0, "sm": 0.047619047619047616, "value": [129, 11, 17, 51, 56, 61, 44, 73, 34, 17, 16, 10, 9, 2, 22, 2, 0, 0, 2, 1, 0, 30]}, 0.28564920598572136]}, "rate-15": {"ANB": [{"max": 0.10807270459334375, "min": 0.0, "sm": 0.005146319266349703, "value": [800, 41, 15, 7, 5, 5, 0, 0, 2, 0, 2, 1, 1, 0, 1, 0, 0, 0, 0, 0, 0, 1]}, 0.0021311834902115866], "ACC": [{"max": 0.50765280294149, "min": 0.0011363636363636363, "sm": 0.024119830443101255, "value": [7, 0, 0, 0, 0, 0, 0, 1, 5, 11, 26, 49, 94, 189, 173, 148, 83, 55, 21, 15, 3, 1]}, 0.34633640898932816], "LCC": [{"max": 1.0, "min": 0, "sm": 0.047619047619047616, "value": [242, 10, 50, 79, 88, 69, 54, 69, 48, 31, 29, 6, 13, 1, 34, 1, 5, 2, 1, 0, 0, 49]}, 0.26649385334134756]}, "rate-20": {"ANB": [{"max": 0.13380982338680059, "min": 0.0, "sm": 0.006371896351752409, "value": [1116, 31, 3, 10, 5, 1, 2, 2, 2, 2, 0, 0, 0, 0, 0, 0, 0, 0, 0, 0, 0, 1]}, 0.0016651174682374144], "ACC": [{"max": 0.5054010398077864, "min": 0.0008517887563884157, "sm": 0.024026154811971335, "value": [2, 0, 0, 0, 0, 0, 0, 0, 6, 12, 38, 70, 122, 275, 272, 185, 99, 55, 21, 15, 2, 1]}, 0.34312374368054877], "LCC": [{"max": 1.0, "min": 0, "sm": 0.047619047619047616, "value": [305, 26, 94, 102, 108, 82, 81, 108, 49, 19, 41, 13, 18, 3, 48, 2, 7, 6, 0, 1, 0, 62]}, 0.2646119246642957]}, "rate-25": {"ANB": [{"max": 0.11827722580985524, "min": 0.0, "sm": 0.005632248848088345, "value": [1401, 33, 10, 7, 5, 4, 1, 1, 0, 2, 1, 1, 0, 1, 0, 0, 0, 0, 0, 0, 0, 1]}, 0.0013550296964084418], "ACC": [{"max": 0.4943861176377981, "min": 0.0006816632583503749, "sm": 0.023509735922830843, "value": [10, 0, 0, 0, 0, 0, 0, 1, 7, 14, 40, 117, 137, 324, 348, 247, 117, 60, 25, 17, 3, 1]}, 0.3335183565491008], "LCC": [{"max": 1.0, "min": 0, "sm": 0.047619047619047616, "value": [387, 55, 117, 131, 150, 90, 77, 136, 48, 31, 45, 9, 17, 7, 53, 3, 5, 12, 5, 1, 0, 89]}, 0.26190049273479815]}, "rate-30": {"ANB": [{"max": 0.1295523855770851, "min": 0.0, "sm": 0.006169161217956433, "value": [1693, 35, 11, 8, 4, 2, 2, 1, 2, 0, 3, 0, 0, 0, 0, 0, 0, 0, 0, 0, 0, 1]}, 0.0011773138356827337], "ACC": [{"max": 0.4860956664160755, "min": 0.0005678591709256105, "sm": 0.023120371773578566, "value": [7, 0, 0, 0, 0, 0, 0, 1, 2, 23, 57, 148, 185, 367, 432, 293, 134, 65, 30, 14, 3, 1]}, 0.32704426760612665], "LCC": [{"max": 1.0, "min": 0, "sm": 0.047619047619047616, "value": [509, 88, 136, 148, 164, 99, 77, 140, 58, 34, 50, 22, 24, 7, 64, 5, 3, 4, 4, 1, 1, 124]}, 0.2574110376769813]}, "rate-35": {"ANB": [{"max": 0.12725646314045957, "min": 0.0, "sm": 0.006059831578117123, "value": [1990, 34, 7, 11, 3, 2, 2, 0, 3, 1, 2, 0, 0, 0, 0, 0, 0, 0, 0, 0, 0, 1]}, 0.00103134545142864], "ACC": [{"max": 0.48484315156041635, "min": 0.00048661800486618007, "sm": 0.02306459683597858, "value": [4, 0, 0, 0, 0, 0, 0, 1, 9, 26, 66, 178, 237, 447, 506, 336, 135, 66, 27, 15, 2, 1]}, 0.3242691572945345], "LCC": [{"max": 1.0, "min": 0, "sm": 0.047619047619047616, "value": [627, 118, 171, 190, 171, 110, 85, 172, 53, 28, 44, 16, 28, 17, 73, 6, 3, 13, 4, 1, 0, 126]}, 0.2420986811222982]}, "rate-40": {"ANB": [{"max": 0.13587770116391593, "min": 0.0, "sm": 0.006470366722091235, "value": [2290, 30, 7, 8, 6, 1, 1, 0, 4, 1, 0, 1, 0, 0, 0, 0, 0, 0, 0, 0, 0, 1]}, 0.0009190697528294994], "ACC": [{"max": 0.4779689578575325, "min": 0.0005676174258549738, "sm": 0.022733397163413216, "value": [3, 0, 0, 0, 0, 0, 0, 0, 7, 21, 61, 218, 275, 526, 579, 384, 153, 72, 30, 17, 3, 1]}, 0.3205522627161151], "LCC": [{"max": 1.0, "min": 0, "sm": 0.047619047619047616, "value": [774, 118, 196, 214, 166, 119, 85, 197, 62, 29, 67, 16, 27, 8, 91, 4, 7, 9, 3, 2, 0, 156]}, 0.23991000446913782]}}