{"rate-5": {"ANB": [{"max": 0.0009885609377206608, "min": 0.0, "sm": 4.707433036765051e-05, "value": [262, 11, 5, 6, 2, 3, 1, 1, 1, 0, 0, 0, 0, 0, 0, 0, 0, 0, 0, 0, 0, 1]}, 1.9279589229071886e-05], "ACC": [{"max": 0.028538812785388126, "min": 0.003424657534246575, "sm": 0.0011959121548162643, "value": [184, 6, 34, 30, 8, 6, 4, 4, 8, 0, 7, 0, 0, 1, 0, 0, 0, 0, 0, 0, 0, 1]}, 0.0056447071425312296], "LCC": [{"max": 0, "min": 0, "sm": 0.0, "value": [293, 0, 0, 0, 0, 0, 0, 0, 0, 0, 0, 0, 0, 0, 0, 0, 0, 0, 0, 0, 0, 0]}, 0.0]}, "rate-10": {"ANB": [{"max": 0.006430569041403329, "min": 0.0, "sm": 0.00030621757340015853, "value": [557, 15, 4, 2, 2, 0, 0, 0, 2, 0, 2, 1, 0, 1, 0, 0, 0, 0, 0, 0, 1, 1]}, 8.855866014504714e-05], "ACC": [{"max": 0.03274762715989291, "min": 0.0017035775127768314, "sm": 0.001478288078434099, "value": [277, 68, 41, 52, 26, 24, 24, 13, 6, 5, 4, 9, 8, 14, 1, 11, 1, 2, 0, 0, 1, 1]}, 0.006042777890124776], "LCC": [{"max": 0, "min": 0, "sm": 0.0, "value": [588, 0, 0, 0, 0, 0, 0, 0, 0, 0, 0, 0, 0, 0, 0, 0, 0, 0, 0, 0, 0, 0]}, 0.0]}, "rate-15": {"ANB": [{"max": 0.08387108682085992, "min": 0.0, "sm": 0.003993861277183806, "value": [780, 28, 20, 11, 7, 10, 2, 3, 5, 4, 5, 2, 0, 0, 2, 0, 1, 0, 1, 0, 0, 1]}, 0.0023792793697123213], "ACC": [{"max": 0.0779252463933041, "min": 0.0011350737797956867, "sm": 0.0036566748863575437, "value": [403, 14, 4, 0, 26, 0, 2, 11, 17, 25, 15, 25, 37, 43, 57, 57, 67, 37, 30, 4, 7, 1]}, 0.027769587705306818], "LCC": [{"max": 0, "min": 0, "sm": 0.0, "value": [882, 0, 0, 0, 0, 0, 0, 0, 0, 0, 0, 0, 0, 0, 0, 0, 0, 0, 0, 0, 0, 0]}, 0.0]}, "rate-20": {"ANB": [{"max": 0.08196054980961219, "min": 0.0, "sm": 0.003902883324267247, "value": [1021, 70, 26, 18, 9, 7, 4, 4, 9, 3, 2, 1, 0, 0, 0, 0, 0, 0, 0, 0, 0, 1]}, 0.0019056311810151322], "ACC": [{"max": 0.11779913698163128, "min": 0.0008517887563884157, "sm": 0.005568921344059184, "value": [488, 2, 0, 0, 0, 0, 0, 6, 9, 15, 28, 57, 93, 114, 106, 153, 45, 39, 13, 6, 0, 1]}, 0.0466256661203023], "LCC": [{"max": 1.0, "min": 0, "sm": 0.047619047619047616, "value": [1167, 2, 0, 1, 0, 0, 0, 1, 0, 0, 0, 0, 0, 0, 0, 0, 0, 0, 0, 0, 0, 4]}, 0.003978544609333095]}, "rate-25": {"ANB": [{"max": 0.09535234259975413, "min": 0.0, "sm": 0.004540587742845435, "value": [1315, 72, 29, 19, 7, 5, 3, 4, 4, 1, 1, 5, 0, 0, 0, 2, 0, 0, 0, 0, 0, 1]}, 0.001924788822959542], "ACC": [{"max": 0.19754442963550795, "min": 0.0006816632583503749, "sm": 0.009374417446531313, "value": [361, 0, 0, 0, 0, 0, 3, 4, 20, 33, 61, 94, 127, 203, 289, 118, 98, 35, 14, 5, 2, 1]}, 0.09821806018005237], "LCC": [{"max": 1.0, "min": 0, "sm": 0.047619047619047616, "value": [1446, 7, 3, 1, 0, 0, 0, 5, 0, 0, 0, 0, 0, 0, 0, 0, 0, 0, 0, 0, 0, 6]}, 0.006191154804544117]}, "rate-30": {"ANB": [{"max": 0.08688604536136664, "min": 0.0, "sm": 0.00413743073149365, "value": [1607, 66, 32, 19, 8, 5, 3, 4, 3, 1, 3, 2, 3, 1, 2, 1, 0, 1, 0, 0, 0, 1]}, 0.0016944097162221727], "ACC": [{"max": 0.23063153051515708, "min": 0.0005678591709256105, "sm": 0.01095541292115388, "value": [298, 0, 0, 0, 0, 0, 0, 0, 6, 21, 31, 90, 175, 270, 286, 282, 185, 65, 29, 14, 9, 1]}, 0.1324890393213894], "LCC": [{"max": 1.0, "min": 0, "sm": 0.047619047619047616, "value": [1716, 11, 7, 11, 0, 0, 0, 5, 0, 0, 0, 0, 0, 0, 0, 0, 0, 0, 0, 0, 0, 12]}, 0.009917130337000556]}, "rate-35": {"ANB": [{"max": 0.09060020891046867, "min": 0.0, "sm": 0.00431429566240327, "value": [1895, 80, 27, 23, 6, 8, 2, 4, 1, 1, 1, 1, 2, 0, 1, 0, 1, 0, 1, 1, 0, 1]}, 0.0015041895832139027], "ACC": [{"max": 0.2568194198219256, "min": 0.00048661800486618007, "sm": 0.012206323896050449, "value": [291, 0, 0, 0, 0, 0, 0, 6, 20, 38, 102, 142, 310, 274, 333, 279, 170, 56, 27, 4, 3, 1]}, 0.1455203687388839], "LCC": [{"max": 1.0, "min": 0, "sm": 0.047619047619047616, "value": [1983, 19, 12, 14, 0, 0, 0, 13, 0, 0, 0, 0, 0, 0, 2, 0, 0, 0, 0, 0, 0, 13]}, 0.01194561201707431]}, "rate-40": {"ANB": [{"max": 0.10660794622383943, "min": 0.0, "sm": 0.005076568867801877, "value": [2213, 78, 19, 12, 8, 6, 3, 2, 1, 0, 2, 3, 1, 1, 0, 0, 0, 0, 0, 0, 0, 1]}, 0.001309251080303426], "ACC": [{"max": 0.2517372969968391, "min": 0.0004257130693912303, "sm": 0.011967218282259424, "value": [312, 0, 0, 0, 0, 0, 0, 4, 16, 24, 56, 138, 190, 351, 362, 403, 303, 115, 43, 21, 11, 1]}, 0.15119737108974948], "LCC": [{"max": 1.0, "min": 0, "sm": 0.047619047619047616, "value": [2253, 32, 13, 21, 1, 0, 0, 17, 0, 0, 0, 0, 0, 0, 1, 0, 0, 0, 0, 0, 0, 12]}, 0.011446249438819169]}}