{"rate-5": {"ANB": [{"max": 0.2506751782401407, "min": 0.0, "sm": 0.01193691324953051, "value": [147, 42, 46, 20, 12, 7, 3, 5, 3, 1, 1, 1, 1, 1, 0, 0, 1, 0, 0, 1, 0, 1]}, 0.02399296680584924], "ACC": [{"max": 0.18387909319899245, "min": 0.06854460093896714, "sm": 0.005492118679048825, "value": [5, 3, 3, 5, 5, 9, 13, 15, 19, 34, 22, 28, 35, 28, 21, 24, 10, 8, 2, 1, 2, 1]}, 0.12942723349268562], "LCC": [{"max": 1.0, "min": 0, "sm": 0.047619047619047616, "value": [275, 1, 2, 5, 0, 0, 0, 3, 0, 0, 0, 0, 0, 0, 0, 0, 0, 0, 0, 0, 0, 7]}, 0.031058020477815692]}, "rate-10": {"ANB": [{"max": 0.1956577222148134, "min": 0.0, "sm": 0.00931703439118159, "value": [433, 80, 29, 13, 10, 5, 3, 0, 5, 5, 2, 0, 0, 0, 0, 0, 1, 0, 0, 0, 0, 1]}, 0.00942524969131012], "ACC": [{"max": 0.2289957014458773, "min": 0.08531081671276751, "sm": 0.006842137368243325, "value": [10, 4, 6, 10, 17, 18, 33, 40, 58, 53, 51, 56, 52, 60, 53, 29, 16, 5, 12, 1, 2, 1]}, 0.15842550819257867], "LCC": [{"max": 1.0, "min": 0, "sm": 0.047619047619047616, "value": [572, 4, 5, 2, 0, 0, 0, 2, 0, 0, 0, 0, 0, 0, 0, 0, 0, 0, 0, 0, 0, 2]}, 0.0066012797148181455]}, "rate-15": {"ANB": [{"max": 0.1732289337858517, "min": 0.0, "sm": 0.00824899684694532, "value": [770, 54, 24, 12, 4, 3, 5, 2, 1, 0, 1, 2, 1, 0, 1, 0, 0, 0, 0, 0, 0, 1]}, 0.004754164783975001], "ACC": [{"max": 0.2934311437145715, "min": 0.10421601136901942, "sm": 0.009010244397407243, "value": [1, 4, 12, 5, 25, 29, 44, 84, 82, 89, 115, 133, 79, 92, 36, 23, 14, 7, 1, 4, 1, 1]}, 0.19739519126635138], "LCC": [{"max": 1.0, "min": 0, "sm": 0.047619047619047616, "value": [823, 14, 9, 9, 1, 0, 0, 4, 0, 0, 0, 0, 0, 0, 1, 0, 0, 0, 0, 0, 0, 20]}, 0.029906321585780264]}, "rate-20": {"ANB": [{"max": 0.13385657870347306, "min": 0.0, "sm": 0.0063741227954034795, "value": [1045, 68, 26, 12, 4, 4, 4, 3, 0, 1, 2, 2, 0, 0, 1, 0, 2, 0, 0, 0, 0, 1]}, 0.0030303823042264815], "ACC": [{"max": 0.32421982877658106, "min": 0.13583246557908132, "sm": 0.00897082681892856, "value": [4, 5, 14, 29, 44, 71, 83, 96, 109, 114, 177, 134, 116, 80, 38, 20, 18, 9, 8, 3, 2, 1]}, 0.2237769623931255], "LCC": [{"max": 1.0, "min": 0, "sm": 0.047619047619047616, "value": [1069, 26, 14, 13, 1, 0, 0, 13, 0, 0, 0, 0, 0, 0, 1, 0, 0, 0, 0, 0, 0, 38]}, 0.0424328351733733]}, "rate-25": {"ANB": [{"max": 0.1111674540246474, "min": 0.0, "sm": 0.005293688286887971, "value": [1323, 71, 34, 14, 6, 3, 2, 1, 1, 2, 3, 1, 1, 1, 2, 1, 0, 0, 0, 1, 0, 1]}, 0.002411886355812701], "ACC": [{"max": 0.33363657038890154, "min": 0.12640013785972773, "sm": 0.009868401549008277, "value": [3, 3, 10, 21, 52, 57, 103, 144, 160, 160, 156, 258, 132, 88, 57, 27, 14, 10, 8, 4, 0, 1]}, 0.22472974474906096], "LCC": [{"max": 1.0, "min": 0, "sm": 0.047619047619047616, "value": [1345, 33, 17, 27, 5, 0, 1, 15, 0, 0, 0, 0, 0, 0, 1, 0, 0, 0, 0, 0, 0, 24]}, 0.027975219383654566]}, "rate-30": {"ANB": [{"max": 0.15565729684681134, "min": 0.0, "sm": 0.00741225223080054, "value": [1675, 46, 14, 7, 5, 3, 2, 4, 1, 2, 2, 0, 0, 0, 0, 0, 0, 0, 0, 0, 0, 1]}, 0.0019108950382843498], "ACC": [{"max": 0.33613284978049246, "min": 0.12857768691588786, "sm": 0.00988357918402879, "value": [1, 5, 5, 20, 34, 50, 87, 131, 190, 220, 179, 249, 267, 143, 74, 47, 29, 9, 7, 10, 4, 1]}, 0.233124045870076], "LCC": [{"max": 1.0, "min": 0, "sm": 0.047619047619047616, "value": [1534, 62, 30, 40, 9, 0, 0, 31, 0, 0, 2, 0, 0, 0, 4, 0, 0, 0, 0, 0, 0, 50]}, 0.04659580374740526]}, "rate-35": {"ANB": [{"max": 0.19218682788940966, "min": 0.0, "sm": 0.009151753709019508, "value": [1991, 37, 10, 5, 3, 2, 4, 3, 0, 0, 0, 0, 0, 0, 0, 0, 0, 0, 0, 0, 0, 1]}, 0.0015168157679727816], "ACC": [{"max": 0.36940499730361315, "min": 0.1127077277463939, "sm": 0.012223679502724728, "value": [1, 2, 2, 7, 15, 31, 63, 145, 174, 267, 265, 335, 342, 188, 108, 62, 20, 14, 10, 4, 0, 1]}, 0.2473474071671038], "LCC": [{"max": 1.0, "min": 0, "sm": 0.047619047619047616, "value": [1710, 87, 67, 52, 10, 5, 3, 40, 1, 0, 2, 0, 0, 0, 4, 0, 0, 0, 0, 0, 0, 75]}, 0.059087374186967044]}, "rate-40": {"ANB": [{"max": 0.14647029120156593, "min": 0.0, "sm": 0.00697477577150314, "value": [2269, 43, 10, 11, 4, 3, 2, 3, 2, 1, 0, 1, 0, 0, 0, 0, 0, 0, 0, 0, 0, 1]}, 0.001298453099524906], "ACC": [{"max": 0.36166281755196306, "min": 0.11558332923288885, "sm": 0.011718070872336868, "value": [1, 4, 2, 10, 14, 39, 67, 99, 158, 213, 300, 328, 446, 279, 172, 87, 63, 30, 19, 13, 5, 1]}, 0.2515945046789194], "LCC": [{"max": 1.0, "min": 0, "sm": 0.047619047619047616, "value": [1868, 117, 93, 55, 37, 5, 9, 67, 3, 0, 3, 0, 0, 0, 12, 0, 0, 0, 0, 0, 0, 81]}, 0.06683703684507923]}}