{"rate-5": {"ANB": [{"max": 0.10692204703161357, "min": 0.0, "sm": 0.005091526049124455, "value": [209, 43, 16, 5, 2, 4, 3, 1, 3, 0, 0, 0, 2, 2, 0, 1, 0, 0, 0, 1, 0, 1]}, 0.005887102902718887], "ACC": [{"max": 0.5465155571729354, "min": 0.003424657534246575, "sm": 0.025861471411366136, "value": [2, 0, 0, 0, 0, 0, 0, 0, 2, 9, 14, 18, 48, 41, 52, 36, 39, 13, 12, 5, 1, 1]}, 0.37060225404695313], "LCC": [{"max": 1.0, "min": 0, "sm": 0.047619047619047616, "value": [67, 0, 2, 17, 15, 26, 24, 40, 20, 11, 14, 6, 9, 3, 14, 4, 1, 0, 2, 0, 0, 18]}, 0.332543964640981]}, "rate-10": {"ANB": [{"max": 0.08883693795379037, "min": 0.0, "sm": 0.004230330378751922, "value": [503, 32, 23, 7, 5, 1, 4, 3, 2, 2, 1, 1, 0, 2, 0, 0, 0, 0, 1, 0, 0, 1]}, 0.0029560457541738935], "ACC": [{"max": 0.528315475449415, "min": 0.0017035775127768314, "sm": 0.02507675704460182, "value": [8, 0, 0, 0, 0, 0, 0, 0, 2, 4, 24, 43, 66, 123, 109, 79, 66, 30, 22, 10, 1, 1]}, 0.35753349652791294], "LCC": [{"max": 1.0, "min": 0, "sm": 0.047619047619047616, "value": [127, 12, 23, 44, 51, 61, 57, 66, 28, 19, 21, 11, 8, 1, 18, 3, 0, 2, 0, 1, 0, 35]}, 0.28992470827508887]}, "rate-15": {"ANB": [{"max": 0.09612199245817675, "min": 0.0, "sm": 0.004577237736103655, "value": [781, 59, 9, 12, 5, 1, 3, 3, 2, 0, 1, 1, 1, 1, 1, 0, 0, 0, 0, 0, 0, 1]}, 0.0021592052206115464], "ACC": [{"max": 0.5020612648221344, "min": 0.0011363636363636363, "sm": 0.023853566723131943, "value": [7, 0, 0, 0, 0, 0, 1, 2, 3, 13, 25, 57, 80, 160, 211, 137, 80, 59, 27, 15, 3, 1]}, 0.34377702136314087], "LCC": [{"max": 1.0, "min": 0, "sm": 0.047619047619047616, "value": [231, 27, 65, 74, 79, 75, 62, 67, 35, 18, 24, 11, 11, 3, 30, 3, 3, 6, 6, 0, 0, 51]}, 0.26633404591469445]}, "rate-20": {"ANB": [{"max": 0.10595314801954425, "min": 0.0, "sm": 0.005045388000930679, "value": [1095, 41, 12, 8, 3, 6, 3, 0, 0, 2, 1, 1, 1, 0, 1, 0, 0, 0, 0, 0, 0, 1]}, 0.0016515447163063376], "ACC": [{"max": 0.5047917742811598, "min": 0.0008517887563884157, "sm": 0.02399714216784626, "value": [6, 0, 0, 0, 0, 0, 0, 3, 8, 8, 37, 74, 136, 254, 267, 186, 98, 59, 20, 17, 1, 1]}, 0.3414690107212694], "LCC": [{"max": 1.0, "min": 0, "sm": 0.047619047619047616, "value": [315, 31, 88, 96, 126, 97, 79, 98, 39, 24, 38, 16, 14, 3, 31, 2, 3, 7, 2, 1, 0, 65]}, 0.2554403920022233]}, "rate-25": {"ANB": [{"max": 0.09968754838563021, "min": 0.0, "sm": 0.004747026113601439, "value": [1389, 40, 10, 5, 7, 3, 4, 3, 0, 0, 1, 1, 1, 2, 1, 0, 0, 0, 0, 0, 0, 1]}, 0.0013592335369413692], "ACC": [{"max": 0.4947426287203595, "min": 0.0006816632583503749, "sm": 0.023526712641048053, "value": [5, 0, 0, 0, 0, 0, 0, 1, 8, 16, 41, 90, 152, 320, 343, 258, 120, 69, 24, 16, 4, 1]}, 0.336556049606733], "LCC": [{"max": 1.0, "min": 0, "sm": 0.047619047619047616, "value": [398, 57, 139, 131, 151, 101, 71, 121, 43, 29, 47, 10, 24, 5, 48, 3, 9, 5, 2, 0, 0, 74]}, 0.24577372049766547]}, "rate-30": {"ANB": [{"max": 0.12883323022200666, "min": 0.0, "sm": 0.00613491572485746, "value": [1706, 26, 7, 7, 6, 1, 2, 2, 0, 3, 1, 0, 0, 0, 0, 0, 0, 0, 0, 0, 0, 1]}, 0.0011570416265792994], "ACC": [{"max": 0.4889844032766345, "min": 0.0005678591709256105, "sm": 0.023257930671700424, "value": [4, 0, 0, 0, 0, 0, 0, 0, 5, 13, 49, 124, 185, 380, 420, 318, 140, 74, 27, 18, 4, 1]}, 0.3324031102658375], "LCC": [{"max": 1.0, "min": 0, "sm": 0.047619047619047616, "value": [482, 86, 169, 164, 163, 89, 93, 155, 51, 30, 54, 16, 17, 7, 52, 6, 7, 5, 3, 0, 0, 113]}, 0.250074833773358]}, "rate-35": {"ANB": [{"max": 0.12390280278184873, "min": 0.0, "sm": 0.0059001334658023204, "value": [1987, 39, 6, 7, 6, 3, 2, 1, 1, 1, 3, 0, 0, 0, 0, 0, 0, 0, 0, 0, 0, 1]}, 0.001022151728370038], "ACC": [{"max": 0.483333532685653, "min": 0.00048638132295719845, "sm": 0.022992721493461703, "value": [6, 0, 0, 0, 0, 0, 0, 0, 7, 21, 60, 169, 222, 460, 506, 342, 147, 70, 27, 16, 3, 1]}, 0.3248643400313232], "LCC": [{"max": 1.0, "min": 0, "sm": 0.047619047619047616, "value": [619, 116, 179, 199, 162, 96, 109, 167, 55, 24, 49, 16, 35, 5, 65, 3, 6, 5, 5, 0, 0, 142]}, 0.24413300263868445]}, "rate-40": {"ANB": [{"max": 0.1314479169750195, "min": 0.0, "sm": 0.0062594246178580715, "value": [2289, 33, 4, 8, 4, 2, 2, 2, 1, 1, 3, 0, 0, 0, 0, 0, 0, 0, 0, 0, 0, 1]}, 0.0009115294669007347], "ACC": [{"max": 0.4779172445133943, "min": 0.0004257130693912303, "sm": 0.022737691973523957, "value": [6, 0, 0, 0, 0, 0, 0, 0, 9, 27, 56, 212, 239, 528, 591, 402, 155, 74, 29, 17, 4, 1]}, 0.3210297720617758], "LCC": [{"max": 1.0, "min": 0, "sm": 0.047619047619047616, "value": [745, 134, 190, 220, 162, 125, 95, 202, 61, 27, 56, 28, 26, 6, 81, 3, 8, 11, 7, 0, 0, 163]}, 0.24366458666161314]}}