{"rate-5": {"ANB": [{"max": 0.012521771877795037, "min": 0.0, "sm": 0.0005962748513235732, "value": [284, 3, 3, 1, 0, 1, 0, 0, 0, 0, 0, 0, 0, 0, 0, 0, 0, 0, 0, 0, 0, 1]}, 8.627616180009668e-05], "ACC": [{"max": 0.0776255707762557, "min": 0.0, "sm": 0.0036964557512502716, "value": [248, 9, 1, 0, 0, 0, 1, 2, 1, 6, 2, 0, 16, 5, 1, 0, 0, 0, 0, 0, 0, 1]}, 0.005594966716864458], "LCC": [{"max": 1.0, "min": 0, "sm": 0.047619047619047616, "value": [289, 0, 0, 1, 0, 0, 0, 0, 0, 0, 0, 0, 0, 0, 0, 0, 0, 0, 0, 0, 0, 3]}, 0.010837285581312884]}, "rate-10": {"ANB": [{"max": 0.022821323748513735, "min": 0.0, "sm": 0.001086729702310178, "value": [561, 6, 8, 2, 4, 2, 1, 0, 0, 0, 0, 0, 0, 2, 0, 0, 0, 0, 0, 0, 1, 0]}, 0.00024674318329218883], "ACC": [{"max": 0.09944410834750647, "min": 0.0, "sm": 0.004735433730833642, "value": [454, 0, 0, 0, 0, 0, 0, 4, 7, 6, 16, 14, 16, 30, 16, 9, 6, 5, 2, 1, 0, 1]}, 0.013995105455027959], "LCC": [{"max": 1.0, "min": 0, "sm": 0.047619047619047616, "value": [550, 4, 4, 3, 2, 0, 2, 8, 0, 1, 0, 0, 0, 0, 4, 0, 0, 0, 0, 0, 0, 9]}, 0.029065710311671655]}, "rate-15": {"ANB": [{"max": 0.0564754956592918, "min": 0.0, "sm": 0.0026893093171091336, "value": [856, 15, 3, 3, 1, 0, 0, 1, 0, 1, 0, 0, 0, 0, 0, 0, 0, 0, 0, 0, 0, 1]}, 0.0003243512358968345], "ACC": [{"max": 0.1297579453067258, "min": 0.0, "sm": 0.006178949776510752, "value": [615, 0, 0, 0, 0, 0, 2, 5, 17, 27, 26, 57, 38, 29, 40, 17, 4, 1, 2, 0, 0, 1]}, 0.022882402845626513], "LCC": [{"max": 1.0, "min": 0, "sm": 0.047619047619047616, "value": [827, 9, 10, 4, 3, 1, 0, 7, 0, 0, 3, 0, 0, 0, 2, 0, 0, 0, 0, 0, 0, 15]}, 0.02669849073808263]}, "rate-20": {"ANB": [{"max": 0.05459433799803018, "min": 0.0, "sm": 0.00259973038085858, "value": [1130, 19, 8, 7, 3, 2, 0, 1, 0, 2, 0, 0, 0, 0, 0, 0, 0, 1, 0, 0, 1, 1]}, 0.0005264450350361098], "ACC": [{"max": 0.1899961064781219, "min": 0.0, "sm": 0.009047433641815329, "value": [632, 0, 0, 0, 0, 0, 0, 0, 11, 21, 38, 63, 110, 62, 131, 57, 28, 10, 7, 2, 2, 1]}, 0.05628912171925624], "LCC": [{"max": 1.0, "min": 0, "sm": 0.047619047619047616, "value": [1045, 20, 19, 16, 7, 4, 6, 26, 3, 1, 2, 0, 0, 0, 5, 0, 0, 1, 0, 0, 0, 20]}, 0.03927850260897615]}, "rate-25": {"ANB": [{"max": 0.05253039814983479, "min": 0.0, "sm": 0.0025014475309445136, "value": [1412, 28, 7, 10, 3, 2, 0, 0, 1, 0, 0, 1, 0, 1, 0, 0, 0, 0, 1, 1, 0, 1]}, 0.0004491248672074805], "ACC": [{"max": 0.21746106654082115, "min": 0.0, "sm": 0.010355288882896245, "value": [747, 0, 0, 0, 0, 0, 0, 2, 5, 47, 53, 129, 111, 153, 124, 62, 14, 12, 4, 3, 1, 1]}, 0.06621741789597135], "LCC": [{"max": 1.0, "min": 0, "sm": 0.047619047619047616, "value": [1245, 24, 30, 20, 11, 4, 11, 33, 6, 2, 5, 0, 3, 1, 20, 0, 1, 0, 0, 0, 0, 52]}, 0.06848175646736261]}, "rate-30": {"ANB": [{"max": 0.14444970488107914, "min": 0.0, "sm": 0.006878557375289483, "value": [1733, 18, 4, 3, 1, 0, 1, 0, 0, 1, 0, 0, 0, 0, 0, 0, 0, 0, 0, 0, 0, 1]}, 0.0005617420572815265], "ACC": [{"max": 0.2657323560341173, "min": 0.0, "sm": 0.012653921715910349, "value": [705, 0, 0, 0, 0, 0, 0, 5, 15, 48, 122, 172, 120, 203, 262, 73, 19, 9, 7, 1, 0, 1]}, 0.09833114258338187], "LCC": [{"max": 1.0, "min": 0, "sm": 0.047619047619047616, "value": [1462, 38, 46, 32, 23, 8, 7, 49, 5, 0, 9, 0, 3, 0, 18, 1, 0, 2, 1, 0, 0, 58]}, 0.06859771437266429]}, "rate-35": {"ANB": [{"max": 0.04504697358388509, "min": 0.0, "sm": 0.002145093980185004, "value": [1969, 44, 15, 11, 5, 4, 2, 1, 1, 1, 0, 1, 0, 0, 0, 0, 0, 1, 0, 0, 0, 1]}, 0.0003836599917021677], "ACC": [{"max": 0.1794277725898871, "min": 0.0, "sm": 0.008544179647137481, "value": [1068, 0, 0, 0, 0, 0, 0, 4, 17, 52, 64, 163, 203, 178, 127, 107, 43, 19, 7, 2, 1, 1]}, 0.05363830602466979], "LCC": [{"max": 1.0, "min": 0, "sm": 0.047619047619047616, "value": [1808, 50, 40, 32, 17, 5, 8, 32, 5, 1, 7, 0, 0, 0, 12, 0, 0, 2, 0, 0, 0, 37]}, 0.04080214107565581]}, "rate-40": {"ANB": [{"max": 0.1810991681547178, "min": 0.0, "sm": 0.008623769912129419, "value": [2322, 16, 4, 2, 1, 1, 1, 1, 1, 0, 0, 0, 0, 0, 0, 0, 0, 0, 0, 0, 0, 1]}, 0.0006038974973537016], "ACC": [{"max": 0.30923078059782805, "min": 0.0, "sm": 0.01472527526656324, "value": [662, 0, 0, 0, 0, 0, 0, 5, 27, 61, 116, 222, 221, 381, 411, 144, 68, 15, 10, 4, 2, 1]}, 0.14082821767181258], "LCC": [{"max": 1.0, "min": 0, "sm": 0.047619047619047616, "value": [1842, 51, 62, 51, 38, 22, 18, 71, 14, 4, 18, 6, 5, 1, 23, 0, 2, 2, 0, 0, 0, 120]}, 0.09527741657735071]}}