{"rate-5": {"ANB": [{"max": 0.11484355257828181, "min": 0.0, "sm": 0.0054687405989658, "value": [221, 31, 12, 8, 6, 2, 3, 1, 1, 1, 1, 0, 1, 1, 1, 0, 1, 1, 0, 0, 0, 1]}, 0.0061260091459158054], "ACC": [{"max": 0.5232974910394266, "min": 0.21921921921921922, "sm": 0.01447991770572416, "value": [2, 2, 5, 6, 11, 8, 18, 26, 31, 37, 30, 31, 22, 16, 9, 15, 7, 9, 4, 1, 2, 1]}, 0.36799934224114866], "LCC": [{"max": 1.0, "min": 0, "sm": 0.047619047619047616, "value": [68, 7, 15, 25, 20, 27, 22, 32, 11, 4, 17, 5, 5, 4, 11, 3, 0, 1, 1, 1, 0, 14]}, 0.2878364893357541]}, "rate-10": {"ANB": [{"max": 0.10178599550892, "min": 0.0, "sm": 0.004846952167091428, "value": [501, 37, 18, 11, 5, 4, 1, 3, 1, 1, 1, 0, 0, 1, 2, 0, 0, 0, 0, 0, 0, 1]}, 0.0030483705989982493], "ACC": [{"max": 0.5298372513562387, "min": 0.19631490787269681, "sm": 0.01588201635635914, "value": [2, 2, 4, 10, 11, 9, 28, 36, 69, 73, 73, 70, 67, 34, 40, 19, 15, 14, 7, 2, 1, 1]}, 0.36741613134209306], "LCC": [{"max": 1.0, "min": 0, "sm": 0.047619047619047616, "value": [127, 11, 27, 47, 55, 60, 49, 58, 30, 22, 27, 13, 10, 4, 14, 1, 3, 1, 1, 0, 1, 26]}, 0.28228889944232616]}, "rate-15": {"ANB": [{"max": 0.1038975270690422, "min": 0.0, "sm": 0.00494750128900201, "value": [803, 31, 21, 7, 3, 4, 3, 1, 1, 0, 0, 3, 3, 0, 0, 0, 0, 0, 0, 0, 0, 1]}, 0.0021475363475417703], "ACC": [{"max": 0.5098493626882966, "min": 0.1765295887662989, "sm": 0.015872370186761797, "value": [1, 1, 2, 1, 10, 26, 35, 45, 62, 129, 127, 127, 103, 78, 40, 40, 18, 16, 12, 6, 1, 1]}, 0.35305763279632574], "LCC": [{"max": 1.0, "min": 0, "sm": 0.047619047619047616, "value": [196, 25, 61, 81, 85, 79, 62, 85, 32, 23, 35, 14, 19, 3, 20, 2, 2, 2, 2, 1, 0, 52]}, 0.27561361016155944]}, "rate-20": {"ANB": [{"max": 0.12236942922858225, "min": 0.0, "sm": 0.005827115677551536, "value": [1107, 34, 13, 4, 6, 2, 2, 0, 3, 1, 1, 1, 0, 0, 0, 0, 0, 0, 0, 0, 0, 1]}, 0.0016700652622434332], "ACC": [{"max": 0.5023534445870774, "min": 0.16661935850127732, "sm": 0.01598733743265715, "value": [1, 0, 4, 6, 14, 26, 50, 55, 84, 135, 190, 187, 151, 103, 59, 45, 32, 13, 14, 4, 1, 1]}, 0.3445905516049001], "LCC": [{"max": 1.0, "min": 0, "sm": 0.047619047619047616, "value": [267, 37, 103, 123, 114, 93, 77, 106, 47, 25, 35, 14, 13, 3, 36, 3, 3, 5, 4, 1, 0, 66]}, 0.26413701278186663]}, "rate-25": {"ANB": [{"max": 0.1226358999466293, "min": 0.0, "sm": 0.0058398047593633, "value": [1401, 34, 9, 5, 7, 4, 1, 1, 1, 1, 1, 0, 2, 0, 0, 0, 0, 0, 0, 0, 0, 1]}, 0.001359987390201493], "ACC": [{"max": 0.5017099863201094, "min": 0.19945615227736233, "sm": 0.01439303971632129, "value": [8, 6, 9, 26, 39, 75, 96, 95, 205, 240, 202, 161, 119, 63, 52, 27, 20, 11, 8, 4, 1, 1]}, 0.34004168896121784], "LCC": [{"max": 1.0, "min": 0, "sm": 0.047619047619047616, "value": [391, 46, 133, 130, 128, 95, 76, 122, 69, 23, 42, 24, 20, 7, 55, 4, 3, 11, 4, 1, 0, 84]}, 0.2622061520737561]}, "rate-30": {"ANB": [{"max": 0.12199579883530728, "min": 0.0, "sm": 0.005809323754062252, "value": [1694, 34, 13, 4, 5, 2, 2, 2, 0, 1, 1, 2, 1, 0, 0, 0, 0, 0, 0, 0, 0, 1]}, 0.0011603633185359476], "ACC": [{"max": 0.4942464215548695, "min": 0.21340281143965098, "sm": 0.013373505243581834, "value": [8, 11, 24, 61, 77, 116, 133, 182, 282, 225, 232, 145, 96, 60, 48, 22, 16, 12, 5, 5, 1, 1]}, 0.33408273811259964], "LCC": [{"max": 1.0, "min": 0, "sm": 0.047619047619047616, "value": [493, 73, 145, 169, 155, 100, 84, 156, 46, 30, 48, 15, 24, 10, 67, 5, 8, 5, 7, 1, 0, 121]}, 0.26048766385442407]}, "rate-35": {"ANB": [{"max": 0.12977423848000097, "min": 0.0, "sm": 0.0061797256419048084, "value": [1991, 33, 10, 7, 4, 2, 1, 2, 1, 2, 1, 1, 0, 0, 0, 0, 0, 0, 0, 0, 0, 1]}, 0.0010185166927671283], "ACC": [{"max": 0.48512747875354106, "min": 0.20330431341511673, "sm": 0.013420150730401158, "value": [3, 11, 32, 42, 93, 88, 168, 172, 316, 303, 275, 219, 129, 72, 58, 29, 19, 9, 11, 5, 1, 1]}, 0.3286555990474395], "LCC": [{"max": 1.0, "min": 0, "sm": 0.047619047619047616, "value": [624, 108, 180, 196, 156, 106, 85, 178, 61, 33, 50, 21, 31, 13, 54, 3, 1, 10, 5, 2, 0, 139]}, 0.24461825474072965]}, "rate-40": {"ANB": [{"max": 0.16599991862753657, "min": 0.0, "sm": 0.007904758029882695, "value": [2301, 22, 11, 6, 2, 0, 4, 2, 0, 1, 0, 0, 0, 0, 0, 0, 0, 0, 0, 0, 1, 0]}, 0.0009068830237728553], "ACC": [{"max": 0.4803680981595092, "min": 0.1871414913957935, "sm": 0.013963171750653128, "value": [3, 5, 12, 38, 64, 125, 126, 170, 266, 404, 384, 287, 202, 93, 72, 42, 24, 14, 12, 4, 2, 1]}, 0.3246924155336602], "LCC": [{"max": 1.0, "min": 0, "sm": 0.047619047619047616, "value": [731, 119, 196, 207, 179, 131, 82, 190, 73, 38, 59, 19, 32, 9, 92, 6, 7, 12, 8, 1, 0, 159]}, 0.24931387193063118]}}