{"rate-5": {"ANB": [{"max": 0.007158436504574055, "min": 0.0, "sm": 0.00034087792878924073, "value": [286, 2, 1, 1, 0, 0, 1, 0, 0, 0, 0, 0, 1, 0, 0, 0, 0, 0, 0, 0, 0, 1]}, 6.201601202018122e-05], "ACC": [{"max": 0.06127951034683765, "min": 0.0, "sm": 0.0029180719212779835, "value": [242, 20, 1, 0, 0, 0, 0, 0, 1, 4, 2, 4, 4, 12, 0, 1, 0, 1, 0, 0, 0, 1]}, 0.004045870615060283], "LCC": [{"max": 0, "min": 0, "sm": 0.0, "value": [293, 0, 0, 0, 0, 0, 0, 0, 0, 0, 0, 0, 0, 0, 0, 0, 0, 0, 0, 0, 0, 0]}, 0.0]}, "rate-10": {"ANB": [{"max": 0.03291890134893548, "min": 0.0, "sm": 0.0015675667309016895, "value": [563, 6, 5, 3, 3, 4, 0, 0, 1, 0, 1, 0, 0, 0, 0, 0, 0, 0, 0, 0, 0, 1]}, 0.0003245150921482822], "ACC": [{"max": 0.06737219471125556, "min": 0.0, "sm": 0.0032081997481550268, "value": [462, 2, 0, 0, 0, 0, 1, 1, 8, 14, 12, 23, 12, 9, 10, 15, 12, 4, 0, 1, 0, 1]}, 0.008707339247462602], "LCC": [{"max": 1.0, "min": 0, "sm": 0.047619047619047616, "value": [567, 2, 2, 5, 2, 0, 0, 2, 0, 0, 0, 0, 0, 0, 0, 0, 0, 0, 0, 0, 0, 7]}, 0.015787184285686314]}, "rate-15": {"ANB": [{"max": 0.018945649347330288, "min": 0.0, "sm": 0.0009021737784442994, "value": [843, 14, 8, 6, 3, 1, 2, 0, 0, 0, 1, 1, 1, 0, 0, 0, 0, 0, 0, 0, 0, 1]}, 0.00017086857620613504], "ACC": [{"max": 0.08404150197628459, "min": 0.0, "sm": 0.0040019762845849806, "value": [689, 2, 0, 0, 0, 0, 4, 1, 3, 10, 14, 26, 27, 33, 25, 24, 8, 6, 5, 3, 0, 1]}, 0.011538535237923206], "LCC": [{"max": 1.0, "min": 0, "sm": 0.047619047619047616, "value": [839, 5, 7, 3, 2, 0, 0, 9, 1, 0, 1, 0, 0, 0, 5, 0, 0, 0, 0, 0, 0, 9]}, 0.02088274703487922]}, "rate-20": {"ANB": [{"max": 0.07310290004158557, "min": 0.0, "sm": 0.0034810904781707413, "value": [1127, 24, 10, 3, 2, 2, 1, 1, 0, 0, 1, 0, 0, 2, 0, 0, 0, 0, 0, 0, 1, 1]}, 0.000672314110634492], "ACC": [{"max": 0.22481755605690873, "min": 0.0, "sm": 0.010705597907471845, "value": [549, 0, 0, 0, 0, 0, 0, 1, 8, 17, 40, 86, 87, 138, 149, 49, 25, 15, 6, 2, 2, 1]}, 0.076756492009642], "LCC": [{"max": 1.0, "min": 0, "sm": 0.047619047619047616, "value": [1033, 23, 18, 16, 11, 2, 5, 27, 3, 1, 2, 0, 0, 0, 7, 0, 0, 0, 0, 0, 0, 27]}, 0.04593339073409473]}, "rate-25": {"ANB": [{"max": 0.055943252771316024, "min": 0.0, "sm": 0.0026639644176817156, "value": [1414, 29, 13, 2, 1, 1, 0, 4, 1, 0, 0, 0, 0, 0, 0, 0, 0, 0, 1, 1, 0, 1]}, 0.0004463590492800006], "ACC": [{"max": 0.19643580544738562, "min": 0.0, "sm": 0.00935408597368503, "value": [771, 0, 0, 0, 0, 0, 1, 1, 8, 37, 50, 110, 110, 89, 165, 76, 28, 13, 3, 3, 2, 1]}, 0.05919928241746082], "LCC": [{"max": 1.0, "min": 0, "sm": 0.047619047619047616, "value": [1295, 24, 25, 12, 3, 5, 7, 25, 3, 4, 5, 2, 2, 0, 11, 1, 2, 1, 0, 0, 0, 41]}, 0.05333714259637979]}, "rate-30": {"ANB": [{"max": 0.13955720643693706, "min": 0.0, "sm": 0.006645581258901765, "value": [1729, 22, 1, 3, 3, 1, 0, 0, 0, 0, 2, 0, 0, 0, 0, 0, 0, 0, 0, 0, 0, 1]}, 0.0006188506216302941], "ACC": [{"max": 0.2577002254897096, "min": 0.0, "sm": 0.01227143930903379, "value": [680, 0, 0, 0, 0, 0, 10, 11, 20, 34, 60, 157, 160, 192, 284, 84, 48, 8, 10, 0, 3, 1]}, 0.09982712657725092], "LCC": [{"max": 1.0, "min": 0, "sm": 0.047619047619047616, "value": [1491, 27, 35, 30, 14, 11, 6, 33, 6, 3, 8, 2, 2, 0, 14, 1, 1, 0, 0, 0, 0, 78]}, 0.07320277375043498]}, "rate-35": {"ANB": [{"max": 0.05952122790593776, "min": 0.0, "sm": 0.0028343441859970363, "value": [1989, 32, 10, 8, 4, 4, 2, 2, 1, 1, 0, 1, 0, 0, 1, 0, 0, 0, 0, 0, 0, 1]}, 0.00046446854208894453], "ACC": [{"max": 0.2024684300869333, "min": 0.0, "sm": 0.00964135381366349, "value": [940, 0, 0, 0, 0, 0, 0, 3, 10, 37, 68, 104, 188, 247, 169, 178, 62, 31, 9, 7, 2, 1]}, 0.07113841616662582], "LCC": [{"max": 1.0, "min": 0, "sm": 0.047619047619047616, "value": [1780, 47, 30, 42, 14, 9, 6, 38, 4, 0, 4, 1, 2, 0, 9, 0, 0, 1, 0, 0, 0, 69]}, 0.05567843350597043]}, "rate-40": {"ANB": [{"max": 0.06446985463776927, "min": 0.0, "sm": 0.0030699930779890133, "value": [2273, 41, 12, 8, 3, 2, 2, 1, 1, 1, 3, 0, 0, 1, 0, 0, 0, 0, 0, 1, 0, 1]}, 0.0004806801891555384], "ACC": [{"max": 0.251020300162994, "min": 0.0, "sm": 0.011953347626809238, "value": [888, 0, 0, 0, 0, 0, 8, 14, 23, 33, 60, 148, 225, 281, 326, 198, 83, 35, 16, 5, 5, 2]}, 0.10171520785467032], "LCC": [{"max": 1.0, "min": 0, "sm": 0.047619047619047616, "value": [1917, 59, 52, 53, 30, 13, 21, 55, 8, 1, 13, 1, 3, 1, 32, 0, 0, 3, 1, 0, 0, 87]}, 0.0759710136813001]}}