{"rate-5": {"ANB": [{"max": 0.29810889642882926, "min": 0.0, "sm": 0.014195661734706155, "value": [266, 15, 8, 4, 3, 1, 0, 1, 0, 0, 0, 0, 0, 0, 0, 0, 0, 0, 0, 0, 0, 1]}, 0.0064669198021984715], "ACC": [{"max": 0.5068027210884354, "min": 0.20148749154834347, "sm": 0.014538820454290093, "value": [2, 0, 5, 9, 12, 9, 9, 35, 19, 59, 29, 18, 23, 20, 7, 15, 12, 10, 3, 0, 2, 1]}, 0.35141735622302356], "LCC": [{"max": 1.0, "min": 0, "sm": 0.047619047619047616, "value": [119, 3, 9, 11, 14, 20, 13, 36, 12, 10, 8, 5, 3, 0, 10, 1, 1, 1, 1, 0, 0, 22]}, 0.25855325277747737]}, "rate-10": {"ANB": [{"max": 0.28439282809612265, "min": 0.0, "sm": 0.013542515623624888, "value": [573, 19, 10, 2, 2, 1, 0, 1, 0, 0, 0, 0, 0, 0, 0, 0, 0, 0, 0, 0, 0, 1]}, 0.0033060428296213464], "ACC": [{"max": 0.5054031587697423, "min": 0.19746670997076973, "sm": 0.014663640418998692, "value": [2, 8, 6, 14, 27, 26, 28, 62, 60, 115, 58, 59, 46, 30, 23, 17, 12, 6, 7, 1, 1, 1]}, 0.340488288177978], "LCC": [{"max": 1.0, "min": 0, "sm": 0.047619047619047616, "value": [268, 10, 15, 31, 29, 34, 37, 54, 24, 14, 18, 7, 10, 1, 19, 2, 2, 1, 0, 0, 0, 33]}, 0.22507053749157815]}, "rate-15": {"ANB": [{"max": 0.25691468310337007, "min": 0.0, "sm": 0.012234032528731908, "value": [841, 19, 9, 5, 4, 0, 0, 0, 1, 0, 0, 0, 0, 0, 0, 0, 0, 0, 0, 0, 0, 1]}, 0.002363272732926846], "ACC": [{"max": 0.4886047804335742, "min": 0.19607405755074728, "sm": 0.013930034422991757, "value": [3, 5, 7, 18, 40, 46, 48, 55, 123, 173, 85, 75, 66, 39, 38, 18, 18, 9, 8, 3, 2, 1]}, 0.33189707623705295], "LCC": [{"max": 1.0, "min": 0, "sm": 0.047619047619047616, "value": [396, 15, 29, 52, 59, 34, 49, 79, 30, 6, 27, 7, 9, 4, 25, 0, 1, 2, 2, 0, 0, 54]}, 0.21692031055799327]}, "rate-20": {"ANB": [{"max": 0.2525213650153023, "min": 0.0, "sm": 0.012024826905490586, "value": [1155, 21, 8, 3, 1, 3, 1, 0, 0, 0, 0, 0, 0, 0, 0, 0, 0, 0, 0, 0, 0, 1]}, 0.0017846713510964003], "ACC": [{"max": 0.4816161616161616, "min": 0.18079781586531168, "sm": 0.014324683130992853, "value": [2, 2, 10, 14, 20, 68, 66, 81, 120, 143, 252, 117, 105, 72, 42, 32, 19, 12, 10, 3, 2, 1]}, 0.32617677414202867], "LCC": [{"max": 1.0, "min": 0, "sm": 0.047619047619047616, "value": [533, 27, 70, 71, 73, 59, 55, 92, 30, 18, 23, 9, 12, 2, 28, 1, 1, 2, 2, 0, 0, 85]}, 0.21259212064497338]}, "rate-25": {"ANB": [{"max": 0.25060044873892473, "min": 0.0, "sm": 0.011933354701853558, "value": [1432, 17, 9, 3, 2, 2, 1, 0, 0, 0, 0, 0, 0, 0, 0, 0, 0, 0, 0, 0, 0, 1]}, 0.0014838993019887447], "ACC": [{"max": 0.47971204188481675, "min": 0.1746485584941625, "sm": 0.014526832542412108, "value": [4, 3, 12, 9, 34, 71, 82, 104, 159, 199, 298, 147, 132, 78, 58, 28, 25, 9, 12, 1, 1, 1]}, 0.3211347305417649], "LCC": [{"max": 1.0, "min": 0, "sm": 0.047619047619047616, "value": [676, 41, 85, 90, 92, 72, 49, 122, 34, 23, 17, 8, 12, 2, 46, 2, 1, 3, 2, 0, 0, 90]}, 0.20064027100331272]}, "rate-30": {"ANB": [{"max": 0.2465702466545235, "min": 0.0, "sm": 0.011741440316882071, "value": [1739, 16, 9, 4, 2, 3, 0, 0, 0, 0, 0, 0, 0, 0, 0, 0, 0, 0, 0, 0, 0, 1]}, 0.0012421901634302867], "ACC": [{"max": 0.4767410594245765, "min": 0.17521494218796324, "sm": 0.014358386535076822, "value": [2, 3, 17, 13, 44, 87, 108, 127, 212, 227, 366, 183, 160, 81, 61, 33, 24, 11, 11, 1, 2, 1]}, 0.31811269642426215], "LCC": [{"max": 1.0, "min": 0, "sm": 0.047619047619047616, "value": [827, 53, 109, 114, 103, 80, 62, 135, 38, 23, 34, 10, 11, 2, 49, 3, 2, 4, 3, 0, 0, 112]}, 0.19857943948763768]}, "rate-35": {"ANB": [{"max": 0.23545134336390766, "min": 0.0, "sm": 0.01121196873161465, "value": [2025, 15, 9, 6, 2, 2, 1, 0, 0, 0, 0, 0, 0, 0, 0, 0, 0, 0, 0, 0, 0, 1]}, 0.0010998817940982184], "ACC": [{"max": 0.4681818181818182, "min": 0.1488869615495808, "sm": 0.015204516982487495, "value": [3, 2, 4, 10, 17, 47, 100, 154, 155, 265, 292, 415, 221, 166, 89, 57, 32, 14, 9, 6, 2, 1]}, 0.3120759627064773], "LCC": [{"max": 1.0, "min": 0, "sm": 0.047619047619047616, "value": [994, 77, 129, 136, 107, 82, 62, 157, 41, 20, 41, 10, 13, 4, 56, 3, 1, 4, 3, 0, 0, 121]}, 0.18823583161322613]}, "rate-40": {"ANB": [{"max": 0.23192391447600222, "min": 0.0, "sm": 0.011043995927428676, "value": [2318, 16, 7, 5, 3, 2, 1, 0, 0, 0, 0, 0, 0, 0, 0, 0, 0, 0, 0, 0, 0, 1]}, 0.0009683159849405904], "ACC": [{"max": 0.4668519253672092, "min": 0.1486349848331648, "sm": 0.015153187644478303, "value": [2, 5, 3, 9, 19, 47, 111, 181, 204, 274, 357, 482, 257, 178, 99, 59, 32, 16, 11, 4, 2, 1]}, 0.31070854838595124], "LCC": [{"max": 1.0, "min": 0, "sm": 0.047619047619047616, "value": [1129, 97, 160, 142, 124, 80, 73, 190, 50, 25, 39, 14, 14, 7, 61, 3, 2, 5, 4, 0, 0, 134]}, 0.18689879936743695]}}