{"rate-5": {"ANB": [{"max": 0.07355059897882359, "min": 0.0, "sm": 0.0035024094751820757, "value": [212, 39, 12, 5, 8, 5, 2, 1, 1, 2, 0, 1, 0, 1, 1, 0, 2, 0, 0, 0, 0, 1]}, 0.004240866977421512], "ACC": [{"max": 0.6147368421052631, "min": 0.2893954410307235, "sm": 0.015492447670216172, "value": [3, 0, 1, 4, 9, 12, 14, 24, 31, 30, 27, 28, 33, 28, 19, 8, 9, 6, 5, 1, 0, 1]}, 0.4546401336337037], "LCC": [{"max": 1.0, "min": 0, "sm": 0.047619047619047616, "value": [23, 1, 3, 14, 31, 39, 40, 54, 27, 22, 14, 6, 3, 2, 6, 1, 3, 1, 2, 0, 0, 1]}, 0.3253903780038422]}, "rate-10": {"ANB": [{"max": 0.09804096452658523, "min": 0.0, "sm": 0.004668617358408821, "value": [522, 27, 18, 4, 8, 3, 1, 0, 3, 0, 0, 3, 1, 1, 0, 0, 0, 0, 0, 0, 0, 1]}, 0.0026612541303240745], "ACC": [{"max": 0.5523364485981308, "min": 0.2550712127751403, "sm": 0.014155487420142407, "value": [3, 1, 9, 12, 14, 31, 49, 61, 69, 75, 58, 49, 43, 39, 28, 19, 10, 10, 6, 4, 1, 1]}, 0.39546698371019867], "LCC": [{"max": 1.0, "min": 0, "sm": 0.047619047619047616, "value": [83, 9, 32, 60, 76, 78, 53, 64, 35, 20, 14, 5, 9, 3, 22, 1, 2, 1, 1, 0, 0, 24]}, 0.29000357990257164]}, "rate-15": {"ANB": [{"max": 0.1301803746105197, "min": 0.0, "sm": 0.006199065457643795, "value": [817, 26, 9, 8, 3, 1, 2, 2, 2, 1, 1, 0, 0, 0, 0, 0, 0, 0, 0, 0, 0, 1]}, 0.0019546643967338186], "ACC": [{"max": 0.5349693251533743, "min": 0.20208574739281576, "sm": 0.015851598940978977, "value": [1, 1, 0, 2, 6, 19, 32, 42, 116, 130, 136, 115, 78, 61, 55, 30, 22, 12, 8, 4, 2, 1]}, 0.37564427678134604], "LCC": [{"max": 1.0, "min": 0, "sm": 0.047619047619047616, "value": [160, 22, 67, 85, 116, 75, 70, 86, 37, 24, 26, 12, 8, 2, 31, 0, 3, 1, 1, 0, 0, 47]}, 0.2764715980559875]}, "rate-20": {"ANB": [{"max": 0.14404744906719316, "min": 0.0, "sm": 0.006859402336533008, "value": [1136, 25, 9, 6, 4, 1, 2, 1, 2, 2, 0, 0, 0, 0, 0, 0, 0, 0, 0, 0, 0, 1]}, 0.0015177355572284364], "ACC": [{"max": 0.523117569352708, "min": 0.20023596831282656, "sm": 0.015375314335232452, "value": [1, 2, 0, 4, 15, 21, 51, 81, 186, 183, 184, 161, 97, 72, 58, 27, 20, 10, 10, 3, 2, 1]}, 0.36189004275070996], "LCC": [{"max": 1.0, "min": 0, "sm": 0.047619047619047616, "value": [267, 44, 90, 126, 128, 110, 58, 113, 50, 23, 33, 14, 13, 6, 36, 1, 5, 3, 2, 1, 0, 66]}, 0.2620383184586776]}, "rate-25": {"ANB": [{"max": 0.16389652789435533, "min": 0.0, "sm": 0.007804596566397873, "value": [1421, 28, 9, 5, 1, 3, 2, 3, 0, 0, 0, 0, 0, 0, 0, 0, 0, 0, 0, 0, 0, 1]}, 0.0012945991772736049], "ACC": [{"max": 0.508814379536813, "min": 0.19800914716168955, "sm": 0.014800249160720163, "value": [1, 2, 3, 9, 22, 42, 71, 109, 204, 280, 223, 188, 109, 75, 60, 27, 21, 12, 10, 2, 2, 1]}, 0.3490787393961872], "LCC": [{"max": 1.0, "min": 0, "sm": 0.047619047619047616, "value": [395, 77, 127, 154, 140, 96, 72, 147, 45, 25, 37, 11, 17, 7, 47, 1, 3, 3, 4, 0, 0, 65]}, 0.23404248318070486]}, "rate-30": {"ANB": [{"max": 0.15609012655935536, "min": 0.0, "sm": 0.007432863169493113, "value": [1705, 26, 7, 7, 2, 2, 3, 4, 0, 0, 0, 0, 0, 0, 0, 0, 0, 0, 0, 0, 0, 1]}, 0.0011202197808846365], "ACC": [{"max": 0.5002849002849002, "min": 0.19703770197486534, "sm": 0.014440342776668327, "value": [1, 3, 3, 9, 35, 55, 100, 149, 252, 332, 253, 215, 132, 81, 59, 30, 20, 12, 10, 3, 2, 1]}, 0.34167226708146853], "LCC": [{"max": 1.0, "min": 0, "sm": 0.047619047619047616, "value": [508, 95, 161, 175, 141, 89, 94, 188, 53, 18, 37, 13, 21, 7, 58, 1, 4, 3, 4, 0, 0, 87]}, 0.23138253478889864]}, "rate-35": {"ANB": [{"max": 0.16278946425723, "min": 0.0, "sm": 0.007751879250344286, "value": [2001, 27, 11, 3, 2, 3, 2, 3, 0, 0, 0, 0, 0, 0, 0, 0, 0, 0, 0, 0, 0, 1]}, 0.0009916167226166105], "ACC": [{"max": 0.49267707082833134, "min": 0.19563352083134714, "sm": 0.014144930952237345, "value": [1, 3, 9, 18, 46, 78, 130, 179, 314, 379, 295, 236, 144, 84, 58, 31, 20, 11, 11, 3, 2, 1]}, 0.334081829695814], "LCC": [{"max": 1.0, "min": 0, "sm": 0.047619047619047616, "value": [655, 129, 184, 175, 150, 86, 92, 209, 58, 18, 42, 12, 18, 8, 71, 2, 6, 7, 4, 0, 0, 127]}, 0.23202035206851823]}, "rate-40": {"ANB": [{"max": 0.17098084653012408, "min": 0.0, "sm": 0.008141945072863052, "value": [2326, 24, 11, 3, 1, 4, 3, 2, 0, 0, 0, 0, 0, 0, 0, 0, 0, 0, 0, 0, 0, 1]}, 0.0008840646172618179], "ACC": [{"max": 0.4846876276031033, "min": 0.19462206919167077, "sm": 0.013812645638639645, "value": [1, 6, 8, 21, 77, 106, 162, 221, 362, 424, 336, 270, 150, 89, 60, 32, 22, 11, 11, 3, 2, 1]}, 0.32718850018881396], "LCC": [{"max": 1.0, "min": 0, "sm": 0.047619047619047616, "value": [855, 134, 200, 194, 162, 97, 98, 221, 62, 17, 52, 11, 23, 9, 73, 2, 4, 8, 5, 1, 0, 147]}, 0.2206081532678618]}}