{"rate-5": {"ANB": [{"max": 0.03020995151343972, "min": 0.0, "sm": 0.0014385691196876057, "value": [278, 4, 3, 2, 1, 0, 1, 0, 1, 1, 1, 0, 0, 0, 0, 0, 0, 0, 0, 0, 0, 1]}, 0.0004302561662954541], "ACC": [{"max": 0.08999100089991001, "min": 0.0, "sm": 0.004285285757138572, "value": [228, 2, 2, 0, 0, 0, 0, 3, 2, 4, 7, 7, 9, 6, 16, 3, 2, 0, 1, 0, 0, 1]}, 0.01169918729944382], "LCC": [{"max": 1.0, "min": 0, "sm": 0.047619047619047616, "value": [278, 2, 0, 3, 0, 0, 0, 3, 0, 0, 0, 0, 0, 0, 4, 0, 0, 0, 0, 0, 0, 3]}, 0.025116403066825197]}, "rate-10": {"ANB": [{"max": 0.018807592567547063, "min": 0.0, "sm": 0.0008955996460736697, "value": [550, 11, 2, 5, 6, 0, 3, 1, 0, 1, 2, 0, 1, 0, 1, 1, 0, 0, 1, 1, 0, 1]}, 0.00036727224894047596], "ACC": [{"max": 0.08231951271290233, "min": 0.0, "sm": 0.003919976795852492, "value": [433, 10, 1, 0, 0, 0, 0, 0, 1, 5, 15, 18, 22, 14, 13, 36, 5, 5, 5, 0, 3, 1]}, 0.013455200647867363], "LCC": [{"max": 1.0, "min": 0, "sm": 0.047619047619047616, "value": [572, 0, 0, 5, 0, 0, 0, 4, 0, 0, 0, 0, 0, 0, 0, 0, 0, 0, 0, 0, 0, 6]}, 0.01403019520737782]}, "rate-15": {"ANB": [{"max": 0.033025510662304365, "min": 0.0, "sm": 0.0015726433648716365, "value": [838, 14, 12, 4, 6, 0, 0, 2, 0, 1, 0, 0, 1, 1, 1, 0, 0, 0, 0, 0, 0, 1]}, 0.0003602236291392653], "ACC": [{"max": 0.12117216687422165, "min": 0.0, "sm": 0.005770103184486746, "value": [600, 1, 0, 0, 0, 0, 0, 3, 4, 12, 15, 33, 24, 54, 63, 32, 12, 17, 6, 3, 1, 1]}, 0.025214920948097505], "LCC": [{"max": 1.0, "min": 0, "sm": 0.047619047619047616, "value": [829, 9, 8, 3, 5, 1, 1, 9, 0, 1, 3, 0, 0, 0, 3, 0, 0, 0, 0, 0, 0, 9]}, 0.022409480415055683]}, "rate-20": {"ANB": [{"max": 0.05382612645543986, "min": 0.0, "sm": 0.0025631488788304697, "value": [1140, 19, 5, 2, 4, 3, 0, 0, 0, 0, 0, 0, 0, 0, 0, 0, 0, 1, 0, 0, 0, 1]}, 0.000346928982562425], "ACC": [{"max": 0.16018156684704882, "min": 0.0, "sm": 0.007627693659383277, "value": [741, 0, 0, 0, 0, 0, 1, 4, 15, 43, 51, 47, 87, 50, 90, 27, 12, 3, 2, 1, 0, 1]}, 0.03540632433853353], "LCC": [{"max": 1.0, "min": 0, "sm": 0.047619047619047616, "value": [1078, 12, 7, 8, 1, 1, 5, 10, 1, 1, 1, 0, 1, 0, 6, 0, 0, 0, 0, 0, 0, 43]}, 0.048993581164563156]}, "rate-25": {"ANB": [{"max": 0.1180703322518836, "min": 0.0, "sm": 0.005622396773899219, "value": [1440, 17, 3, 2, 4, 0, 1, 0, 0, 0, 0, 0, 0, 0, 0, 0, 0, 0, 0, 0, 0, 1]}, 0.0005177255138787714], "ACC": [{"max": 0.2265086857594631, "min": 0.0, "sm": 0.010786127893307766, "value": [704, 0, 0, 0, 0, 1, 5, 6, 9, 37, 52, 131, 132, 103, 201, 49, 22, 12, 3, 0, 0, 1]}, 0.07325061200827447], "LCC": [{"max": 1.0, "min": 0, "sm": 0.047619047619047616, "value": [1282, 34, 27, 16, 15, 7, 3, 23, 4, 4, 4, 0, 0, 0, 10, 0, 0, 0, 0, 0, 0, 39]}, 0.04975950843438673]}, "rate-30": {"ANB": [{"max": 0.12913624446670796, "min": 0.0, "sm": 0.006149344974605141, "value": [1735, 12, 7, 1, 2, 2, 0, 1, 0, 1, 0, 0, 0, 0, 0, 0, 0, 0, 0, 0, 0, 1]}, 0.0005601998693179733], "ACC": [{"max": 0.2451647709747025, "min": 0.0, "sm": 0.011674512903557262, "value": [734, 0, 0, 0, 0, 0, 3, 10, 19, 48, 88, 142, 149, 144, 289, 80, 30, 18, 3, 3, 1, 1]}, 0.08983258213725517], "LCC": [{"max": 1.0, "min": 0, "sm": 0.047619047619047616, "value": [1516, 37, 26, 33, 18, 6, 15, 25, 7, 0, 6, 0, 2, 1, 14, 0, 0, 2, 0, 0, 0, 54]}, 0.057848317594837086]}, "rate-35": {"ANB": [{"max": 0.07495584144504207, "min": 0.0, "sm": 0.0035693257830972415, "value": [2008, 25, 6, 7, 3, 2, 2, 1, 0, 0, 0, 0, 0, 0, 0, 1, 0, 0, 0, 0, 0, 1]}, 0.00043062763829462277], "ACC": [{"max": 0.22128203040910283, "min": 0.0, "sm": 0.01053723954329061, "value": [949, 0, 0, 0, 0, 0, 0, 9, 35, 54, 117, 146, 191, 198, 163, 113, 48, 24, 4, 3, 1, 1]}, 0.07374284636212554], "LCC": [{"max": 1.0, "min": 0, "sm": 0.047619047619047616, "value": [1725, 26, 45, 33, 21, 13, 17, 51, 7, 2, 18, 3, 6, 0, 22, 0, 0, 4, 0, 0, 0, 63]}, 0.0689511761838745]}, "rate-40": {"ANB": [{"max": 0.04367385160317304, "min": 0.0, "sm": 0.002079707219198716, "value": [2238, 53, 17, 13, 11, 1, 7, 1, 2, 2, 0, 0, 0, 0, 0, 1, 0, 2, 0, 1, 0, 1]}, 0.00046009384759669516], "ACC": [{"max": 0.19365685248848538, "min": 0.0, "sm": 0.009221754880404066, "value": [1045, 0, 0, 0, 0, 0, 1, 5, 11, 42, 47, 145, 181, 312, 227, 197, 72, 37, 17, 7, 3, 1]}, 0.07006875185293261], "LCC": [{"max": 1.0, "min": 0, "sm": 0.047619047619047616, "value": [2088, 47, 29, 24, 17, 9, 4, 43, 4, 1, 9, 2, 5, 2, 9, 0, 3, 0, 1, 0, 0, 53]}, 0.045635537577883356]}}