{"rate-5": {"ANB": [{"max": 0.07489525569310933, "min": 0.0, "sm": 0.0035664407472909203, "value": [214, 35, 12, 4, 9, 5, 2, 1, 2, 1, 0, 1, 0, 1, 1, 0, 2, 0, 0, 0, 0, 1]}, 0.0042791931184552184], "ACC": [{"max": 0.614406779661017, "min": 0.2894211576846307, "sm": 0.015475505808399345, "value": [3, 0, 2, 3, 9, 11, 16, 25, 30, 29, 29, 26, 29, 31, 17, 9, 9, 6, 5, 1, 0, 1]}, 0.45413826033283994], "LCC": [{"max": 1.0, "min": 0, "sm": 0.047619047619047616, "value": [23, 1, 3, 13, 32, 36, 47, 51, 23, 22, 15, 6, 3, 2, 6, 1, 3, 1, 2, 0, 0, 1]}, 0.3252565545784813]}, "rate-10": {"ANB": [{"max": 0.0938451607911129, "min": 0.0, "sm": 0.004468817180529185, "value": [518, 27, 17, 6, 9, 2, 2, 0, 1, 2, 0, 2, 2, 0, 1, 0, 0, 0, 0, 0, 0, 1]}, 0.002668312584162894], "ACC": [{"max": 0.5520149953139644, "min": 0.2550887830229537, "sm": 0.01413934344242908, "value": [3, 1, 9, 12, 14, 31, 47, 61, 71, 72, 59, 49, 43, 37, 30, 19, 10, 10, 6, 4, 1, 1]}, 0.3956645233359696], "LCC": [{"max": 1.0, "min": 0, "sm": 0.047619047619047616, "value": [82, 9, 32, 60, 76, 78, 53, 64, 35, 20, 14, 5, 9, 3, 22, 1, 2, 1, 1, 0, 0, 23]}, 0.2892977376250867]}, "rate-15": {"ANB": [{"max": 0.13605365363182548, "min": 0.0, "sm": 0.006478745411039309, "value": [821, 27, 7, 9, 2, 3, 1, 1, 3, 0, 1, 0, 0, 0, 0, 0, 0, 0, 0, 0, 0, 1]}, 0.0019493791058945757], "ACC": [{"max": 0.534841075794621, "min": 0.20207852193995382, "sm": 0.015845835897841297, "value": [1, 1, 0, 2, 6, 18, 33, 44, 118, 129, 136, 115, 78, 62, 55, 29, 23, 11, 8, 4, 2, 1]}, 0.37544618050720197], "LCC": [{"max": 1.0, "min": 0, "sm": 0.047619047619047616, "value": [162, 22, 67, 85, 116, 75, 70, 86, 37, 24, 26, 12, 8, 2, 31, 0, 3, 1, 1, 0, 0, 48]}, 0.2766667787788205]}, "rate-20": {"ANB": [{"max": 0.15230519298630601, "min": 0.0, "sm": 0.007252628237443144, "value": [1139, 24, 9, 5, 3, 2, 1, 3, 2, 0, 0, 0, 0, 0, 0, 0, 0, 0, 0, 0, 0, 1]}, 0.0015174218411843834], "ACC": [{"max": 0.522887323943662, "min": 0.20023596831282656, "sm": 0.015364350268135022, "value": [1, 2, 0, 4, 15, 21, 49, 83, 154, 209, 189, 159, 100, 72, 60, 27, 18, 10, 11, 2, 2, 1]}, 0.36192404594331434], "LCC": [{"max": 1.0, "min": 0, "sm": 0.047619047619047616, "value": [265, 45, 89, 128, 126, 110, 58, 113, 50, 23, 33, 14, 13, 6, 36, 1, 5, 3, 2, 1, 0, 68]}, 0.2636970214938857]}, "rate-25": {"ANB": [{"max": 0.15129666843527664, "min": 0.0, "sm": 0.007204603258822697, "value": [1402, 30, 8, 6, 2, 0, 3, 3, 2, 0, 0, 0, 0, 0, 0, 0, 0, 0, 0, 0, 0, 1]}, 0.0013070144670877715], "ACC": [{"max": 0.5087351502445842, "min": 0.19801441588467292, "sm": 0.014796225445710057, "value": [1, 2, 3, 9, 22, 41, 71, 106, 198, 274, 221, 187, 109, 78, 56, 30, 21, 13, 8, 4, 2, 1]}, 0.34944520746396807], "LCC": [{"max": 1.0, "min": 0, "sm": 0.047619047619047616, "value": [377, 76, 130, 153, 140, 95, 73, 147, 45, 25, 37, 11, 17, 7, 47, 1, 3, 3, 4, 0, 0, 66]}, 0.23750984185779278]}, "rate-30": {"ANB": [{"max": 0.1527401530447243, "min": 0.0, "sm": 0.007273340621177347, "value": [1696, 28, 6, 8, 2, 2, 2, 3, 2, 0, 0, 0, 0, 0, 0, 0, 0, 0, 0, 0, 0, 1]}, 0.0011237841789199657], "ACC": [{"max": 0.5004291845493563, "min": 0.19700382969137192, "sm": 0.014448826421808777, "value": [1, 3, 3, 8, 35, 57, 99, 145, 253, 328, 254, 212, 134, 81, 58, 31, 19, 13, 9, 4, 2, 1]}, 0.34187323160013816], "LCC": [{"max": 1.0, "min": 0, "sm": 0.047619047619047616, "value": [503, 94, 162, 175, 139, 91, 94, 188, 53, 18, 38, 13, 20, 7, 58, 1, 4, 4, 4, 0, 0, 84]}, 0.23101557341567563]}, "rate-35": {"ANB": [{"max": 0.16705391481444581, "min": 0.0, "sm": 0.00795494832449742, "value": [2009, 26, 10, 3, 1, 4, 3, 2, 0, 0, 0, 0, 0, 0, 0, 0, 0, 0, 0, 0, 0, 1]}, 0.0009891749687495769], "ACC": [{"max": 0.4919913937365527, "min": 0.19553444180522564, "sm": 0.014116997711015574, "value": [1, 3, 9, 18, 43, 79, 130, 183, 310, 378, 296, 238, 146, 83, 61, 32, 21, 12, 10, 3, 2, 1]}, 0.3339657366270955], "LCC": [{"max": 1.0, "min": 0, "sm": 0.047619047619047616, "value": [659, 130, 184, 176, 149, 86, 92, 209, 58, 18, 42, 12, 18, 8, 71, 2, 6, 7, 4, 0, 0, 128]}, 0.23183144958945892]}, "rate-40": {"ANB": [{"max": 0.16725433495869196, "min": 0.0, "sm": 0.007964492140890093, "value": [2306, 24, 11, 4, 1, 4, 1, 4, 0, 0, 0, 0, 0, 0, 0, 0, 0, 0, 0, 0, 0, 1]}, 0.000890808597271237], "ACC": [{"max": 0.4845679012345679, "min": 0.1945959345562717, "sm": 0.013808188889442675, "value": [2, 4, 8, 21, 74, 109, 166, 218, 341, 424, 335, 266, 156, 90, 59, 32, 23, 11, 11, 3, 2, 1]}, 0.3272993516237613], "LCC": [{"max": 1.0, "min": 0, "sm": 0.047619047619047616, "value": [837, 135, 198, 195, 162, 96, 99, 222, 61, 19, 51, 11, 23, 9, 72, 2, 4, 9, 5, 1, 0, 145]}, 0.22176990143429792]}}