{"rate-5": {"ANB": [{"max": 0.1935377127814335, "min": 0.0, "sm": 0.009216081561020642, "value": [5829, 22, 12, 1, 3, 4, 1, 1, 1, 0, 0, 0, 0, 0, 0, 0, 0, 0, 0, 0, 0, 1]}, 0.00043778100170382067], "ACC": [{"max": 0.4364690147124387, "min": 0.1545342137802215, "sm": 0.013425466711057963, "value": [4, 7, 38, 58, 101, 216, 480, 634, 656, 735, 1276, 734, 422, 263, 114, 68, 33, 16, 13, 4, 2, 1]}, 0.2844729150538424], "LCC": [{"max": 1.0, "min": 0, "sm": 0.047619047619047616, "value": [3368, 234, 314, 262, 198, 131, 106, 340, 68, 40, 87, 22, 41, 10, 160, 8, 7, 19, 9, 1, 0, 450]}, 0.17768577523831136]}, "rate_10": {"ANB": [{"max": 0.1935377127814335, "min": 0.0, "sm": 0.009216081561020642, "value": [5829, 22, 12, 1, 3, 4, 1, 1, 1, 0, 0, 0, 0, 0, 0, 0, 0, 0, 0, 0, 0, 1]}, 0.00043778100170382067], "ACC": [{"max": 0.4364690147124387, "min": 0.1545342137802215, "sm": 0.013425466711057963, "value": [4, 7, 38, 58, 101, 216, 480, 634, 656, 735, 1276, 734, 422, 263, 114, 68, 33, 16, 13, 4, 2, 1]}, 0.2844729150538424], "LCC": [{"max": 1.0, "min": 0, "sm": 0.047619047619047616, "value": [3368, 234, 314, 262, 198, 131, 106, 340, 68, 40, 87, 22, 41, 10, 160, 8, 7, 19, 9, 1, 0, 450]}, 0.17768577523831136]}, "rate_15": {"ANB": [{"max": 0.1935377127814335, "min": 0.0, "sm": 0.009216081561020642, "value": [5829, 22, 12, 1, 3, 4, 1, 1, 1, 0, 0, 0, 0, 0, 0, 0, 0, 0, 0, 0, 0, 1]}, 0.00043778100170382067], "ACC": [{"max": 0.4364690147124387, "min": 0.1545342137802215, "sm": 0.013425466711057963, "value": [4, 7, 38, 58, 101, 216, 480, 634, 656, 735, 1276, 734, 422, 263, 114, 68, 33, 16, 13, 4, 2, 1]}, 0.2844729150538424], "LCC": [{"max": 1.0, "min": 0, "sm": 0.047619047619047616, "value": [3368, 234, 314, 262, 198, 131, 106, 340, 68, 40, 87, 22, 41, 10, 160, 8, 7, 19, 9, 1, 0, 450]}, 0.17768577523831136]}, "rate_20": {"ANB": [{"max": 0.1935377127814335, "min": 0.0, "sm": 0.009216081561020642, "value": [5829, 22, 12, 1, 3, 4, 1, 1, 1, 0, 0, 0, 0, 0, 0, 0, 0, 0, 0, 0, 0, 1]}, 0.00043778100170382067], "ACC": [{"max": 0.4364690147124387, "min": 0.1545342137802215, "sm": 0.013425466711057963, "value": [4, 7, 38, 58, 101, 216, 480, 634, 656, 735, 1276, 734, 422, 263, 114, 68, 33, 16, 13, 4, 2, 1]}, 0.2844729150538424], "LCC": [{"max": 1.0, "min": 0, "sm": 0.047619047619047616, "value": [3368, 234, 314, 262, 198, 131, 106, 340, 68, 40, 87, 22, 41, 10, 160, 8, 7, 19, 9, 1, 0, 450]}, 0.17768577523831136]}, "rate_25": {"ANB": [{"max": 0.1935377127814335, "min": 0.0, "sm": 0.009216081561020642, "value": [5829, 22, 12, 1, 3, 4, 1, 1, 1, 0, 0, 0, 0, 0, 0, 0, 0, 0, 0, 0, 0, 1]}, 0.00043778100170382067], "ACC": [{"max": 0.4364690147124387, "min": 0.1545342137802215, "sm": 0.013425466711057963, "value": [4, 7, 38, 58, 101, 216, 480, 634, 656, 735, 1276, 734, 422, 263, 114, 68, 33, 16, 13, 4, 2, 1]}, 0.2844729150538424], "LCC": [{"max": 1.0, "min": 0, "sm": 0.047619047619047616, "value": [3368, 234, 314, 262, 198, 131, 106, 340, 68, 40, 87, 22, 41, 10, 160, 8, 7, 19, 9, 1, 0, 450]}, 0.17768577523831136]}, "rate_30": {"ANB": [{"max": 0.1935377127814335, "min": 0.0, "sm": 0.009216081561020642, "value": [5829, 22, 12, 1, 3, 4, 1, 1, 1, 0, 0, 0, 0, 0, 0, 0, 0, 0, 0, 0, 0, 1]}, 0.00043778100170382067], "ACC": [{"max": 0.4364690147124387, "min": 0.1545342137802215, "sm": 0.013425466711057963, "value": [4, 7, 38, 58, 101, 216, 480, 634, 656, 735, 1276, 734, 422, 263, 114, 68, 33, 16, 13, 4, 2, 1]}, 0.2844729150538424], "LCC": [{"max": 1.0, "min": 0, "sm": 0.047619047619047616, "value": [3368, 234, 314, 262, 198, 131, 106, 340, 68, 40, 87, 22, 41, 10, 160, 8, 7, 19, 9, 1, 0, 450]}, 0.17768577523831136]}, "rate_35": {"ANB": [{"max": 0.1935377127814335, "min": 0.0, "sm": 0.009216081561020642, "value": [5829, 22, 12, 1, 3, 4, 1, 1, 1, 0, 0, 0, 0, 0, 0, 0, 0, 0, 0, 0, 0, 1]}, 0.00043778100170382067], "ACC": [{"max": 0.4364690147124387, "min": 0.1545342137802215, "sm": 0.013425466711057963, "value": [4, 7, 38, 58, 101, 216, 480, 634, 656, 735, 1276, 734, 422, 263, 114, 68, 33, 16, 13, 4, 2, 1]}, 0.2844729150538424], "LCC": [{"max": 1.0, "min": 0, "sm": 0.047619047619047616, "value": [3368, 234, 314, 262, 198, 131, 106, 340, 68, 40, 87, 22, 41, 10, 160, 8, 7, 19, 9, 1, 0, 450]}, 0.17768577523831136]}, "rate_40": {"ANB": [{"max": 0.1935377127814335, "min": 0.0, "sm": 0.009216081561020642, "value": [5829, 22, 12, 1, 3, 4, 1, 1, 1, 0, 0, 0, 0, 0, 0, 0, 0, 0, 0, 0, 0, 1]}, 0.00043778100170382067], "ACC": [{"max": 0.4364690147124387, "min": 0.1545342137802215, "sm": 0.013425466711057963, "value": [4, 7, 38, 58, 101, 216, 480, 634, 656, 735, 1276, 734, 422, 263, 114, 68, 33, 16, 13, 4, 2, 1]}, 0.2844729150538424], "LCC": [{"max": 1.0, "min": 0, "sm": 0.047619047619047616, "value": [3368, 234, 314, 262, 198, 131, 106, 340, 68, 40, 87, 22, 41, 10, 160, 8, 7, 19, 9, 1, 0, 450]}, 0.17768577523831136]}}