{"rate-5": {"ANB": [{"max": 0.089397017856468, "min": 0.0, "sm": 0.004257000850308, "value": [201, 43, 12, 11, 4, 3, 4, 3, 1, 2, 0, 2, 1, 1, 0, 0, 0, 4, 0, 0, 0, 1]}, 0.0059739413858714945], "ACC": [{"max": 0.5338208409506399, "min": 0.2108303249097473, "sm": 0.015380500763852027, "value": [3, 0, 3, 6, 10, 6, 17, 20, 34, 32, 35, 23, 22, 25, 18, 14, 10, 4, 8, 1, 1, 1]}, 0.37463010397337554], "LCC": [{"max": 1.0, "min": 0, "sm": 0.047619047619047616, "value": [71, 5, 13, 18, 20, 23, 27, 34, 18, 12, 9, 2, 7, 1, 10, 1, 1, 3, 3, 0, 0, 15]}, 0.29565495376066037]}, "rate-10": {"ANB": [{"max": 0.10565991563174076, "min": 0.0, "sm": 0.005031424553892418, "value": [518, 27, 10, 13, 4, 3, 2, 1, 2, 2, 1, 1, 2, 0, 0, 0, 0, 0, 0, 0, 0, 1]}, 0.0029596857756470775], "ACC": [{"max": 0.5356489945155393, "min": 0.2184936614466816, "sm": 0.015102634908040842, "value": [1, 2, 5, 13, 19, 21, 29, 61, 72, 66, 68, 57, 42, 42, 40, 15, 9, 11, 11, 1, 1, 1]}, 0.3735981499143642], "LCC": [{"max": 1.0, "min": 0, "sm": 0.047619047619047616, "value": [121, 15, 31, 46, 44, 61, 54, 68, 29, 18, 19, 11, 11, 3, 20, 4, 3, 0, 3, 0, 0, 26]}, 0.2872631569344927]}, "rate-15": {"ANB": [{"max": 0.09270706584129113, "min": 0.0, "sm": 0.004414622182918625, "value": [795, 39, 19, 6, 2, 5, 5, 0, 2, 2, 0, 1, 1, 1, 0, 0, 1, 1, 0, 0, 0, 1]}, 0.0020906740699444476], "ACC": [{"max": 0.5247465712581991, "min": 0.18506834910620398, "sm": 0.016175153435809293, "value": [2, 0, 8, 6, 11, 29, 31, 50, 96, 120, 132, 103, 102, 62, 54, 29, 23, 8, 12, 2, 0, 1]}, 0.3596461063856228], "LCC": [{"max": 1.0, "min": 0, "sm": 0.047619047619047616, "value": [173, 13, 50, 73, 87, 100, 64, 92, 41, 28, 18, 12, 17, 4, 39, 4, 6, 4, 1, 0, 0, 55]}, 0.3007901709972865]}, "rate-20": {"ANB": [{"max": 0.13766388645062821, "min": 0.0, "sm": 0.006555423164315629, "value": [1113, 33, 10, 5, 3, 2, 4, 3, 0, 0, 1, 0, 0, 0, 0, 0, 0, 0, 0, 0, 0, 1]}, 0.0016649481332939161], "ACC": [{"max": 0.5047291487532244, "min": 0.19073923639317628, "sm": 0.014951900588573722, "value": [2, 0, 4, 19, 30, 50, 52, 87, 121, 183, 155, 154, 119, 66, 55, 30, 21, 13, 11, 1, 1, 1]}, 0.3449751452188096], "LCC": [{"max": 1.0, "min": 0, "sm": 0.047619047619047616, "value": [296, 29, 99, 112, 116, 98, 68, 106, 48, 21, 32, 10, 21, 4, 31, 2, 5, 3, 2, 1, 0, 71]}, 0.26044685012161795]}, "rate-25": {"ANB": [{"max": 0.11591426828310566, "min": 0.0, "sm": 0.00551972706110027, "value": [1397, 35, 9, 11, 5, 1, 2, 2, 0, 1, 3, 0, 1, 0, 0, 0, 0, 0, 0, 0, 0, 1]}, 0.001345491235452402], "ACC": [{"max": 0.5006825938566553, "min": 0.19580886278697276, "sm": 0.014517796717603929, "value": [1, 1, 8, 13, 37, 72, 82, 112, 211, 215, 200, 172, 133, 71, 53, 39, 19, 10, 12, 5, 1, 1]}, 0.34192273617685137], "LCC": [{"max": 1.0, "min": 0, "sm": 0.047619047619047616, "value": [375, 65, 106, 145, 142, 101, 80, 137, 50, 34, 40, 18, 20, 9, 39, 1, 6, 7, 3, 0, 0, 90]}, 0.2596399442224596]}, "rate-30": {"ANB": [{"max": 0.12467133845458506, "min": 0.0, "sm": 0.005936730402599288, "value": [1697, 36, 5, 11, 3, 1, 1, 1, 1, 3, 0, 1, 1, 0, 0, 0, 0, 0, 0, 0, 0, 1]}, 0.0011603852922423866], "ACC": [{"max": 0.4938306225462703, "min": 0.2186219739292365, "sm": 0.013105173743668277, "value": [5, 25, 39, 70, 87, 115, 103, 240, 247, 237, 191, 162, 77, 61, 40, 27, 14, 9, 9, 2, 1, 1]}, 0.3341792289012966], "LCC": [{"max": 1.0, "min": 0, "sm": 0.047619047619047616, "value": [476, 96, 155, 158, 160, 105, 80, 158, 58, 33, 46, 17, 27, 8, 58, 2, 6, 3, 6, 0, 0, 110]}, 0.25211418371814]}, "rate-35": {"ANB": [{"max": 0.12219580336809432, "min": 0.0, "sm": 0.0058188477794330635, "value": [1987, 35, 7, 9, 7, 3, 0, 1, 1, 1, 4, 0, 0, 0, 0, 0, 0, 0, 0, 0, 0, 1]}, 0.0010254014399423113], "ACC": [{"max": 0.4830747531734838, "min": 0.19381307177213997, "sm": 0.013774365781016373, "value": [7, 4, 15, 30, 68, 120, 120, 153, 265, 345, 300, 225, 169, 84, 62, 37, 22, 11, 11, 5, 2, 1]}, 0.32731073660474863], "LCC": [{"max": 1.0, "min": 0, "sm": 0.047619047619047616, "value": [595, 112, 171, 185, 172, 102, 105, 176, 53, 28, 53, 20, 24, 13, 73, 6, 6, 9, 6, 1, 0, 146]}, 0.25486895942315924]}, "rate-40": {"ANB": [{"max": 0.13659289556489687, "min": 0.0, "sm": 0.006504423598328422, "value": [2291, 32, 4, 8, 5, 3, 0, 2, 1, 1, 2, 0, 0, 0, 0, 0, 0, 0, 0, 0, 0, 1]}, 0.0009231426429185158], "ACC": [{"max": 0.47608431293068504, "min": 0.1582457558609539, "sm": 0.01513516938427291, "value": [1, 4, 9, 5, 20, 52, 116, 158, 179, 290, 407, 399, 291, 191, 97, 60, 31, 18, 12, 7, 2, 1]}, 0.32115953610571074], "LCC": [{"max": 1.0, "min": 0, "sm": 0.047619047619047616, "value": [765, 135, 194, 194, 187, 105, 100, 194, 53, 30, 62, 18, 35, 11, 73, 7, 4, 17, 5, 1, 0, 160]}, 0.24144092049376772]}}