{"rate-5": {"ANB": [{"max": 0.006731629242574024, "min": 0.0, "sm": 0.0003205537734559059, "value": [282, 0, 2, 0, 0, 1, 1, 2, 0, 1, 0, 0, 1, 1, 0, 0, 0, 0, 0, 0, 1, 1]}, 0.00011993511132918466], "ACC": [{"max": 0.038527397260273974, "min": 0.0, "sm": 0.0018346379647749512, "value": [242, 16, 0, 3, 0, 1, 0, 0, 0, 3, 1, 7, 2, 5, 3, 5, 1, 1, 1, 0, 1, 1]}, 0.002970334022870245], "LCC": [{"max": 0.6666666666666666, "min": 0, "sm": 0.031746031746031744, "value": [289, 0, 0, 0, 0, 1, 0, 0, 0, 0, 1, 0, 0, 0, 0, 0, 0, 0, 0, 0, 0, 2]}, 0.006257110352673493]}, "rate-10": {"ANB": [{"max": 0.010718057066179938, "min": 0.0, "sm": 0.0005103836698180923, "value": [548, 19, 8, 4, 0, 1, 0, 2, 1, 0, 0, 1, 1, 0, 0, 1, 0, 0, 0, 0, 0, 1]}, 0.0001280925701389564], "ACC": [{"max": 0.06448074110190151, "min": 0.0, "sm": 0.003070511481042929, "value": [473, 11, 8, 1, 1, 0, 0, 1, 1, 6, 10, 13, 15, 6, 22, 9, 5, 1, 1, 2, 0, 1]}, 0.006812545199793542], "LCC": [{"max": 1.0, "min": 0, "sm": 0.047619047619047616, "value": [577, 2, 0, 1, 1, 1, 0, 2, 0, 0, 0, 0, 0, 0, 0, 0, 0, 0, 0, 0, 0, 3]}, 0.007736603733196577]}, "rate-15": {"ANB": [{"max": 0.04652946058869577, "min": 0.0, "sm": 0.0022156885994617033, "value": [837, 27, 6, 2, 1, 2, 0, 1, 1, 0, 0, 1, 1, 0, 0, 1, 0, 0, 0, 0, 0, 1]}, 0.0004483799694989273], "ACC": [{"max": 0.16022876206362446, "min": 0.0, "sm": 0.007629941050648784, "value": [552, 0, 0, 0, 0, 0, 1, 5, 7, 25, 14, 51, 33, 52, 87, 33, 9, 5, 3, 2, 1, 1]}, 0.03767616386641199], "LCC": [{"max": 1.0, "min": 0, "sm": 0.047619047619047616, "value": [814, 8, 8, 15, 4, 1, 1, 14, 1, 0, 1, 0, 0, 0, 5, 0, 0, 0, 0, 0, 0, 9]}, 0.02666411999013501]}, "rate-20": {"ANB": [{"max": 0.03568847701740768, "min": 0.0, "sm": 0.001699451286543223, "value": [1118, 25, 11, 8, 1, 2, 4, 0, 2, 0, 0, 0, 0, 1, 0, 1, 0, 1, 0, 0, 0, 1]}, 0.0003813064481355962], "ACC": [{"max": 0.13251347454227255, "min": 0.0, "sm": 0.006310165454393931, "value": [747, 0, 0, 0, 0, 0, 0, 2, 7, 11, 37, 44, 70, 72, 77, 60, 27, 11, 5, 2, 2, 1]}, 0.031165539964037696], "LCC": [{"max": 1.0, "min": 0, "sm": 0.047619047619047616, "value": [1098, 12, 7, 10, 9, 1, 2, 13, 1, 1, 0, 1, 1, 0, 1, 0, 0, 0, 0, 0, 0, 18]}, 0.026626563049855313]}, "rate-25": {"ANB": [{"max": 0.049968654639750046, "min": 0.0, "sm": 0.002379459744750002, "value": [1396, 34, 21, 7, 1, 2, 2, 1, 1, 0, 1, 0, 0, 0, 0, 0, 1, 0, 0, 0, 0, 1]}, 0.0004502949234860093], "ACC": [{"max": 0.16189023420631443, "min": 0.0, "sm": 0.007709058771729259, "value": [817, 0, 0, 0, 0, 0, 0, 6, 15, 18, 42, 58, 117, 103, 120, 96, 40, 18, 10, 6, 1, 1]}, 0.04651554392396731], "LCC": [{"max": 1.0, "min": 0, "sm": 0.047619047619047616, "value": [1335, 19, 19, 18, 8, 1, 3, 16, 1, 0, 3, 0, 2, 0, 9, 0, 0, 1, 0, 0, 0, 33]}, 0.039550932894360034]}, "rate-30": {"ANB": [{"max": 0.06333557911005182, "min": 0.0, "sm": 0.0030159799576215153, "value": [1710, 26, 8, 5, 6, 1, 2, 1, 0, 0, 0, 0, 2, 0, 0, 0, 0, 0, 0, 0, 0, 1]}, 0.0004090075847960939], "ACC": [{"max": 0.1864753796183831, "min": 0.0, "sm": 0.008879779981827766, "value": [912, 0, 0, 0, 0, 0, 0, 2, 10, 22, 57, 70, 175, 169, 128, 146, 40, 16, 10, 3, 1, 1]}, 0.05814991511991822], "LCC": [{"max": 1.0, "min": 0, "sm": 0.047619047619047616, "value": [1558, 27, 26, 17, 18, 3, 3, 39, 4, 3, 5, 1, 4, 0, 8, 0, 0, 2, 0, 0, 0, 44]}, 0.04878590654724908]}, "rate-35": {"ANB": [{"max": 0.06689037900159053, "min": 0.0, "sm": 0.0031852561429328826, "value": [1988, 31, 12, 8, 4, 3, 2, 1, 0, 1, 1, 1, 0, 1, 0, 0, 0, 0, 0, 0, 2, 1]}, 0.0005494350428183161], "ACC": [{"max": 0.2629196153988662, "min": 0.0, "sm": 0.012519981685660295, "value": [750, 0, 0, 0, 0, 0, 1, 3, 17, 32, 65, 140, 233, 179, 338, 166, 77, 29, 15, 6, 4, 1]}, 0.1088446188890968], "LCC": [{"max": 1.0, "min": 0, "sm": 0.047619047619047616, "value": [1659, 42, 47, 38, 26, 20, 11, 51, 9, 6, 14, 1, 3, 0, 24, 3, 2, 4, 1, 0, 0, 95]}, 0.08784670408580891]}, "rate-40": {"ANB": [{"max": 0.06474224870532813, "min": 0.0, "sm": 0.003082964224063244, "value": [2276, 34, 13, 6, 5, 4, 1, 2, 2, 2, 2, 0, 0, 1, 0, 0, 0, 1, 0, 0, 0, 1]}, 0.0004918773579113377], "ACC": [{"max": 0.2696301026441512, "min": 0.0, "sm": 0.012839528697340534, "value": [839, 0, 0, 0, 0, 0, 0, 0, 15, 34, 122, 167, 253, 293, 329, 186, 59, 29, 12, 8, 3, 1]}, 0.1112980009480428], "LCC": [{"max": 1.0, "min": 0, "sm": 0.047619047619047616, "value": [1816, 52, 54, 61, 50, 22, 14, 78, 12, 3, 13, 7, 3, 0, 42, 1, 2, 2, 0, 0, 0, 118]}, 0.10003014910475297]}}