{"rate-5": {"ANB": [{"max": 0.00042077703492449385, "min": 0.0, "sm": 2.0037001663071134e-05, "value": [251, 20, 4, 3, 0, 6, 0, 1, 0, 2, 2, 2, 2, 0, 0, 0, 0, 0, 0, 0, 0, 1]}, 1.3278489197352691e-05], "ACC": [{"max": 0.01858172165339401, "min": 0.0034129692832764505, "sm": 0.0007223215414341696, "value": [172, 40, 4, 4, 28, 6, 6, 4, 13, 2, 9, 0, 1, 0, 1, 0, 1, 0, 2, 0, 0, 1]}, 0.005004919886712393], "LCC": [{"max": 0, "min": 0, "sm": 0.0, "value": [294, 0, 0, 0, 0, 0, 0, 0, 0, 0, 0, 0, 0, 0, 0, 0, 0, 0, 0, 0, 0, 0]}, 0.0]}, "rate-10": {"ANB": [{"max": 0.0031095942358740996, "min": 0.0, "sm": 0.00014807591599400475, "value": [544, 16, 3, 2, 4, 3, 4, 2, 4, 1, 0, 1, 1, 0, 1, 0, 0, 0, 0, 0, 0, 1]}, 5.899732280763842e-05], "ACC": [{"max": 0.02229806598407281, "min": 0.0017064846416382253, "sm": 0.000980551492496885, "value": [296, 57, 27, 32, 15, 17, 14, 13, 13, 22, 30, 20, 6, 8, 7, 1, 4, 0, 1, 2, 1, 1]}, 0.005035545501394153], "LCC": [{"max": 0, "min": 0, "sm": 0.0, "value": [587, 0, 0, 0, 0, 0, 0, 0, 0, 0, 0, 0, 0, 0, 0, 0, 0, 0, 0, 0, 0, 0]}, 0.0]}, "rate-15": {"ANB": [{"max": 0.05614412038473468, "min": 0.0, "sm": 0.0026735295421302227, "value": [783, 17, 14, 10, 11, 8, 7, 4, 4, 6, 6, 0, 2, 1, 0, 1, 0, 2, 3, 0, 1, 1]}, 0.0019339454913364484], "ACC": [{"max": 0.07502942041776993, "min": 0.0011363636363636363, "sm": 0.0035187169895907764, "value": [422, 38, 14, 2, 0, 0, 0, 0, 2, 9, 8, 45, 36, 70, 55, 81, 52, 26, 9, 11, 0, 1]}, 0.025180247332809703], "LCC": [{"max": 0.3333333333333333, "min": 0, "sm": 0.015873015873015872, "value": [878, 0, 0, 0, 0, 0, 0, 0, 0, 0, 2, 0, 0, 0, 0, 0, 0, 0, 0, 0, 0, 1]}, 0.0007567158531971244]}, "rate-20": {"ANB": [{"max": 0.06930051157287023, "min": 0.0, "sm": 0.003300024360612868, "value": [1032, 45, 38, 13, 11, 3, 8, 5, 4, 3, 0, 2, 2, 3, 2, 1, 1, 0, 0, 0, 1, 1]}, 0.001941558617530983], "ACC": [{"max": 0.12762245749968243, "min": 0.0008517887563884157, "sm": 0.0060366985115854295, "value": [459, 2, 0, 0, 0, 0, 0, 1, 9, 19, 35, 64, 85, 87, 110, 132, 88, 51, 19, 9, 4, 1]}, 0.053480535115054614], "LCC": [{"max": 0.3333333333333333, "min": 0, "sm": 0.015873015873015872, "value": [1165, 0, 0, 2, 2, 0, 2, 0, 0, 0, 0, 0, 0, 0, 0, 0, 0, 0, 0, 0, 0, 4]}, 0.0014994934143870314]}, "rate-25": {"ANB": [{"max": 0.11397819542394137, "min": 0.0, "sm": 0.00542753311542578, "value": [1318, 81, 27, 10, 10, 6, 4, 2, 4, 1, 0, 1, 0, 0, 2, 1, 0, 0, 0, 0, 0, 1]}, 0.0021334021921905846], "ACC": [{"max": 0.1847587340163138, "min": 0.0006816632583503749, "sm": 0.008765574797998258, "value": [356, 0, 0, 0, 0, 0, 0, 5, 19, 37, 66, 95, 167, 215, 235, 130, 91, 30, 17, 3, 1, 1]}, 0.09152532368347388], "LCC": [{"max": 1.0, "min": 0, "sm": 0.047619047619047616, "value": [1458, 1, 0, 5, 0, 0, 0, 2, 0, 0, 0, 0, 0, 0, 0, 0, 0, 0, 0, 0, 0, 2]}, 0.0024931774835816474]}, "rate-30": {"ANB": [{"max": 0.10930264842584195, "min": 0.0, "sm": 0.005204888020278188, "value": [1626, 65, 21, 21, 11, 5, 3, 1, 2, 3, 0, 0, 1, 0, 0, 1, 0, 1, 0, 0, 0, 1]}, 0.0017239665487528354], "ACC": [{"max": 0.20649818696023156, "min": 0.0005678591709256105, "sm": 0.009806206085205046, "value": [381, 0, 0, 0, 0, 0, 0, 4, 12, 39, 97, 130, 211, 210, 285, 233, 92, 47, 15, 4, 1, 1]}, 0.10616174907164874], "LCC": [{"max": 1.0, "min": 0, "sm": 0.047619047619047616, "value": [1738, 5, 5, 7, 0, 0, 0, 3, 0, 0, 0, 0, 0, 0, 0, 0, 0, 0, 0, 0, 0, 4]}, 0.004256914242874419]}, "rate-35": {"ANB": [{"max": 0.09229109768606099, "min": 0.0, "sm": 0.004394814175526713, "value": [1896, 86, 21, 11, 13, 6, 4, 5, 3, 2, 2, 1, 2, 1, 0, 0, 1, 0, 1, 0, 0, 1]}, 0.0015524609392115285], "ACC": [{"max": 0.23329921188136923, "min": 0.00048661800486618007, "sm": 0.011086313994119194, "value": [298, 0, 0, 0, 0, 0, 0, 0, 6, 24, 52, 125, 152, 258, 324, 304, 330, 114, 37, 23, 8, 1]}, 0.1393679618443617], "LCC": [{"max": 1.0, "min": 0, "sm": 0.047619047619047616, "value": [2013, 17, 10, 3, 1, 0, 1, 9, 0, 0, 0, 0, 0, 0, 0, 0, 0, 0, 0, 0, 0, 2]}, 0.004334847820334901]}, "rate-40": {"ANB": [{"max": 0.07939373734054411, "min": 0.0, "sm": 0.003780654159073529, "value": [2158, 103, 32, 17, 10, 4, 5, 5, 1, 4, 2, 3, 2, 0, 0, 0, 0, 1, 0, 1, 1, 1]}, 0.0013582721971622674], "ACC": [{"max": 0.260001487394333, "min": 0.0004257130693912303, "sm": 0.01236075115833056, "value": [288, 0, 0, 0, 0, 0, 0, 2, 11, 31, 90, 166, 269, 356, 559, 238, 214, 72, 44, 7, 2, 1]}, 0.15293691818916968], "LCC": [{"max": 1.0, "min": 0, "sm": 0.047619047619047616, "value": [2245, 36, 18, 17, 2, 0, 0, 16, 0, 0, 0, 0, 0, 0, 2, 0, 0, 0, 0, 0, 0, 14]}, 0.012441640464289007]}}