{"rate-5": {"ANB": [{"max": 0.08091500900396263, "min": 0.0, "sm": 0.0038530956668553634, "value": [788, 9, 0, 3, 0, 1, 0, 0, 0, 0, 0, 1, 0, 0, 0, 0, 0, 0, 0, 0, 0, 1]}, 0.00047579832917166734], "ACC": [{"max": 0.15564897280608003, "min": 0.0012468827930174563, "sm": 0.007352480476812503, "value": [189, 85, 59, 68, 37, 23, 70, 15, 16, 45, 85, 10, 39, 1, 57, 1, 1, 1, 0, 0, 0, 1]}, 0.04137742944161568], "LCC": [{"max": 1.0, "min": 0, "sm": 0.047619047619047616, "value": [482, 11, 7, 12, 15, 2, 6, 31, 1, 6, 17, 2, 2, 2, 24, 2, 5, 2, 3, 1, 0, 170]}, 0.28832738935260405]}, "rate-10": {"ANB": [{"max": 0.11674748841662873, "min": 0.0, "sm": 0.005559404210315653, "value": [1588, 7, 3, 2, 0, 3, 0, 1, 0, 0, 0, 0, 0, 1, 0, 0, 0, 0, 0, 0, 0, 1]}, 0.0005157243799212665], "ACC": [{"max": 0.15672131382750723, "min": 0.0006230529595015577, "sm": 0.00743325051752408, "value": [207, 87, 94, 210, 64, 92, 157, 67, 34, 58, 16, 175, 179, 40, 46, 74, 2, 0, 2, 1, 0, 1]}, 0.052260470667522874], "LCC": [{"max": 1.0, "min": 0, "sm": 0.047619047619047616, "value": [922, 26, 29, 34, 9, 9, 10, 74, 8, 3, 15, 6, 8, 2, 48, 5, 8, 10, 13, 3, 11, 353]}, 0.30652611452142414]}, "rate-15": {"ANB": [{"max": 0.11914847839424436, "min": 0.0, "sm": 0.005673737066392588, "value": [2376, 14, 5, 1, 0, 3, 2, 1, 0, 0, 1, 2, 1, 0, 1, 1, 0, 0, 0, 0, 0, 1]}, 0.0006065265790107293], "ACC": [{"max": 0.1587355872581591, "min": 0.0004152823920265781, "sm": 0.007539062136482501, "value": [325, 2, 78, 84, 8, 104, 215, 235, 345, 171, 41, 203, 381, 37, 83, 91, 2, 0, 2, 1, 0, 1]}, 0.061689408576738915], "LCC": [{"max": 1.0, "min": 0, "sm": 0.047619047619047616, "value": [1391, 26, 35, 44, 22, 13, 15, 93, 8, 16, 19, 13, 15, 3, 61, 26, 16, 12, 11, 2, 15, 553]}, 0.3141327993074046]}, "rate-20": {"ANB": [{"max": 0.13977396412997153, "min": 0.0, "sm": 0.006655903053808168, "value": [3180, 17, 1, 3, 3, 0, 1, 0, 0, 3, 0, 0, 0, 0, 3, 0, 0, 0, 0, 0, 0, 1]}, 0.00048408056933872115], "ACC": [{"max": 0.13736013365276026, "min": 0.0003114294612270321, "sm": 0.006526128771025392, "value": [234, 99, 0, 3, 172, 354, 264, 166, 438, 244, 53, 175, 80, 655, 26, 129, 114, 2, 0, 1, 2, 1]}, 0.05901842747755901], "LCC": [{"max": 1.0, "min": 0, "sm": 0.047619047619047616, "value": [1823, 42, 50, 65, 26, 10, 21, 155, 12, 16, 27, 21, 12, 4, 74, 17, 6, 26, 19, 2, 35, 749]}, 0.3182721190879516]}, "rate-25": {"ANB": [{"max": 0.11725029472839255, "min": 0.0, "sm": 0.005583347368018693, "value": [3983, 13, 5, 1, 2, 0, 1, 1, 2, 0, 0, 1, 2, 0, 1, 1, 0, 1, 0, 0, 0, 1]}, 0.00038915115058627545], "ACC": [{"max": 0.15293043480314264, "min": 0.00024912805181863477, "sm": 0.007270538416729714, "value": [243, 223, 119, 159, 9, 6, 164, 476, 481, 602, 223, 321, 696, 3, 158, 124, 3, 0, 3, 1, 0, 1]}, 0.06299579032206168], "LCC": [{"max": 1.0, "min": 0, "sm": 0.047619047619047616, "value": [2198, 69, 56, 84, 50, 11, 16, 182, 25, 15, 45, 17, 30, 7, 114, 15, 18, 29, 24, 14, 32, 964]}, 0.3313641744771692]}, "rate-30": {"ANB": [{"max": 0.1527914272475687, "min": 0.0, "sm": 0.007275782249884223, "value": [4775, 18, 6, 3, 0, 2, 2, 1, 4, 0, 0, 1, 0, 0, 1, 1, 2, 0, 0, 1, 0, 1]}, 0.0005013518433165911], "ACC": [{"max": 0.1468786487164318, "min": 0.00020759809009757111, "sm": 0.006984335744111154, "value": [283, 129, 0, 0, 2, 16, 192, 435, 689, 389, 1029, 226, 1102, 5, 155, 158, 3, 0, 2, 2, 0, 1]}, 0.0677016671542914], "LCC": [{"max": 1.0, "min": 0, "sm": 0.047619047619047616, "value": [2734, 64, 73, 96, 55, 21, 19, 276, 16, 22, 29, 18, 40, 6, 102, 23, 22, 32, 22, 23, 31, 1094]}, 0.3127074643553324]}, "rate-35": {"ANB": [{"max": 0.11856669135218205, "min": 0.0, "sm": 0.005646032921532478, "value": [5583, 18, 4, 3, 1, 0, 2, 2, 1, 0, 0, 0, 0, 0, 2, 1, 1, 0, 1, 1, 0, 1]}, 0.00032464228040957705], "ACC": [{"max": 0.14456206480481293, "min": 0.00017793594306049823, "sm": 0.006875434707702496, "value": [243, 190, 71, 322, 16, 1, 14, 286, 774, 584, 1157, 352, 1257, 9, 105, 233, 3, 0, 1, 2, 0, 1]}, 0.06509639424805856], "LCC": [{"max": 1.0, "min": 0, "sm": 0.047619047619047616, "value": [3213, 77, 87, 106, 43, 25, 21, 309, 22, 15, 45, 13, 48, 7, 129, 25, 14, 46, 29, 12, 36, 1299]}, 0.31350098998444303]}, "rate-40": {"ANB": [{"max": 0.1575617198598303, "min": 0.0, "sm": 0.0075029390409443, "value": [6384, 14, 8, 1, 1, 2, 2, 1, 4, 0, 0, 1, 0, 0, 1, 1, 2, 0, 0, 1, 0, 1]}, 0.0003967293844779478], "ACC": [{"max": 0.14718947772621851, "min": 0.00015569048731122528, "sm": 0.007001608916138442, "value": [255, 180, 0, 0, 1, 49, 261, 538, 1072, 370, 1419, 309, 1544, 37, 118, 261, 5, 0, 2, 2, 0, 1]}, 0.06936022880174458], "LCC": [{"max": 1.0, "min": 0, "sm": 0.047619047619047616, "value": [3643, 86, 103, 110, 61, 14, 23, 372, 28, 16, 48, 20, 41, 22, 192, 24, 22, 45, 39, 26, 30, 1459]}, 0.3151505445133197]}}