{"rate_5": {"ANB": [{"max": 0.6906231023878088, "min": 0.0, "sm": 0.03288681439941946, "value": [691, 7, 7, 3, 0, 1, 0, 3, 0, 0, 1, 1, 1, 0, 0, 0, 0, 0, 0, 0, 0, 1]}, 0.006900433338159267], "ACC": [{"max": 0.2972972972972973, "min": 0.08009409656099474, "sm": 0.01034300955887155, "value": [4, 5, 13, 24, 152, 14, 21, 17, 26, 60, 7, 73, 20, 217, 21, 21, 18, 1, 1, 0, 0, 1]}, 0.18032315710249003], "LCC": [{"max": 1.0, "min": 0, "sm": 0.047619047619047616, "value": [465, 3, 8, 3, 4, 1, 1, 10, 2, 1, 7, 0, 0, 0, 8, 0, 0, 1, 0, 2, 0, 200]}, 0.3064739723256255]}, "rate_10": {"ANB": [{"max": 0.53259841494661, "min": 0.0, "sm": 0.025361829283171905, "value": [1687, 14, 3, 2, 2, 0, 1, 0, 1, 0, 0, 0, 0, 0, 0, 1, 1, 0, 2, 2, 2, 1]}, 0.004106850371639603], "ACC": [{"max": 0.19182670835194282, "min": 0.06254323055080273, "sm": 0.006156356085768575, "value": [4, 1, 5, 58, 61, 33, 9, 121, 7, 508, 2, 600, 44, 0, 46, 201, 10, 1, 3, 3, 1, 1]}, 0.1273102056166575], "LCC": [{"max": 1.0, "min": 0, "sm": 0.047619047619047616, "value": [1258, 33, 12, 16, 5, 2, 5, 35, 2, 3, 8, 2, 1, 1, 21, 0, 0, 1, 0, 2, 0, 312]}, 0.20903626489098281]}, "rate_15": {"ANB": [{"max": 0.561156832916691, "min": 0.0, "sm": 0.02672175394841386, "value": [2391, 9, 6, 1, 1, 0, 2, 1, 0, 0, 0, 0, 0, 0, 2, 0, 0, 1, 3, 2, 0, 1]}, 0.003024542773160454], "ACC": [{"max": 0.18464239371040378, "min": 0.05890661146962133, "sm": 0.005987418201942021, "value": [3, 4, 3, 19, 128, 43, 56, 38, 202, 205, 549, 584, 281, 4, 33, 199, 59, 1, 3, 3, 2, 1]}, 0.12299223365473272], "LCC": [{"max": 1.0, "min": 0, "sm": 0.047619047619047616, "value": [1773, 31, 23, 19, 6, 3, 4, 56, 4, 3, 12, 0, 3, 0, 29, 0, 0, 1, 0, 2, 0, 451]}, 0.2127283273203116]}, "rate_20": {"ANB": [{"max": 0.5639489185471989, "min": 0.0, "sm": 0.026854710407009468, "value": [3101, 12, 4, 1, 1, 0, 2, 1, 0, 0, 0, 0, 0, 1, 1, 0, 0, 1, 3, 2, 0, 1]}, 0.002361904053849966], "ACC": [{"max": 0.18294464901513824, "min": 0.058942056004368866, "sm": 0.005904885381465209, "value": [9, 5, 4, 23, 168, 55, 73, 50, 269, 262, 733, 717, 411, 6, 41, 220, 75, 1, 3, 3, 2, 1]}, 0.12181202791431055], "LCC": [{"max": 1.0, "min": 0, "sm": 0.047619047619047616, "value": [2274, 42, 24, 23, 6, 4, 12, 68, 2, 4, 13, 0, 3, 0, 42, 3, 0, 0, 3, 0, 1, 607]}, 0.22077792303684426]}, "rate_25": {"ANB": [{"max": 0.5588952560177081, "min": 0.0, "sm": 0.02661405981036705, "value": [3915, 11, 5, 2, 1, 0, 2, 1, 0, 0, 0, 0, 1, 0, 1, 0, 0, 2, 2, 1, 1, 1]}, 0.0019065567587093423], "ACC": [{"max": 0.18216660509789434, "min": 0.05863206705903335, "sm": 0.0058825970494695715, "value": [11, 6, 6, 32, 209, 80, 86, 40, 471, 453, 777, 1170, 215, 9, 125, 162, 85, 0, 3, 3, 2, 1]}, 0.1199346358407726], "LCC": [{"max": 1.0, "min": 0, "sm": 0.047619047619047616, "value": [2898, 35, 26, 33, 9, 3, 8, 74, 14, 3, 16, 2, 4, 0, 54, 4, 0, 1, 3, 2, 1, 756]}, 0.21848824195511166]}, "rate_30": {"ANB": [{"max": 0.5936600350832869, "min": 0.0, "sm": 0.02826952548015652, "value": [5409, 12, 4, 1, 0, 3, 0, 0, 0, 1, 2, 3, 0, 0, 0, 1, 0, 3, 2, 0, 1, 1]}, 0.0017086419950928836], "ACC": [{"max": 0.1484654208157141, "min": 0.05661378413524057, "sm": 0.00437388746097493, "value": [11, 7, 44, 274, 304, 408, 320, 54, 595, 174, 1356, 538, 169, 918, 41, 107, 112, 4, 1, 2, 3, 1]}, 0.09945934871365392], "LCC": [{"max": 1.0, "min": 0, "sm": 0.047619047619047616, "value": [4076, 70, 60, 62, 22, 4, 15, 181, 9, 4, 23, 2, 4, 1, 59, 3, 2, 2, 0, 4, 1, 839]}, 0.18434542087646208]}, "rate_35": {"ANB": [{"max": 0.5943769968919392, "min": 0.0, "sm": 0.028303666518663773, "value": [5570, 14, 3, 1, 1, 2, 0, 0, 0, 1, 3, 2, 0, 0, 0, 1, 0, 3, 2, 0, 1, 1]}, 0.0016629952954757196], "ACC": [{"max": 0.14829712350154806, "min": 0.056719499605271145, "sm": 0.004360839233156043, "value": [8, 20, 40, 284, 323, 402, 349, 54, 616, 176, 1407, 550, 158, 939, 40, 108, 121, 3, 1, 2, 3, 1]}, 0.09926956326778585], "LCC": [{"max": 1.0, "min": 0, "sm": 0.047619047619047616, "value": [4154, 73, 62, 65, 26, 4, 14, 183, 13, 5, 19, 3, 5, 1, 62, 4, 2, 5, 0, 4, 1, 900]}, 0.1913797884601201]}, "rate_40": {"ANB": [{"max": 0.5780283803271056, "min": 0.0, "sm": 0.02752516096795741, "value": [6393, 11, 3, 3, 1, 0, 0, 0, 1, 0, 0, 0, 1, 0, 3, 1, 0, 3, 1, 2, 1, 1]}, 0.0015432604186568443], "ACC": [{"max": 0.13710675716054124, "min": 0.055913866186211275, "sm": 0.0038663281416347604, "value": [35, 38, 8, 16, 56, 648, 1073, 105, 972, 54, 733, 1222, 230, 927, 6, 79, 211, 4, 1, 2, 4, 1]}, 0.09330584090393296], "LCC": [{"max": 1.0, "min": 0, "sm": 0.047619047619047616, "value": [3602, 125, 150, 185, 59, 13, 24, 621, 25, 17, 46, 25, 29, 10, 214, 35, 20, 59, 38, 24, 39, 1065]}, 0.27358359453603975]}}