{"rate-5": {"ANB": [{"max": 0.8335261513299553, "min": 0.0, "sm": 0.039691721491902636, "value": [797, 2, 1, 1, 1, 0, 0, 0, 0, 0, 0, 0, 0, 0, 0, 0, 0, 0, 0, 0, 0, 1]}, 0.0018634956382936713], "ACC": [{"max": 0.7763794772507261, "min": 0.26512396694214874, "sm": 0.024345500490884638, "value": [19, 4, 156, 33, 0, 0, 0, 581, 6, 1, 2, 0, 0, 0, 0, 0, 0, 0, 0, 0, 0, 1]}, 0.4095763172031231], "LCC": [{"max": 1.0, "min": 0, "sm": 0.047619047619047616, "value": [255, 2, 2, 4, 4, 0, 2, 0, 0, 0, 1, 0, 1, 0, 7, 0, 0, 6, 0, 0, 0, 519]}, 0.6628736759512156]}, "rate-10": {"ANB": [{"max": 0.48835427008801985, "min": 0.0, "sm": 0.02325496524228666, "value": [1573, 20, 4, 2, 1, 0, 0, 0, 0, 0, 0, 1, 0, 1, 0, 0, 0, 0, 0, 2, 1, 1]}, 0.003015622723586207], "ACC": [{"max": 0.2777777777777778, "min": 0.11608563575871546, "sm": 0.00769962581043154, "value": [59, 10, 2, 0, 140, 374, 3, 613, 101, 17, 2, 96, 96, 19, 2, 65, 1, 1, 3, 1, 0, 1]}, 0.17458066902611594], "LCC": [{"max": 1.0, "min": 0, "sm": 0.047619047619047616, "value": [1174, 26, 22, 25, 10, 8, 9, 46, 2, 8, 9, 7, 9, 2, 28, 3, 7, 7, 7, 2, 14, 181]}, 0.17755553750682526]}, "rate-15": {"ANB": [{"max": 0.28471837245057435, "min": 0.0, "sm": 0.013558017735741636, "value": [2389, 10, 1, 0, 1, 2, 2, 0, 2, 1, 0, 0, 0, 0, 0, 0, 0, 0, 0, 0, 0, 1]}, 0.0008165061839680554], "ACC": [{"max": 0.24139209888560867, "min": 0.06448792982241192, "sm": 0.008424008050628417, "value": [2, 88, 3, 14, 150, 64, 931, 646, 149, 179, 32, 66, 6, 65, 10, 2, 0, 1, 0, 0, 0, 1]}, 0.1257052039424705], "LCC": [{"max": 1.0, "min": 0, "sm": 0.047619047619047616, "value": [1474, 53, 64, 91, 26, 1, 5, 450, 5, 7, 3, 2, 16, 8, 6, 5, 8, 12, 3, 5, 0, 165]}, 0.1669260103550304]}, "rate-20": {"ANB": [{"max": 0.6971166178487259, "min": 0.0, "sm": 0.0331960294213679, "value": [3201, 8, 0, 0, 0, 0, 0, 0, 0, 1, 0, 0, 1, 0, 0, 0, 0, 0, 0, 0, 0, 1]}, 0.0011157228699239733], "ACC": [{"max": 0.40283527788232343, "min": 0.12874383545166593, "sm": 0.01305197344907893, "value": [6, 61, 4, 263, 94, 50, 857, 1344, 75, 77, 186, 1, 186, 3, 0, 2, 0, 2, 0, 0, 0, 1]}, 0.22193322311301272], "LCC": [{"max": 1.0, "min": 0, "sm": 0.047619047619047616, "value": [2103, 39, 29, 48, 27, 8, 13, 129, 14, 7, 47, 9, 17, 7, 139, 13, 12, 24, 15, 4, 17, 491]}, 0.24226322956454233]}, "rate-25": {"ANB": [{"max": 0.13777661515171546, "min": 0.0, "sm": 0.006560791197700737, "value": [3974, 15, 7, 1, 2, 2, 3, 1, 2, 0, 1, 0, 0, 0, 0, 0, 0, 4, 1, 0, 1, 1]}, 0.0005584715051997558], "ACC": [{"max": 0.16431818211456198, "min": 0.010301676152029381, "sm": 0.007334119331549172, "value": [30, 233, 3, 2, 1, 70, 276, 628, 682, 703, 837, 254, 135, 74, 8, 72, 5, 0, 1, 0, 0, 1]}, 0.07554113949786977], "LCC": [{"max": 1.0, "min": 0, "sm": 0.047619047619047616, "value": [2464, 73, 102, 111, 59, 4, 16, 589, 13, 10, 13, 6, 7, 6, 91, 4, 10, 14, 8, 7, 2, 406]}, 0.1948273781351082]}, "rate-30": {"ANB": [{"max": 0.2523003294430675, "min": 0.0, "sm": 0.012014301402050833, "value": [4793, 13, 2, 1, 2, 1, 1, 0, 1, 1, 0, 0, 2, 0, 0, 0, 0, 0, 0, 0, 0, 1]}, 0.0004794945136741605], "ACC": [{"max": 0.19140312351854807, "min": 0.04903901813425824, "sm": 0.0067792431135376115, "value": [36, 7, 235, 657, 714, 245, 570, 301, 276, 171, 1200, 7, 109, 119, 163, 2, 1, 3, 0, 1, 0, 1]}, 0.09880838147557777], "LCC": [{"max": 1.0, "min": 0, "sm": 0.047619047619047616, "value": [3209, 98, 91, 136, 57, 2, 11, 620, 9, 7, 44, 8, 25, 9, 101, 7, 12, 14, 18, 0, 13, 327]}, 0.1590997584600699]}, "rate-35": {"ANB": [{"max": 0.19441200054184674, "min": 0.0, "sm": 0.00925771431151651, "value": [5584, 20, 4, 4, 0, 0, 1, 1, 0, 2, 0, 1, 1, 2, 0, 0, 0, 0, 0, 0, 0, 1]}, 0.0003948085604922466], "ACC": [{"max": 0.17095734019380227, "min": 0.032989427869407624, "sm": 0.006569900586875936, "value": [89, 66, 68, 25, 174, 11, 146, 1001, 283, 65, 733, 1211, 1210, 204, 296, 30, 2, 2, 3, 1, 0, 1]}, 0.09897417978841455], "LCC": [{"max": 1.0, "min": 0, "sm": 0.047619047619047616, "value": [3377, 39, 20, 41, 24, 10, 14, 106, 21, 6, 37, 13, 27, 7, 149, 13, 20, 26, 25, 21, 19, 1606]}, 0.34347122824378756]}, "rate-40": {"ANB": [{"max": 0.2649952580319682, "min": 0.0, "sm": 0.012618821811046106, "value": [6404, 13, 0, 2, 0, 0, 1, 1, 1, 1, 0, 0, 0, 0, 0, 0, 0, 0, 0, 0, 0, 1]}, 0.00029129346645619656], "ACC": [{"max": 0.22661885358804576, "min": 0.0030225971374967173, "sm": 0.010647440783359477, "value": [63, 95, 537, 147, 1285, 236, 76, 254, 173, 313, 56, 975, 1719, 82, 193, 213, 2, 1, 3, 0, 0, 1]}, 0.09569096822967467], "LCC": [{"max": 1.0, "min": 0, "sm": 0.047619047619047616, "value": [4274, 92, 101, 137, 57, 15, 18, 544, 25, 19, 52, 12, 31, 19, 171, 15, 19, 39, 15, 11, 21, 737]}, 0.19921500223834945]}}