{"rate-5": {"ANB": [{"max": 0.08050067751513722, "min": 0.0, "sm": 0.003833365595958915, "value": [785, 8, 3, 4, 1, 0, 1, 0, 0, 0, 0, 0, 1, 0, 0, 0, 0, 0, 0, 0, 0, 1]}, 0.000550858561729972], "ACC": [{"max": 0.15359572881969433, "min": 0.0012453300124533001, "sm": 0.007254780895582906, "value": [204, 56, 62, 56, 25, 52, 61, 8, 34, 14, 71, 61, 26, 24, 43, 3, 1, 1, 1, 0, 0, 1]}, 0.04264438178174654], "LCC": [{"max": 1.0, "min": 0, "sm": 0.047619047619047616, "value": [489, 12, 12, 12, 8, 3, 4, 27, 9, 6, 6, 2, 7, 1, 13, 9, 2, 2, 0, 5, 0, 175]}, 0.28667548584622016]}, "rate-10": {"ANB": [{"max": 0.11429598550691104, "min": 0.0, "sm": 0.005442665976519574, "value": [1589, 10, 1, 1, 0, 0, 1, 0, 2, 0, 0, 0, 0, 0, 0, 1, 0, 0, 0, 0, 0, 1]}, 0.0005038705208170172], "ACC": [{"max": 0.15850955161531308, "min": 0.0006230529595015577, "sm": 0.007518404697895787, "value": [239, 160, 57, 228, 84, 13, 141, 28, 41, 51, 26, 145, 228, 0, 97, 62, 2, 0, 2, 1, 0, 1]}, 0.05147914747976847], "LCC": [{"max": 1.0, "min": 0, "sm": 0.047619047619047616, "value": [907, 21, 23, 32, 14, 13, 11, 56, 15, 6, 20, 4, 2, 2, 39, 8, 13, 10, 4, 4, 4, 398]}, 0.32433146255392353]}, "rate-15": {"ANB": [{"max": 0.10885271560614614, "min": 0.0, "sm": 0.005183462647911721, "value": [2374, 15, 2, 0, 5, 0, 2, 2, 1, 4, 0, 1, 0, 1, 1, 0, 0, 0, 0, 0, 0, 1]}, 0.0005875586128731696], "ACC": [{"max": 0.14928501180292209, "min": 0.0004152823920265781, "sm": 0.0070890347338521675, "value": [245, 196, 30, 140, 184, 208, 335, 130, 31, 71, 97, 180, 366, 2, 95, 93, 2, 0, 2, 1, 0, 1]}, 0.051941686273051325], "LCC": [{"max": 1.0, "min": 0, "sm": 0.047619047619047616, "value": [1361, 36, 34, 52, 22, 13, 11, 86, 11, 9, 25, 9, 21, 8, 61, 21, 14, 10, 8, 18, 5, 574]}, 0.3228141777414799]}, "rate-20": {"ANB": [{"max": 0.11443550281240886, "min": 0.0, "sm": 0.005449309657733755, "value": [3174, 14, 8, 2, 2, 0, 1, 2, 2, 0, 0, 0, 2, 1, 1, 0, 1, 0, 1, 0, 0, 1]}, 0.000518010834692849], "ACC": [{"max": 0.14957061304427238, "min": 0.0003114294612270321, "sm": 0.007107580170621207, "value": [317, 14, 35, 192, 14, 8, 224, 369, 512, 219, 292, 152, 611, 5, 100, 141, 3, 0, 1, 2, 0, 1]}, 0.06232665558319836], "LCC": [{"max": 1.0, "min": 0, "sm": 0.047619047619047616, "value": [1802, 45, 40, 51, 28, 14, 20, 143, 11, 6, 31, 20, 21, 8, 77, 18, 5, 32, 15, 13, 21, 791]}, 0.3309045727206998]}, "rate-25": {"ANB": [{"max": 0.11520764626025501, "min": 0.0, "sm": 0.005486078393345477, "value": [3984, 19, 1, 2, 3, 1, 1, 1, 1, 0, 0, 0, 0, 0, 0, 1, 0, 0, 0, 0, 0, 1]}, 0.0002761573297359024], "ACC": [{"max": 0.14950800435476042, "min": 0.00024912805181863477, "sm": 0.007107565538235322, "value": [209, 98, 69, 294, 536, 299, 256, 192, 454, 165, 152, 313, 678, 2, 157, 134, 3, 0, 2, 1, 0, 1]}, 0.05731209890609369], "LCC": [{"max": 1.0, "min": 0, "sm": 0.047619047619047616, "value": [2245, 58, 56, 81, 38, 9, 16, 209, 15, 13, 41, 18, 27, 7, 83, 6, 20, 35, 21, 17, 31, 969]}, 0.32647600248938397]}, "rate-30": {"ANB": [{"max": 0.11506769737641763, "min": 0.0, "sm": 0.005479414160781792, "value": [4779, 16, 5, 3, 2, 0, 2, 0, 2, 1, 0, 0, 0, 0, 1, 1, 3, 0, 0, 0, 2, 1]}, 0.0003932947604836656], "ACC": [{"max": 0.1469196400278967, "min": 0.00020759809009757111, "sm": 0.006986287711323768, "value": [390, 22, 64, 262, 15, 1, 285, 555, 1073, 333, 326, 314, 852, 3, 168, 148, 3, 0, 1, 2, 0, 1]}, 0.06186851797699301], "LCC": [{"max": 1.0, "min": 0, "sm": 0.047619047619047616, "value": [2738, 61, 69, 95, 30, 20, 17, 240, 20, 25, 51, 11, 28, 1, 124, 24, 19, 34, 22, 18, 36, 1135]}, 0.32036816746645985]}, "rate-35": {"ANB": [{"max": 0.11387665915344827, "min": 0.0, "sm": 0.005422698054926108, "value": [5586, 16, 5, 0, 2, 4, 1, 3, 1, 0, 1, 0, 0, 0, 0, 1, 0, 0, 0, 0, 0, 1]}, 0.00024524348149002864], "ACC": [{"max": 0.14888306682575098, "min": 0.00017793594306049823, "sm": 0.007081196708699546, "value": [273, 210, 0, 37, 487, 967, 365, 206, 809, 199, 275, 231, 1198, 3, 152, 201, 3, 0, 2, 2, 0, 1]}, 0.05873237462484621], "LCC": [{"max": 1.0, "min": 0, "sm": 0.047619047619047616, "value": [3253, 70, 77, 86, 47, 19, 25, 285, 12, 9, 56, 26, 31, 10, 149, 18, 21, 28, 29, 18, 39, 1313]}, 0.31464148032395095]}, "rate-40": {"ANB": [{"max": 0.12677149492955614, "min": 0.0, "sm": 0.0060367378537883876, "value": [6387, 11, 10, 2, 3, 0, 2, 0, 2, 0, 0, 0, 0, 1, 0, 0, 3, 0, 0, 1, 1, 1]}, 0.00030836183814171694], "ACC": [{"max": 0.14579987708274258, "min": 0.00015569048731122528, "sm": 0.006935437456925302, "value": [257, 120, 150, 275, 13, 1, 111, 368, 1027, 519, 1324, 409, 1431, 35, 189, 187, 4, 0, 1, 2, 0, 1]}, 0.06671505889759985], "LCC": [{"max": 1.0, "min": 0, "sm": 0.047619047619047616, "value": [3638, 83, 100, 121, 38, 15, 30, 384, 31, 15, 47, 16, 35, 14, 180, 28, 24, 41, 41, 24, 39, 1480]}, 0.31747756406921124]}}