{"rate-5": {"ANB": [{"max": 0.001254666081363383, "min": 0.0, "sm": 5.974600387444681e-05, "value": [794, 5, 1, 1, 1, 0, 0, 0, 0, 0, 0, 0, 0, 0, 0, 0, 0, 0, 0, 0, 0, 1]}, 4.1989047465198595e-06], "ACC": [{"max": 0.032769638403990026, "min": 0.0012468827930174563, "sm": 0.0015010836005225033, "value": [606, 90, 37, 6, 16, 17, 0, 1, 0, 1, 27, 1, 0, 0, 0, 0, 0, 0, 0, 0, 0, 1]}, 0.002817945691348246], "LCC": [{"max": 0, "min": 0, "sm": 0.0, "value": [803, 0, 0, 0, 0, 0, 0, 0, 0, 0, 0, 0, 0, 0, 0, 0, 0, 0, 0, 0, 0, 0]}, 0.0]}, "rate-10": {"ANB": [{"max": 0.003795029560056246, "min": 0.0, "sm": 0.0001807156933360117, "value": [1596, 6, 0, 1, 0, 0, 0, 0, 0, 1, 1, 0, 0, 0, 0, 0, 0, 0, 0, 0, 0, 1]}, 9.26879389090266e-06], "ACC": [{"max": 0.03987538940809969, "min": 0.0006230529595015577, "sm": 0.0018691588785046728, "value": [1138, 190, 128, 37, 6, 2, 0, 0, 0, 36, 0, 0, 65, 2, 0, 0, 1, 0, 0, 0, 0, 1]}, 0.0032285966067445953], "LCC": [{"max": 0, "min": 0, "sm": 0.0, "value": [1606, 0, 0, 0, 0, 0, 0, 0, 0, 0, 0, 0, 0, 0, 0, 0, 0, 0, 0, 0, 0, 0]}, 0.0]}, "rate-15": {"ANB": [{"max": 0.006989062907604758, "min": 0.0, "sm": 0.0003328125194097504, "value": [2399, 5, 1, 0, 2, 1, 0, 0, 0, 0, 0, 0, 0, 0, 0, 0, 0, 0, 0, 0, 0, 1]}, 8.24811884806937e-06], "ACC": [{"max": 0.051878819871565146, "min": 0.0004152823920265781, "sm": 0.0024506446418827888, "value": [1863, 243, 49, 44, 0, 1, 6, 6, 47, 12, 2, 1, 0, 129, 5, 0, 0, 0, 0, 0, 0, 1]}, 0.0039358079488070975], "LCC": [{"max": 1.0, "min": 0, "sm": 0.047619047619047616, "value": [2384, 2, 0, 1, 0, 0, 0, 7, 0, 0, 0, 0, 0, 0, 2, 0, 0, 0, 0, 0, 0, 13]}, 0.00707245160160827]}, "rate-20": {"ANB": [{"max": 0.0073130299434737795, "min": 0.0, "sm": 0.000348239521117799, "value": [3177, 15, 8, 4, 4, 1, 1, 1, 0, 0, 0, 0, 0, 0, 0, 0, 0, 0, 0, 0, 0, 1]}, 1.73309758774459e-05], "ACC": [{"max": 0.057275399627527604, "min": 0.0003114294612270321, "sm": 0.0027125700079190748, "value": [2096, 431, 168, 119, 102, 7, 0, 6, 59, 16, 15, 1, 177, 4, 9, 0, 1, 0, 0, 0, 0, 1]}, 0.0052148250275048805], "LCC": [{"max": 1.0, "min": 0, "sm": 0.047619047619047616, "value": [3180, 3, 4, 8, 1, 0, 0, 4, 0, 0, 0, 0, 0, 0, 0, 0, 0, 0, 0, 0, 0, 12]}, 0.0048534006556074]}, "rate-25": {"ANB": [{"max": 0.012546356876275668, "min": 0.0, "sm": 0.0005974455655369366, "value": [3971, 24, 1, 4, 1, 2, 9, 1, 1, 0, 0, 0, 0, 0, 0, 0, 0, 0, 0, 0, 0, 1]}, 3.190674474050503e-05], "ACC": [{"max": 0.05522775548737314, "min": 0.00024912805181863477, "sm": 0.002618029877883548, "value": [2586, 383, 153, 298, 116, 7, 1, 25, 57, 100, 55, 4, 3, 0, 209, 17, 0, 0, 0, 0, 0, 1]}, 0.005923672788031549], "LCC": [{"max": 1.0, "min": 0, "sm": 0.047619047619047616, "value": [3931, 2, 11, 14, 9, 3, 4, 11, 0, 0, 2, 0, 0, 0, 1, 0, 0, 0, 0, 0, 0, 27]}, 0.00988889181870955]}, "rate-30": {"ANB": [{"max": 0.03377051879904541, "min": 0.0, "sm": 0.0016081199428116862, "value": [4762, 36, 6, 7, 1, 1, 0, 1, 1, 0, 0, 0, 2, 0, 0, 0, 0, 0, 0, 0, 0, 1]}, 7.50422279865329e-05], "ACC": [{"max": 0.060674804110642765, "min": 0.00020759809009757111, "sm": 0.0028793907628831042, "value": [2384, 301, 162, 290, 121, 21, 95, 170, 330, 256, 138, 177, 26, 308, 13, 24, 1, 0, 0, 0, 0, 1]}, 0.011402140086681797], "LCC": [{"max": 1.0, "min": 0, "sm": 0.047619047619047616, "value": [4654, 8, 24, 25, 15, 4, 4, 37, 0, 0, 1, 0, 0, 0, 2, 0, 0, 0, 0, 0, 0, 44]}, 0.014742354772448505]}, "rate-35": {"ANB": [{"max": 0.03271815963601882, "min": 0.0, "sm": 0.0015580076017151817, "value": [5580, 24, 7, 5, 1, 0, 1, 0, 0, 1, 0, 0, 0, 1, 0, 0, 0, 0, 0, 0, 0, 1]}, 6.068065191641521e-05], "ACC": [{"max": 0.06353301046917227, "min": 0.00017793594306049823, "sm": 0.0030169083107672275, "value": [2535, 540, 375, 278, 22, 6, 105, 121, 279, 199, 237, 322, 157, 26, 402, 6, 9, 0, 1, 0, 0, 1]}, 0.012898819841012727], "LCC": [{"max": 1.0, "min": 0, "sm": 0.047619047619047616, "value": [5322, 8, 22, 37, 25, 10, 15, 65, 5, 0, 5, 0, 0, 0, 4, 0, 0, 0, 0, 0, 0, 103]}, 0.027307688839641443]}, "rate-40": {"ANB": [{"max": 0.02006278724373678, "min": 0.0, "sm": 0.0009553708211303228, "value": [6360, 41, 10, 5, 2, 0, 1, 1, 1, 0, 1, 0, 0, 0, 0, 1, 0, 0, 0, 0, 0, 1]}, 4.188259921658613e-05], "ACC": [{"max": 0.06076528269051414, "min": 0.00015569048731122528, "sm": 0.002886171057295377, "value": [2567, 336, 818, 374, 91, 192, 348, 249, 208, 340, 86, 103, 178, 90, 2, 418, 13, 7, 3, 0, 0, 1]}, 0.012491585323508414], "LCC": [{"max": 1.0, "min": 0, "sm": 0.047619047619047616, "value": [5986, 18, 39, 49, 25, 19, 16, 81, 1, 0, 4, 0, 0, 0, 15, 0, 0, 0, 0, 0, 0, 171]}, 0.03729793390903618]}}