{"rate-5": {"ANB": [{"max": 0.00023972528105454217, "min": 0.0, "sm": 1.1415489574025818e-05, "value": [801, 0, 0, 1, 0, 0, 0, 0, 0, 0, 0, 0, 0, 0, 0, 0, 0, 0, 0, 0, 0, 1]}, 3.644478727357953e-07], "ACC": [{"max": 0.01505165657285358, "min": 0.0, "sm": 0.0007167455510882657, "value": [742, 32, 10, 5, 0, 0, 0, 0, 1, 0, 0, 11, 1, 0, 0, 0, 0, 0, 0, 0, 0, 1]}, 0.00023391221978657497], "LCC": [{"max": 0, "min": 0, "sm": 0.0, "value": [803, 0, 0, 0, 0, 0, 0, 0, 0, 0, 0, 0, 0, 0, 0, 0, 0, 0, 0, 0, 0, 0]}, 0.0]}, "rate-10": {"ANB": [{"max": 0.00014682918871046684, "min": 0.0, "sm": 6.991866129069849e-06, "value": [1584, 10, 6, 0, 1, 1, 0, 1, 0, 0, 1, 1, 0, 0, 0, 0, 0, 0, 0, 0, 0, 1]}, 4.372939657312263e-07], "ACC": [{"max": 0.012461059190031152, "min": 0.0, "sm": 0.0005933837709538644, "value": [1340, 83, 61, 36, 11, 21, 2, 21, 4, 1, 20, 3, 1, 1, 0, 0, 0, 0, 0, 0, 0, 1]}, 0.00038773006115845745], "LCC": [{"max": 1.0, "min": 0, "sm": 0.047619047619047616, "value": [1580, 1, 0, 2, 0, 1, 0, 4, 0, 0, 0, 0, 0, 0, 0, 0, 0, 0, 0, 0, 0, 18]}, 0.012461564019865127]}, "rate-15": {"ANB": [{"max": 0.0036021621139156242, "min": 0.0, "sm": 0.00017153152923407735, "value": [2394, 6, 3, 2, 3, 0, 0, 0, 0, 0, 0, 0, 0, 0, 0, 0, 0, 0, 0, 0, 0, 1]}, 4.739628094468289e-06], "ACC": [{"max": 0.03285850816911664, "min": 0.0, "sm": 0.0015646908651960304, "value": [2069, 99, 39, 46, 1, 1, 0, 12, 2, 4, 76, 19, 0, 26, 12, 2, 0, 0, 0, 0, 0, 1]}, 0.0014739524963119349], "LCC": [{"max": 1.0, "min": 0, "sm": 0.047619047619047616, "value": [2355, 1, 5, 2, 1, 0, 1, 4, 0, 0, 0, 0, 0, 0, 4, 0, 0, 0, 0, 0, 0, 36]}, 0.017214579523201604]}, "rate-20": {"ANB": [{"max": 0.011439939227596724, "min": 0.0, "sm": 0.0005447590108379393, "value": [3209, 2, 0, 0, 0, 0, 0, 0, 0, 0, 0, 0, 0, 0, 0, 0, 0, 0, 0, 0, 1, 0]}, 5.204566559698961e-06], "ACC": [{"max": 0.10354159671102652, "min": 0.0, "sm": 0.0049305522243345955, "value": [2595, 171, 6, 93, 0, 1, 0, 13, 0, 0, 331, 1, 0, 0, 0, 0, 0, 0, 0, 0, 0, 1]}, 0.006734215878907854], "LCC": [{"max": 1.0, "min": 0, "sm": 0.047619047619047616, "value": [3076, 4, 2, 7, 1, 0, 3, 5, 1, 1, 2, 0, 1, 0, 3, 0, 0, 0, 0, 0, 0, 106]}, 0.03575708299413956]}, "rate-25": {"ANB": [{"max": 0.0009803465096185284, "min": 0.0, "sm": 4.6683167124691825e-05, "value": [3976, 9, 10, 5, 5, 1, 2, 1, 2, 1, 0, 0, 0, 0, 1, 0, 1, 0, 0, 0, 0, 1]}, 2.41180619889309e-06], "ACC": [{"max": 0.026407573492775286, "min": 0.0, "sm": 0.001257503499655966, "value": [3062, 215, 105, 74, 144, 76, 127, 50, 26, 21, 111, 1, 2, 0, 0, 0, 0, 0, 0, 0, 0, 1]}, 0.0015672465810562205], "LCC": [{"max": 1.0, "min": 0, "sm": 0.047619047619047616, "value": [3835, 5, 6, 5, 1, 1, 3, 17, 3, 0, 3, 0, 3, 0, 10, 0, 0, 0, 0, 0, 0, 123]}, 0.03563918596189618]}, "rate-30": {"ANB": [{"max": 0.013432880985601244, "min": 0.0, "sm": 0.0006396609993143449, "value": [4805, 5, 1, 3, 1, 0, 0, 0, 0, 0, 0, 0, 2, 0, 0, 0, 0, 0, 0, 0, 0, 1]}, 1.1741593362925844e-05], "ACC": [{"max": 0.05832707297698525, "min": 0.0, "sm": 0.0027774796655707264, "value": [3731, 64, 362, 37, 1, 1, 4, 14, 20, 0, 130, 154, 189, 10, 95, 3, 0, 2, 0, 0, 0, 1]}, 0.005131889485087436], "LCC": [{"max": 1.0, "min": 0, "sm": 0.047619047619047616, "value": [4574, 3, 8, 6, 2, 2, 0, 16, 2, 3, 5, 0, 2, 0, 12, 2, 3, 0, 4, 0, 0, 174]}, 0.04233282970225333]}, "rate-35": {"ANB": [{"max": 0.0011326469619288217, "min": 0.0, "sm": 5.3935569615658174e-05, "value": [5544, 31, 11, 8, 3, 7, 4, 3, 2, 0, 0, 1, 1, 2, 1, 1, 1, 0, 0, 0, 0, 1]}, 3.874891556316813e-06], "ACC": [{"max": 0.017230748319493873, "min": 0.0, "sm": 0.0008205118247378034, "value": [3916, 301, 304, 54, 77, 88, 161, 123, 193, 100, 142, 74, 29, 48, 5, 5, 0, 0, 0, 0, 0, 1]}, 0.0015394223913564027], "LCC": [{"max": 1.0, "min": 0, "sm": 0.047619047619047616, "value": [5244, 8, 11, 8, 5, 1, 4, 40, 4, 1, 11, 3, 8, 0, 30, 0, 3, 3, 6, 3, 0, 228]}, 0.052346085529855195]}, "rate-40": {"ANB": [{"max": 0.003376710581146059, "min": 0.0, "sm": 0.00016079574195933615, "value": [6380, 20, 7, 5, 4, 1, 0, 1, 2, 3, 0, 0, 0, 0, 0, 0, 0, 0, 0, 0, 0, 1]}, 5.744183288223563e-06], "ACC": [{"max": 0.018173655347636982, "min": 0.0, "sm": 0.0008654121594112848, "value": [4435, 345, 304, 122, 109, 146, 34, 139, 258, 116, 164, 69, 58, 56, 33, 4, 25, 3, 3, 0, 0, 1]}, 0.0017462698578510933], "LCC": [{"max": 1.0, "min": 0, "sm": 0.047619047619047616, "value": [5922, 18, 18, 20, 8, 2, 3, 47, 1, 4, 10, 3, 7, 2, 31, 8, 0, 5, 0, 0, 0, 315]}, 0.0600281150859315]}}