{"rate-5": {"ANB": [{"max": 0.0008405951413600829, "min": 0.0, "sm": 4.0028340064765854e-05, "value": [796, 0, 4, 0, 0, 0, 0, 0, 0, 0, 0, 0, 0, 1, 1, 0, 0, 0, 0, 0, 0, 1]}, 2.9155829818863633e-06], "ACC": [{"max": 0.019760381654559254, "min": 0.0, "sm": 0.0009409705549790121, "value": [729, 22, 8, 5, 0, 1, 9, 0, 0, 3, 0, 11, 3, 8, 0, 1, 0, 2, 0, 0, 0, 1]}, 0.000588814799784056], "LCC": [{"max": 1.0, "min": 0, "sm": 0.047619047619047616, "value": [799, 0, 0, 0, 0, 0, 0, 0, 0, 0, 0, 0, 0, 0, 0, 0, 0, 0, 0, 0, 0, 4]}, 0.005031636413952727]}, "rate-10": {"ANB": [{"max": 0.010502559799877255, "min": 0.0, "sm": 0.0005001218952322502, "value": [1605, 0, 0, 0, 0, 0, 0, 0, 0, 0, 0, 0, 0, 0, 0, 0, 0, 0, 0, 0, 0, 1]}, 7.514780705348009e-06], "ACC": [{"max": 0.09978009895547003, "min": 0.0, "sm": 0.004751433283593811, "value": [1404, 35, 1, 0, 0, 0, 0, 5, 0, 0, 160, 0, 0, 0, 0, 0, 0, 0, 0, 0, 0, 1]}, 0.005618613718587045], "LCC": [{"max": 1.0, "min": 0, "sm": 0.047619047619047616, "value": [1587, 0, 0, 0, 0, 0, 0, 2, 0, 0, 0, 0, 0, 0, 0, 0, 0, 0, 0, 0, 0, 17]}, 0.011000513013307015]}, "rate-15": {"ANB": [{"max": 0.0017774155391183247, "min": 0.0, "sm": 8.46388351961107e-05, "value": [2397, 4, 3, 3, 0, 0, 0, 0, 0, 0, 0, 0, 0, 0, 0, 0, 1, 0, 0, 0, 0, 1]}, 2.594054362199545e-06], "ACC": [{"max": 0.04235880398671096, "min": 0.0, "sm": 0.0020170859041290937, "value": [1921, 104, 85, 96, 4, 5, 20, 0, 68, 2, 102, 0, 0, 0, 0, 1, 0, 0, 0, 0, 1, 0]}, 0.00224372117712476], "LCC": [{"max": 1.0, "min": 0, "sm": 0.047619047619047616, "value": [2355, 1, 0, 0, 0, 1, 0, 3, 1, 0, 0, 0, 0, 1, 1, 0, 0, 0, 0, 0, 0, 46]}, 0.02038339013556628]}, "rate-20": {"ANB": [{"max": 0.012053581390294848, "min": 0.0, "sm": 0.0005739800662045166, "value": [3208, 2, 1, 0, 0, 0, 0, 0, 0, 0, 0, 0, 0, 0, 0, 0, 0, 0, 0, 0, 0, 1]}, 5.335595935792792e-06], "ACC": [{"max": 0.10216516848986061, "min": 0.0, "sm": 0.004865008023326696, "value": [2627, 40, 98, 90, 0, 2, 0, 28, 0, 0, 322, 4, 0, 0, 0, 0, 0, 0, 0, 0, 0, 1]}, 0.007020520025767946], "LCC": [{"max": 1.0, "min": 0, "sm": 0.047619047619047616, "value": [3062, 3, 2, 1, 1, 1, 0, 6, 1, 0, 5, 0, 1, 0, 6, 0, 3, 0, 0, 0, 0, 120]}, 0.0414435206761482]}, "rate-25": {"ANB": [{"max": 0.0029108457635587497, "min": 0.0, "sm": 0.00013861170302660714, "value": [3973, 23, 9, 2, 3, 0, 1, 1, 0, 0, 0, 0, 0, 1, 0, 0, 0, 1, 0, 0, 0, 1]}, 5.272229193664451e-06], "ACC": [{"max": 0.025739988166417538, "min": 0.0, "sm": 0.001225713722210359, "value": [3115, 173, 76, 4, 47, 34, 120, 5, 25, 48, 32, 189, 7, 9, 116, 11, 1, 0, 0, 1, 1, 1]}, 0.002209823380019161], "LCC": [{"max": 1.0, "min": 0, "sm": 0.047619047619047616, "value": [3808, 9, 2, 7, 2, 1, 0, 19, 0, 0, 6, 0, 0, 0, 8, 0, 0, 3, 0, 0, 0, 150]}, 0.04234969415554149]}, "rate-30": {"ANB": [{"max": 0.005561204143226284, "min": 0.0, "sm": 0.00026481924491553735, "value": [4800, 9, 3, 1, 2, 2, 0, 0, 0, 0, 0, 0, 0, 0, 0, 0, 0, 0, 0, 0, 0, 1]}, 5.249813825889987e-06], "ACC": [{"max": 0.03738851905292, "min": 0.0, "sm": 0.0017804056691866665, "value": [3681, 160, 245, 149, 11, 5, 0, 69, 16, 164, 24, 206, 9, 0, 53, 24, 0, 1, 0, 0, 0, 1]}, 0.002875094093103362], "LCC": [{"max": 1.0, "min": 0, "sm": 0.047619047619047616, "value": [4571, 9, 5, 9, 2, 0, 2, 18, 1, 1, 4, 0, 4, 0, 12, 0, 0, 0, 4, 0, 0, 176]}, 0.042052731275521]}, "rate-35": {"ANB": [{"max": 0.004243558874700418, "min": 0.0, "sm": 0.0002020742321285913, "value": [5585, 12, 8, 5, 1, 5, 0, 2, 0, 0, 1, 0, 0, 1, 0, 0, 0, 0, 0, 0, 0, 1]}, 7.089427362258917e-06], "ACC": [{"max": 0.02878694104904843, "min": 0.0, "sm": 0.0013708067166213536, "value": [3641, 280, 142, 97, 157, 221, 134, 173, 55, 64, 42, 534, 18, 44, 12, 2, 1, 1, 1, 0, 1, 1]}, 0.0034677796892839184], "LCC": [{"max": 1.0, "min": 0, "sm": 0.047619047619047616, "value": [5261, 19, 8, 10, 3, 1, 5, 30, 4, 3, 13, 1, 5, 0, 19, 0, 0, 9, 4, 0, 0, 226]}, 0.04970764757700005]}, "rate-40": {"ANB": [{"max": 0.009661458722777447, "min": 0.0, "sm": 0.0004600694629894022, "value": [6395, 14, 4, 5, 0, 0, 1, 0, 0, 0, 2, 2, 0, 0, 0, 0, 0, 0, 0, 0, 0, 1]}, 1.2588327166746267e-05], "ACC": [{"max": 0.037832788416627745, "min": 0.0, "sm": 0.0018015613531727499, "value": [3837, 170, 434, 312, 227, 195, 56, 46, 170, 169, 490, 246, 11, 52, 5, 1, 0, 1, 1, 0, 0, 1]}, 0.004900363122239052], "LCC": [{"max": 1.0, "min": 0, "sm": 0.047619047619047616, "value": [5954, 24, 15, 20, 8, 2, 5, 48, 3, 5, 15, 4, 8, 0, 16, 2, 1, 3, 1, 0, 5, 285]}, 0.05459475956627182]}}