{"rate-5": {"ANB": [{"max": 0.6095942385753181, "min": 0.0, "sm": 0.02902829707501515, "value": [774, 11, 5, 1, 0, 0, 1, 2, 0, 1, 4, 0, 2, 0, 0, 0, 1, 0, 0, 0, 0, 1]}, 0.007998235048740239], "ACC": [{"max": 0.23246376811594202, "min": 0.0659919361474533, "sm": 0.007927230093737558, "value": [7, 25, 17, 47, 35, 31, 6, 43, 27, 108, 178, 121, 60, 16, 1, 73, 4, 2, 0, 0, 1, 1]}, 0.1420960274740129], "LCC": [{"max": 1.0, "min": 0, "sm": 0.047619047619047616, "value": [569, 11, 11, 32, 5, 0, 2, 114, 3, 0, 7, 0, 0, 0, 5, 0, 1, 0, 0, 0, 0, 43]}, 0.12307778050961558]}, "rate-10": {"ANB": [{"max": 0.2293471318612363, "min": 0.0, "sm": 0.010921291993392205, "value": [1577, 17, 2, 1, 3, 1, 0, 1, 0, 0, 1, 1, 1, 0, 0, 0, 0, 0, 0, 0, 0, 1]}, 0.0013251932416062796], "ACC": [{"max": 0.16614388787066353, "min": 0.021815890714347082, "sm": 0.0068727617693484025, "value": [60, 176, 302, 101, 55, 11, 26, 16, 106, 153, 319, 84, 108, 43, 3, 35, 5, 1, 1, 0, 0, 1]}, 0.07058371720584024], "LCC": [{"max": 1.0, "min": 0, "sm": 0.047619047619047616, "value": [1143, 23, 27, 38, 8, 5, 0, 132, 9, 1, 13, 5, 10, 3, 27, 9, 8, 14, 9, 12, 3, 107]}, 0.15630350179596578]}, "rate-15": {"ANB": [{"max": 0.5285270747060214, "min": 0.0, "sm": 0.025167955938381975, "value": [2393, 11, 1, 1, 0, 0, 0, 0, 0, 0, 0, 0, 1, 1, 0, 0, 0, 0, 0, 0, 0, 1]}, 0.0008852479083724273], "ACC": [{"max": 0.4350253254180056, "min": 0.013177916731930235, "sm": 0.020087971842194064, "value": [278, 0, 0, 0, 0, 0, 110, 58, 303, 16, 77, 307, 65, 690, 410, 92, 1, 0, 1, 0, 0, 1]}, 0.22902268447670315], "LCC": [{"max": 1.0, "min": 0, "sm": 0.047619047619047616, "value": [1385, 5, 12, 5, 7, 2, 2, 15, 3, 0, 15, 13, 9, 7, 29, 0, 0, 2, 3, 0, 0, 895]}, 0.39620787353741244]}, "rate-20": {"ANB": [{"max": 0.38056564340305, "min": 0.0, "sm": 0.018122173495383333, "value": [3185, 10, 10, 3, 0, 2, 0, 0, 0, 0, 1, 0, 0, 0, 0, 0, 0, 0, 0, 0, 0, 1]}, 0.0006053636312686507], "ACC": [{"max": 0.3347620809978724, "min": 0.02604432739073435, "sm": 0.014700845409863716, "value": [239, 194, 460, 62, 121, 129, 35, 29, 1, 37, 206, 128, 79, 1348, 133, 8, 1, 1, 0, 0, 0, 1]}, 0.15857182261076452], "LCC": [{"max": 1.0, "min": 0, "sm": 0.047619047619047616, "value": [1784, 11, 17, 24, 1, 2, 2, 75, 3, 1, 3, 1, 1, 0, 33, 0, 0, 4, 0, 0, 0, 1250]}, 0.4087123938090924]}, "rate-25": {"ANB": [{"max": 0.6356078751365773, "min": 0.0, "sm": 0.03026704167317035, "value": [3985, 11, 9, 2, 1, 0, 0, 0, 0, 0, 2, 2, 0, 0, 1, 0, 0, 0, 1, 0, 0, 1]}, 0.001396575473591923], "ACC": [{"max": 0.25510009532888467, "min": 0.06899752475247525, "sm": 0.00886202717030521, "value": [6, 87, 72, 318, 281, 287, 64, 157, 14, 78, 17, 618, 417, 0, 1363, 99, 127, 7, 0, 1, 1, 1]}, 0.16299824584132502], "LCC": [{"max": 1.0, "min": 0, "sm": 0.047619047619047616, "value": [2403, 34, 32, 43, 10, 4, 3, 124, 5, 2, 9, 5, 1, 2, 46, 0, 0, 4, 4, 8, 3, 1273]}, 0.3465999446238703]}, "rate-30": {"ANB": [{"max": 0.5965143642041794, "min": 0.0, "sm": 0.028405445914484732, "value": [4802, 11, 1, 0, 1, 0, 1, 0, 0, 0, 0, 0, 0, 0, 0, 1, 0, 0, 0, 0, 0, 1]}, 0.0007258707320751916], "ACC": [{"max": 0.33197859621324133, "min": 0.006218131056289989, "sm": 0.015512403102711968, "value": [391, 0, 0, 0, 0, 3, 20, 192, 227, 484, 176, 955, 1959, 99, 106, 200, 2, 1, 1, 1, 0, 1]}, 0.17108333836186668], "LCC": [{"max": 1.0, "min": 0, "sm": 0.047619047619047616, "value": [3653, 37, 38, 67, 25, 12, 17, 170, 10, 4, 34, 4, 11, 5, 129, 30, 15, 12, 5, 12, 8, 520]}, 0.16566977787892534]}, "rate-35": {"ANB": [{"max": 0.12974294955682514, "min": 0.0, "sm": 0.0061782356931821495, "value": [5592, 8, 9, 2, 4, 0, 2, 2, 0, 0, 0, 0, 0, 0, 0, 1, 0, 0, 0, 0, 0, 1]}, 0.00019522815858992554], "ACC": [{"max": 0.24230140274823395, "min": 0.0040200166009941515, "sm": 0.011346732673678086, "value": [160, 17, 62, 60, 846, 1252, 855, 176, 123, 98, 345, 90, 0, 1526, 8, 1, 1, 0, 0, 0, 0, 1]}, 0.09504224241690215], "LCC": [{"max": 1.0, "min": 0, "sm": 0.047619047619047616, "value": [3291, 70, 91, 105, 37, 3, 5, 456, 9, 8, 12, 8, 19, 6, 59, 2, 6, 23, 9, 8, 28, 1366]}, 0.30271192182891643]}, "rate-40": {"ANB": [{"max": 0.2682192732022819, "min": 0.0, "sm": 0.012772346342965804, "value": [6386, 13, 5, 5, 5, 2, 0, 2, 0, 0, 0, 1, 0, 0, 0, 2, 1, 0, 1, 0, 0, 1]}, 0.0005231489675051769], "ACC": [{"max": 0.13955383268111302, "min": 0.026963552244139127, "sm": 0.005361441925570185, "value": [22, 46, 384, 135, 244, 319, 950, 377, 698, 557, 183, 249, 96, 911, 1029, 7, 119, 92, 3, 1, 1, 1]}, 0.0784254452757679], "LCC": [{"max": 1.0, "min": 0, "sm": 0.047619047619047616, "value": [4595, 56, 61, 98, 32, 7, 15, 370, 11, 6, 27, 11, 23, 9, 71, 3, 1, 2, 13, 6, 0, 1007]}, 0.20032342396252634]}}