{"rate-5": {"ANB": [{"max": 0.0014165584789586584, "min": 0.0, "sm": 6.745516566469802e-05, "value": [795, 2, 1, 0, 1, 1, 0, 0, 1, 1, 0, 0, 0, 0, 0, 0, 0, 0, 0, 0, 0, 1]}, 4.516827358906401e-06], "ACC": [{"max": 0.02514546965918537, "min": 0.0, "sm": 0.0011974033171040653, "value": [697, 42, 9, 0, 8, 11, 0, 0, 1, 1, 21, 0, 0, 7, 3, 2, 0, 0, 0, 0, 1, 0]}, 0.0008830495934882924], "LCC": [{"max": 1.0, "min": 0, "sm": 0.047619047619047616, "value": [796, 0, 0, 1, 0, 0, 0, 0, 0, 0, 0, 0, 0, 0, 0, 0, 0, 0, 0, 0, 0, 6]}, 0.007742879785221006]}, "rate-10": {"ANB": [{"max": 0.0002082022358434133, "min": 0.0, "sm": 9.91439218301968e-06, "value": [1588, 6, 4, 1, 1, 0, 0, 1, 0, 0, 1, 0, 0, 0, 0, 0, 2, 0, 1, 0, 0, 1]}, 7.522036689292665e-07], "ACC": [{"max": 0.013707165109034268, "min": 0.0, "sm": 0.0006527221480492508, "value": [1334, 48, 43, 29, 30, 17, 8, 4, 24, 10, 52, 2, 0, 0, 1, 0, 2, 0, 0, 0, 1, 1]}, 0.0006534554546152932], "LCC": [{"max": 1.0, "min": 0, "sm": 0.047619047619047616, "value": [1556, 1, 1, 1, 1, 0, 0, 2, 0, 1, 0, 2, 0, 0, 2, 0, 0, 0, 0, 0, 0, 39]}, 0.02683286341443253]}, "rate-15": {"ANB": [{"max": 0.001036221872252442, "min": 0.0, "sm": 4.934389867868772e-05, "value": [2400, 2, 1, 2, 1, 0, 1, 0, 1, 0, 0, 0, 0, 0, 0, 0, 0, 0, 0, 0, 0, 1]}, 1.35188763503254e-06], "ACC": [{"max": 0.03239202657807309, "min": 0.0, "sm": 0.0015424774560987185, "value": [2005, 131, 55, 33, 46, 49, 9, 0, 0, 2, 78, 0, 0, 0, 0, 0, 0, 0, 0, 0, 0, 1]}, 0.0012498744873400871], "LCC": [{"max": 1.0, "min": 0, "sm": 0.047619047619047616, "value": [2347, 3, 1, 2, 1, 0, 0, 3, 0, 0, 3, 0, 2, 0, 1, 0, 0, 2, 0, 0, 0, 44]}, 0.02119585165024289]}, "rate-20": {"ANB": [{"max": 0.0011003840963355132, "min": 0.0, "sm": 5.239924268264348e-05, "value": [3189, 12, 4, 2, 2, 0, 0, 0, 0, 2, 0, 0, 0, 0, 0, 0, 0, 0, 0, 0, 0, 1]}, 1.8016086137602723e-06], "ACC": [{"max": 0.033322952351292436, "min": 0.0, "sm": 0.0015868072548234492, "value": [2603, 132, 110, 134, 86, 34, 2, 2, 1, 0, 107, 0, 0, 0, 0, 0, 0, 0, 0, 0, 0, 1]}, 0.0013966723988485994], "LCC": [{"max": 1.0, "min": 0, "sm": 0.047619047619047616, "value": [3103, 4, 5, 2, 1, 0, 0, 10, 1, 0, 3, 0, 0, 0, 3, 0, 0, 0, 0, 0, 0, 80]}, 0.027595868847606515]}, "rate-25": {"ANB": [{"max": 0.0008197076491934347, "min": 0.0, "sm": 3.903369758063975e-05, "value": [3971, 15, 13, 0, 3, 7, 3, 2, 0, 0, 0, 0, 0, 0, 0, 0, 0, 0, 0, 0, 0, 1]}, 1.8888786454153538e-06], "ACC": [{"max": 0.016751370204285, "min": 0.0, "sm": 0.0007976842954421429, "value": [2799, 173, 139, 162, 56, 66, 173, 95, 85, 127, 81, 23, 4, 15, 10, 5, 0, 0, 1, 0, 0, 1]}, 0.001457768789342542], "LCC": [{"max": 1.0, "min": 0, "sm": 0.047619047619047616, "value": [3829, 13, 3, 4, 5, 1, 3, 7, 5, 1, 8, 0, 0, 0, 10, 1, 0, 3, 4, 0, 0, 118]}, 0.03601015941278572]}, "rate-30": {"ANB": [{"max": 0.016092171138072042, "min": 0.0, "sm": 0.0007662938637177163, "value": [4810, 4, 3, 0, 0, 0, 0, 0, 0, 0, 0, 0, 0, 0, 0, 0, 0, 0, 0, 0, 0, 1]}, 8.471985499229778e-06], "ACC": [{"max": 0.10940880677231103, "min": 0.0, "sm": 0.005209943179633859, "value": [3655, 276, 267, 2, 1, 0, 5, 31, 63, 0, 0, 515, 2, 0, 0, 0, 0, 0, 0, 0, 0, 1]}, 0.008758912451932818], "LCC": [{"max": 1.0, "min": 0, "sm": 0.047619047619047616, "value": [4445, 7, 8, 8, 1, 2, 2, 20, 4, 0, 5, 0, 3, 0, 15, 1, 0, 1, 0, 0, 0, 296]}, 0.0673577477081236]}, "rate-35": {"ANB": [{"max": 0.0017042404213631222, "min": 0.0, "sm": 8.115430577919629e-05, "value": [5551, 27, 16, 8, 2, 5, 1, 1, 2, 1, 0, 1, 1, 0, 0, 1, 0, 1, 0, 0, 2, 1]}, 5.437140837246131e-06], "ACC": [{"max": 0.04128113879003559, "min": 0.0, "sm": 0.0019657685138112185, "value": [3531, 287, 95, 245, 382, 350, 126, 20, 342, 7, 233, 0, 0, 0, 0, 1, 1, 0, 0, 0, 0, 1]}, 0.004125135238676731], "LCC": [{"max": 1.0, "min": 0, "sm": 0.047619047619047616, "value": [5239, 17, 12, 15, 5, 2, 3, 35, 8, 1, 4, 2, 5, 0, 21, 4, 0, 7, 4, 5, 0, 232]}, 0.05205349333115764]}, "rate-40": {"ANB": [{"max": 0.0016781537089690796, "min": 0.0, "sm": 7.991208137947998e-05, "value": [6372, 23, 11, 4, 0, 2, 2, 3, 1, 2, 1, 1, 0, 1, 0, 0, 0, 0, 0, 0, 0, 1]}, 3.4464586483838388e-06], "ACC": [{"max": 0.03286206747014333, "min": 0.0, "sm": 0.001564860355721111, "value": [4359, 557, 331, 303, 275, 227, 129, 24, 3, 4, 211, 0, 0, 0, 0, 0, 0, 0, 0, 0, 0, 1]}, 0.0021890074312415878], "LCC": [{"max": 1.0, "min": 0, "sm": 0.047619047619047616, "value": [5952, 17, 14, 12, 7, 1, 4, 41, 5, 4, 16, 2, 9, 0, 29, 1, 5, 8, 3, 0, 0, 294]}, 0.05720358830916872]}}