{"rate-5": {"ANB": [{"max": 0.0023069666657326723, "min": 0.0, "sm": 0.00010985555551107963, "value": [799, 2, 0, 1, 0, 0, 0, 0, 0, 0, 0, 0, 0, 0, 0, 0, 0, 0, 0, 0, 0, 1]}, 4.710682610361613e-06], "ACC": [{"max": 0.048628428927680795, "min": 0.0012468827930174563, "sm": 0.0022562641016506354, "value": [666, 54, 23, 1, 18, 0, 0, 0, 1, 0, 39, 0, 0, 0, 0, 0, 0, 0, 0, 0, 0, 1]}, 0.0033069216272009626], "LCC": [{"max": 0, "min": 0, "sm": 0.0, "value": [803, 0, 0, 0, 0, 0, 0, 0, 0, 0, 0, 0, 0, 0, 0, 0, 0, 0, 0, 0, 0, 0]}, 0.0]}, "rate-10": {"ANB": [{"max": 0.0021558253897965367, "min": 0.0, "sm": 0.00010265835189507317, "value": [1594, 5, 2, 0, 0, 2, 0, 2, 0, 0, 0, 0, 0, 0, 0, 0, 0, 0, 0, 0, 0, 1]}, 5.319119963695303e-06], "ACC": [{"max": 0.04672897196261682, "min": 0.0006230529595015577, "sm": 0.002195519952529298, "value": [1243, 150, 60, 67, 4, 5, 1, 0, 0, 0, 75, 0, 0, 0, 0, 0, 0, 0, 0, 0, 0, 1]}, 0.002993705087578177], "LCC": [{"max": 0.6666666666666666, "min": 0, "sm": 0.031746031746031744, "value": [1601, 0, 0, 0, 0, 0, 0, 0, 0, 0, 2, 0, 0, 0, 0, 1, 0, 0, 0, 0, 0, 2]}, 0.001556662515566625]}, "rate-15": {"ANB": [{"max": 0.003800515384944521, "min": 0.0, "sm": 0.00018097692309259624, "value": [2381, 18, 4, 1, 3, 0, 0, 0, 0, 0, 1, 0, 0, 0, 0, 0, 0, 0, 0, 0, 0, 1]}, 8.978493403169063e-06], "ACC": [{"max": 0.04228582549104102, "min": 0.0004152823920265781, "sm": 0.001993835385667354, "value": [1706, 279, 135, 28, 100, 3, 0, 0, 1, 41, 0, 0, 109, 1, 0, 0, 5, 0, 0, 0, 0, 1]}, 0.00334429207601719], "LCC": [{"max": 1.0, "min": 0, "sm": 0.047619047619047616, "value": [2397, 1, 0, 2, 0, 0, 0, 5, 0, 0, 0, 0, 0, 0, 0, 0, 0, 0, 0, 0, 0, 4]}, 0.0025183340251833403]}, "rate-20": {"ANB": [{"max": 0.00964878324218443, "min": 0.0, "sm": 0.00045946586867544906, "value": [3196, 12, 0, 0, 2, 1, 0, 0, 0, 0, 0, 0, 0, 0, 0, 0, 0, 0, 0, 0, 0, 1]}, 1.1293838150699863e-05], "ACC": [{"max": 0.05485338778820288, "min": 0.0003114294612270321, "sm": 0.002597236110808374, "value": [2333, 294, 177, 79, 2, 2, 6, 10, 99, 2, 16, 4, 0, 178, 9, 0, 0, 0, 0, 0, 0, 1]}, 0.004721658636508931], "LCC": [{"max": 1.0, "min": 0, "sm": 0.047619047619047616, "value": [3177, 1, 8, 5, 3, 0, 0, 13, 0, 0, 1, 0, 0, 0, 0, 0, 0, 0, 0, 0, 0, 4]}, 0.0034765462847654626]}, "rate-25": {"ANB": [{"max": 0.010417625030559003, "min": 0.0, "sm": 0.0004960773824075716, "value": [3960, 25, 16, 4, 4, 0, 1, 0, 2, 1, 0, 0, 0, 0, 0, 0, 0, 1, 0, 0, 0, 1]}, 3.194703892159196e-05], "ACC": [{"max": 0.054269138064563745, "min": 0.00024912805181863477, "sm": 0.0025723814291783386, "value": [2261, 334, 328, 184, 187, 139, 108, 62, 63, 19, 90, 1, 0, 209, 8, 2, 19, 0, 0, 0, 0, 1]}, 0.0067612168197410194], "LCC": [{"max": 1.0, "min": 0, "sm": 0.047619047619047616, "value": [3924, 6, 12, 12, 11, 2, 0, 18, 1, 0, 0, 0, 0, 0, 5, 0, 0, 0, 0, 0, 0, 24]}, 0.010062362476653534]}, "rate-30": {"ANB": [{"max": 0.01147611947028162, "min": 0.0, "sm": 0.00054648187953722, "value": [4750, 48, 8, 6, 2, 0, 1, 0, 1, 0, 0, 0, 0, 0, 0, 0, 0, 0, 0, 0, 1, 1]}, 2.8997952521038163e-05], "ACC": [{"max": 0.05603649675691277, "min": 0.00020759809009757111, "sm": 0.0026585189841340567, "value": [2620, 533, 356, 125, 114, 122, 117, 131, 260, 131, 36, 2, 2, 245, 13, 10, 0, 0, 0, 0, 0, 1]}, 0.007550987939444627], "LCC": [{"max": 1.0, "min": 0, "sm": 0.047619047619047616, "value": [4622, 15, 13, 22, 20, 13, 4, 42, 4, 0, 5, 0, 0, 0, 11, 0, 0, 0, 0, 0, 0, 47]}, 0.01810590479073096]}, "rate-35": {"ANB": [{"max": 0.03296203464291351, "min": 0.0, "sm": 0.0015696206972815956, "value": [5567, 33, 13, 2, 2, 0, 0, 1, 0, 1, 1, 0, 0, 0, 0, 0, 0, 0, 0, 0, 0, 1]}, 6.351084778581213e-05], "ACC": [{"max": 0.0546714369992578, "min": 0.00017793594306049823, "sm": 0.002594928621723681, "value": [2503, 465, 220, 131, 183, 231, 57, 63, 238, 325, 360, 277, 79, 82, 298, 67, 37, 3, 1, 0, 0, 1]}, 0.011883554929686575], "LCC": [{"max": 1.0, "min": 0, "sm": 0.047619047619047616, "value": [5347, 11, 34, 37, 17, 7, 12, 57, 4, 0, 5, 0, 0, 0, 6, 0, 0, 0, 0, 0, 0, 84]}, 0.02330424167710615]}, "rate-40": {"ANB": [{"max": 0.026450512978118172, "min": 0.0, "sm": 0.0012595482370532463, "value": [6386, 25, 5, 2, 1, 2, 0, 0, 0, 0, 0, 0, 2, 0, 0, 0, 0, 0, 0, 0, 0, 1]}, 4.5260494303946065e-05], "ACC": [{"max": 0.07757932981445277, "min": 0.00015569048731122528, "sm": 0.0036868399679591216, "value": [2668, 877, 544, 290, 23, 162, 242, 452, 245, 237, 210, 15, 1, 454, 3, 0, 0, 0, 0, 0, 0, 1]}, 0.01325402271407014], "LCC": [{"max": 1.0, "min": 0, "sm": 0.047619047619047616, "value": [6042, 21, 25, 39, 28, 18, 6, 74, 6, 0, 7, 0, 1, 0, 16, 0, 0, 0, 0, 0, 0, 141]}, 0.03209999586829685]}}