{"rate-5": {"ANB": [{"max": 0.09758850422369081, "min": 0.0, "sm": 0.0046470716296995625, "value": [789, 4, 3, 2, 1, 1, 1, 1, 0, 1, 0, 0, 0, 0, 0, 0, 0, 0, 0, 0, 0, 1]}, 0.000682076244677613], "ACC": [{"max": 0.14170464301105187, "min": 0.0012453300124533001, "sm": 0.006688538714218979, "value": [199, 74, 64, 41, 2, 22, 8, 37, 82, 39, 42, 91, 9, 43, 1, 46, 0, 1, 2, 0, 0, 1]}, 0.042557258609165954], "LCC": [{"max": 1.0, "min": 0, "sm": 0.047619047619047616, "value": [493, 8, 10, 9, 9, 2, 4, 37, 7, 3, 12, 4, 4, 2, 14, 1, 1, 1, 0, 0, 0, 183]}, 0.28591491795057467]}, "rate-10": {"ANB": [{"max": 0.11345650605514933, "min": 0.0, "sm": 0.00540269076453092, "value": [1591, 6, 2, 1, 0, 1, 2, 1, 0, 0, 0, 0, 0, 1, 0, 0, 0, 0, 0, 0, 0, 1]}, 0.0004465042280183067], "ACC": [{"max": 0.15527724417776437, "min": 0.0006230529595015577, "sm": 0.007364485296107753, "value": [347, 76, 200, 109, 33, 31, 0, 189, 26, 64, 12, 147, 212, 36, 44, 74, 2, 0, 2, 1, 0, 1]}, 0.048292768089108415], "LCC": [{"max": 1.0, "min": 0, "sm": 0.047619047619047616, "value": [944, 21, 33, 23, 17, 9, 6, 67, 4, 5, 17, 7, 10, 0, 38, 2, 8, 12, 7, 12, 8, 356]}, 0.30258431052025037]}, "rate-15": {"ANB": [{"max": 0.12224676299524544, "min": 0.0, "sm": 0.0058212744283450205, "value": [2379, 15, 2, 0, 0, 2, 3, 0, 1, 0, 3, 0, 1, 1, 1, 0, 0, 0, 0, 0, 0, 1]}, 0.0005867262523044961], "ACC": [{"max": 0.15768395632939647, "min": 0.0004152823920265781, "sm": 0.0074889844732080905, "value": [211, 133, 44, 130, 33, 85, 182, 494, 138, 73, 98, 182, 385, 2, 118, 94, 2, 1, 2, 1, 0, 1]}, 0.06084710800109837], "LCC": [{"max": 1.0, "min": 0, "sm": 0.047619047619047616, "value": [1318, 37, 29, 42, 20, 10, 16, 113, 20, 11, 35, 7, 16, 4, 67, 13, 10, 15, 17, 9, 21, 579]}, 0.33485273596827064]}, "rate-20": {"ANB": [{"max": 0.11201032150981248, "min": 0.0, "sm": 0.005333824833800595, "value": [3185, 15, 1, 4, 2, 0, 1, 1, 1, 0, 0, 0, 0, 0, 0, 0, 1, 0, 0, 0, 0, 1]}, 0.00031929164666293796], "ACC": [{"max": 0.15255410834651134, "min": 0.0003114294612270321, "sm": 0.007249651375489729, "value": [206, 158, 172, 32, 355, 374, 92, 503, 95, 76, 113, 272, 504, 2, 135, 117, 2, 0, 2, 1, 0, 1]}, 0.05660712171800313], "LCC": [{"max": 1.0, "min": 0, "sm": 0.047619047619047616, "value": [1792, 52, 52, 72, 35, 16, 11, 144, 13, 12, 32, 15, 30, 5, 78, 14, 12, 34, 14, 12, 20, 747]}, 0.3209419984508125]}, "rate-25": {"ANB": [{"max": 0.11776291848399834, "min": 0.0, "sm": 0.00560775802304754, "value": [3973, 19, 8, 3, 1, 0, 1, 2, 2, 0, 0, 0, 2, 1, 1, 0, 1, 1, 0, 0, 0, 1]}, 0.0004296341202540336], "ACC": [{"max": 0.1516840910424375, "min": 0.00024906600249066, "sm": 0.007211191668568896, "value": [319, 64, 69, 220, 14, 67, 251, 395, 782, 296, 242, 251, 745, 1, 139, 154, 3, 0, 1, 2, 0, 1]}, 0.06304396254979866], "LCC": [{"max": 1.0, "min": 0, "sm": 0.047619047619047616, "value": [2294, 65, 67, 72, 31, 21, 22, 178, 13, 10, 37, 16, 35, 5, 98, 23, 16, 25, 20, 18, 27, 923]}, 0.3144944978733799]}, "rate-30": {"ANB": [{"max": 0.17576927391935696, "min": 0.0, "sm": 0.008369965424731283, "value": [4771, 19, 6, 4, 0, 6, 0, 1, 3, 0, 1, 0, 1, 0, 1, 3, 0, 0, 0, 0, 1, 1]}, 0.0006031793608461567], "ACC": [{"max": 0.15218385241974622, "min": 0.00020759809009757111, "sm": 0.0072369644918880306, "value": [168, 1, 0, 0, 45, 51, 328, 425, 667, 405, 997, 411, 996, 6, 165, 145, 3, 0, 2, 2, 0, 1]}, 0.07211663295380251], "LCC": [{"max": 1.0, "min": 0, "sm": 0.047619047619047616, "value": [2698, 73, 64, 89, 43, 17, 26, 233, 22, 9, 52, 15, 44, 12, 111, 19, 17, 32, 18, 21, 27, 1176]}, 0.32665300562016425]}, "rate-35": {"ANB": [{"max": 0.13897888309213638, "min": 0.0, "sm": 0.006618042052006494, "value": [5572, 24, 8, 1, 1, 1, 0, 2, 3, 0, 0, 0, 0, 1, 4, 2, 0, 0, 1, 0, 0, 1]}, 0.00042626047064938885], "ACC": [{"max": 0.13914559940619156, "min": 0.00017793594306049823, "sm": 0.006617507783958622, "value": [212, 167, 0, 0, 0, 0, 6, 335, 513, 798, 1247, 381, 302, 1237, 58, 177, 181, 2, 1, 1, 2, 1]}, 0.07015823710923019], "LCC": [{"max": 1.0, "min": 0, "sm": 0.047619047619047616, "value": [3120, 88, 82, 115, 44, 20, 17, 326, 24, 23, 44, 18, 42, 20, 150, 20, 29, 40, 34, 19, 30, 1316]}, 0.32334615697281105]}, "rate-40": {"ANB": [{"max": 0.14898844442001707, "min": 0.0, "sm": 0.007094687829524622, "value": [6375, 26, 4, 3, 1, 5, 1, 2, 0, 0, 0, 1, 0, 0, 1, 0, 2, 1, 1, 0, 0, 1]}, 0.0003733745856302376], "ACC": [{"max": 0.14829526525899941, "min": 0.00015569048731122528, "sm": 0.007054265465318485, "value": [72, 19, 153, 278, 85, 51, 169, 432, 1059, 460, 1414, 363, 1423, 46, 131, 259, 5, 0, 2, 2, 0, 1]}, 0.06956956548005566], "LCC": [{"max": 1.0, "min": 0, "sm": 0.047619047619047616, "value": [3683, 88, 95, 126, 59, 19, 19, 360, 27, 22, 55, 16, 44, 14, 167, 21, 22, 35, 32, 22, 45, 1453]}, 0.31024982978539045]}}