{"rate-5": {"ANB": [{"max": 0.6306501264312722, "min": 0.0, "sm": 0.03003095840148915, "value": [780, 12, 5, 0, 0, 0, 0, 2, 1, 1, 0, 0, 0, 0, 0, 0, 1, 0, 0, 0, 0, 1]}, 0.005684025950813191], "ACC": [{"max": 0.32628152969894225, "min": 0.11191738766396875, "sm": 0.010207816287379691, "value": [2, 9, 38, 22, 73, 124, 138, 186, 102, 14, 13, 3, 37, 37, 1, 2, 0, 0, 0, 1, 0, 1]}, 0.18386682864943804], "LCC": [{"max": 1.0, "min": 0, "sm": 0.047619047619047616, "value": [609, 19, 23, 25, 4, 0, 1, 80, 2, 1, 1, 4, 1, 0, 3, 0, 1, 0, 1, 0, 0, 28]}, 0.0896408091980441]}, "rate-10": {"ANB": [{"max": 0.7439107585221698, "min": 0.0, "sm": 0.03542432183438904, "value": [1585, 17, 0, 2, 0, 1, 0, 0, 0, 0, 0, 0, 0, 0, 0, 0, 0, 0, 0, 0, 0, 1]}, 0.0022322304170014893], "ACC": [{"max": 0.367330127485615, "min": 0.015786670926857843, "sm": 0.016740164598036057, "value": [77, 1, 0, 0, 0, 14, 41, 36, 136, 334, 124, 596, 135, 2, 33, 73, 3, 0, 0, 0, 0, 1]}, 0.18936068872518447], "LCC": [{"max": 1.0, "min": 0, "sm": 0.047619047619047616, "value": [1293, 13, 6, 9, 7, 3, 10, 50, 4, 2, 11, 2, 4, 0, 34, 0, 3, 7, 0, 1, 0, 147]}, 0.13456758849095982]}, "rate-15": {"ANB": [{"max": 0.4646055898143572, "min": 0.0, "sm": 0.02212407570544558, "value": [2378, 18, 3, 2, 2, 2, 2, 0, 0, 0, 0, 1, 0, 0, 0, 0, 0, 0, 0, 0, 0, 1]}, 0.0014735526520668432], "ACC": [{"max": 0.28172363080059076, "min": 0.024729450158527892, "sm": 0.012237818125812518, "value": [274, 48, 2, 0, 13, 25, 5, 24, 99, 446, 821, 286, 205, 16, 68, 70, 5, 0, 0, 1, 0, 1]}, 0.13956863453180826], "LCC": [{"max": 1.0, "min": 0, "sm": 0.047619047619047616, "value": [1757, 52, 59, 92, 21, 0, 0, 363, 3, 2, 1, 8, 5, 7, 1, 2, 0, 0, 0, 0, 0, 36]}, 0.08469259098833991]}, "rate-20": {"ANB": [{"max": 0.7523629701524378, "min": 0.0, "sm": 0.03582680810249704, "value": [3198, 10, 1, 0, 0, 0, 1, 0, 0, 0, 0, 0, 0, 1, 0, 0, 0, 0, 0, 0, 0, 1]}, 0.0012491234608958176], "ACC": [{"max": 0.3716435185185185, "min": 0.10418559377027904, "sm": 0.01273609165467807, "value": [6, 17, 36, 73, 274, 150, 520, 573, 342, 924, 42, 98, 1, 145, 7, 2, 0, 1, 0, 0, 0, 1]}, 0.20397075045673713], "LCC": [{"max": 1.0, "min": 0, "sm": 0.047619047619047616, "value": [2403, 31, 26, 46, 13, 10, 5, 92, 11, 5, 21, 7, 11, 4, 90, 5, 31, 21, 14, 11, 1, 354]}, 0.17597159222014663]}, "rate-25": {"ANB": [{"max": 0.6182834374919318, "min": 0.0, "sm": 0.029442068451996754, "value": [4000, 11, 1, 0, 0, 0, 0, 1, 0, 0, 0, 0, 0, 0, 0, 1, 0, 0, 0, 0, 0, 1]}, 0.0009026347437751857], "ACC": [{"max": 0.35081864636562726, "min": 0.015559137907833531, "sm": 0.015964738497990176, "value": [185, 1, 0, 0, 0, 2, 18, 102, 146, 640, 486, 1685, 401, 72, 89, 181, 3, 1, 1, 1, 0, 1]}, 0.18719487490422324], "LCC": [{"max": 1.0, "min": 0, "sm": 0.047619047619047616, "value": [2937, 38, 24, 55, 22, 8, 15, 141, 18, 6, 39, 6, 13, 3, 98, 7, 41, 36, 15, 9, 23, 461]}, 0.1879097071117743]}, "rate-30": {"ANB": [{"max": 0.3316258663615563, "min": 0.0, "sm": 0.01579170792197887, "value": [4786, 23, 3, 0, 0, 0, 0, 1, 0, 0, 1, 1, 1, 0, 0, 1, 0, 0, 0, 0, 0, 1]}, 0.0006415971995634894], "ACC": [{"max": 0.21561595683141782, "min": 0.023094946186062892, "sm": 0.00916766717358833, "value": [65, 163, 238, 608, 116, 4, 27, 39, 672, 195, 640, 272, 1195, 128, 105, 302, 43, 1, 1, 1, 2, 1]}, 0.1090161102540004], "LCC": [{"max": 1.0, "min": 0, "sm": 0.047619047619047616, "value": [3778, 39, 32, 28, 15, 14, 20, 103, 20, 10, 30, 11, 21, 13, 113, 10, 14, 26, 17, 46, 0, 458]}, 0.15447882178876005]}, "rate-35": {"ANB": [{"max": 0.21024194550347222, "min": 0.0, "sm": 0.010011521214451058, "value": [5586, 19, 1, 3, 0, 1, 0, 1, 1, 0, 1, 1, 1, 0, 5, 0, 0, 0, 0, 0, 0, 1]}, 0.0004892594548434766], "ACC": [{"max": 0.16575607378785323, "min": 0.04619285783350714, "sm": 0.005693486474016481, "value": [17, 144, 294, 274, 758, 706, 1363, 575, 923, 253, 105, 62, 2, 138, 3, 2, 0, 1, 0, 0, 0, 1]}, 0.08338457653573467], "LCC": [{"max": 1.0, "min": 0, "sm": 0.047619047619047616, "value": [4250, 38, 21, 26, 15, 7, 2, 98, 15, 11, 21, 4, 8, 5, 121, 10, 26, 29, 17, 13, 43, 841]}, 0.19986668072149127]}, "rate-40": {"ANB": [{"max": 0.3009438702517913, "min": 0.0, "sm": 0.014330660488180538, "value": [6403, 12, 2, 0, 1, 0, 2, 1, 0, 1, 0, 0, 0, 1, 0, 0, 0, 0, 0, 0, 0, 1]}, 0.0003885061121941134], "ACC": [{"max": 0.20534180779976544, "min": 0.006771154329807728, "sm": 0.00945574540333132, "value": [210, 1, 1, 12, 378, 1082, 377, 152, 598, 196, 799, 271, 1655, 239, 175, 214, 59, 2, 1, 1, 0, 1]}, 0.09638190757049579], "LCC": [{"max": 1.0, "min": 0, "sm": 0.047619047619047616, "value": [4773, 90, 91, 137, 48, 6, 26, 524, 13, 12, 33, 7, 15, 8, 127, 2, 13, 16, 16, 44, 13, 410]}, 0.13501744827610493]}}