{"rate-5": {"ANB": [{"max": 0.00043586414737189485, "min": 0.0, "sm": 2.075543558913785e-05, "value": [794, 1, 2, 0, 0, 1, 0, 1, 0, 1, 0, 1, 1, 0, 0, 0, 0, 0, 0, 0, 0, 1]}, 1.915289884377478e-06], "ACC": [{"max": 0.016209476309226933, "min": 0.0, "sm": 0.0007718798242489016, "value": [697, 42, 11, 4, 12, 0, 0, 4, 1, 10, 13, 4, 1, 1, 1, 0, 0, 1, 0, 0, 0, 1]}, 0.0005454091157913143], "LCC": [{"max": 0, "min": 0, "sm": 0.0, "value": [803, 0, 0, 0, 0, 0, 0, 0, 0, 0, 0, 0, 0, 0, 0, 0, 0, 0, 0, 0, 0, 0]}, 0.0]}, "rate-10": {"ANB": [{"max": 0.00014139107061007916, "min": 0.0, "sm": 6.7329081242894834e-06, "value": [1588, 4, 3, 0, 3, 1, 0, 0, 0, 0, 1, 1, 0, 2, 0, 0, 0, 0, 0, 0, 2, 1]}, 6.148237062437928e-07], "ACC": [{"max": 0.00845115424554677, "min": 0.0, "sm": 0.0004024359164546081, "value": [1371, 68, 28, 34, 16, 11, 5, 11, 14, 5, 13, 6, 11, 6, 1, 3, 1, 0, 0, 1, 0, 1]}, 0.00031090687185512765], "LCC": [{"max": 1.0, "min": 0, "sm": 0.047619047619047616, "value": [1578, 1, 1, 1, 0, 0, 0, 1, 0, 0, 0, 0, 0, 0, 0, 0, 0, 0, 0, 0, 0, 24]}, 0.015347209867757814]}, "rate-15": {"ANB": [{"max": 0.0014126847635702623, "min": 0.0, "sm": 6.727070302715536e-05, "value": [2399, 3, 3, 2, 1, 0, 0, 0, 0, 0, 0, 0, 0, 0, 0, 0, 0, 0, 0, 0, 1, 0]}, 1.5630216013429838e-06], "ACC": [{"max": 0.03737992922143579, "min": 0.0, "sm": 0.0017799966295921805, "value": [2041, 75, 84, 61, 50, 2, 2, 3, 0, 0, 90, 0, 0, 0, 0, 0, 0, 0, 0, 0, 0, 1]}, 0.0013819420873253637], "LCC": [{"max": 1.0, "min": 0, "sm": 0.047619047619047616, "value": [2349, 1, 0, 2, 1, 0, 0, 5, 0, 0, 0, 0, 0, 0, 0, 0, 0, 0, 0, 0, 0, 51]}, 0.022140170256059202]}, "rate-20": {"ANB": [{"max": 0.004248518769688697, "min": 0.0, "sm": 0.00020231041760422367, "value": [3186, 18, 4, 2, 0, 0, 0, 0, 0, 0, 0, 0, 0, 0, 0, 0, 0, 1, 0, 0, 0, 1]}, 6.237578238446941e-06], "ACC": [{"max": 0.030362496388543898, "min": 0.0, "sm": 0.0014458331613592332, "value": [2576, 148, 83, 9, 45, 94, 15, 5, 8, 47, 0, 103, 5, 0, 53, 19, 0, 0, 0, 1, 0, 1]}, 0.0019798965469206803], "LCC": [{"max": 1.0, "min": 0, "sm": 0.047619047619047616, "value": [3077, 6, 5, 5, 1, 0, 2, 15, 0, 0, 1, 1, 1, 0, 6, 1, 0, 0, 2, 0, 0, 89]}, 0.032614522666165886]}, "rate-25": {"ANB": [{"max": 0.0025445902178360237, "min": 0.0, "sm": 0.00012117096275409637, "value": [3994, 6, 9, 3, 1, 0, 0, 0, 0, 0, 1, 0, 0, 0, 0, 0, 0, 0, 0, 0, 0, 1]}, 3.0385461590547256e-06], "ACC": [{"max": 0.03364630044843049, "min": 0.0, "sm": 0.0016022047832585948, "value": [3190, 107, 86, 110, 74, 72, 6, 8, 3, 121, 173, 2, 35, 25, 0, 1, 0, 0, 0, 1, 0, 1]}, 0.002300764979529927], "LCC": [{"max": 1.0, "min": 0, "sm": 0.047619047619047616, "value": [3854, 5, 0, 4, 0, 0, 0, 23, 1, 0, 4, 0, 0, 0, 7, 1, 0, 0, 4, 0, 0, 112]}, 0.03294326583787524]}, "rate-30": {"ANB": [{"max": 0.0031422402109913873, "min": 0.0, "sm": 0.00014963048623768511, "value": [4788, 16, 4, 0, 2, 2, 1, 0, 0, 3, 0, 0, 0, 1, 0, 0, 0, 0, 0, 0, 0, 1]}, 4.8274331116841545e-06], "ACC": [{"max": 0.03716005812746523, "min": 0.0, "sm": 0.0017695265774983443, "value": [3601, 203, 268, 101, 56, 118, 90, 24, 168, 2, 184, 2, 0, 0, 0, 0, 0, 0, 0, 0, 0, 1]}, 0.00250936557590533], "LCC": [{"max": 1.0, "min": 0, "sm": 0.047619047619047616, "value": [4588, 6, 3, 9, 2, 0, 3, 29, 3, 2, 4, 0, 2, 0, 13, 0, 0, 3, 0, 0, 0, 151]}, 0.037588883657796134]}, "rate-35": {"ANB": [{"max": 0.01381494155252356, "min": 0.0, "sm": 0.0006578543596439791, "value": [5614, 5, 1, 0, 0, 0, 0, 0, 0, 0, 0, 0, 0, 0, 0, 0, 0, 0, 0, 0, 0, 1]}, 6.2555096411844476e-06], "ACC": [{"max": 0.10985270302691032, "min": 0.0, "sm": 0.005231081096519539, "value": [4087, 632, 70, 167, 0, 1, 0, 49, 0, 0, 587, 27, 0, 0, 0, 0, 0, 0, 0, 0, 0, 1]}, 0.00840250465464877], "LCC": [{"max": 1.0, "min": 0, "sm": 0.047619047619047616, "value": [5139, 15, 12, 14, 5, 0, 1, 52, 7, 4, 5, 0, 2, 1, 18, 0, 1, 6, 0, 0, 0, 339]}, 0.0692914892049193]}, "rate-40": {"ANB": [{"max": 0.009930796039012877, "min": 0.0, "sm": 0.00047289504947680365, "value": [6374, 25, 11, 3, 1, 3, 2, 1, 0, 1, 0, 0, 1, 1, 0, 0, 0, 0, 0, 0, 0, 1]}, 1.677304418488825e-05], "ACC": [{"max": 0.03923400280242877, "min": 0.0, "sm": 0.0018682858477347035, "value": [4029, 366, 268, 152, 53, 26, 140, 154, 176, 281, 482, 253, 8, 29, 4, 1, 0, 1, 0, 0, 0, 1]}, 0.004993337953975353], "LCC": [{"max": 1.0, "min": 0, "sm": 0.047619047619047616, "value": [5909, 12, 7, 14, 5, 2, 9, 69, 6, 1, 12, 0, 6, 1, 29, 2, 2, 11, 5, 3, 0, 319]}, 0.06265921419791598]}}