{"rate-5": {"ANB": [{"max": 0.003229783573444968, "min": 0.0, "sm": 0.00015379921778309373, "value": [799, 2, 0, 0, 0, 0, 0, 0, 0, 0, 1, 0, 1, 0, 0, 0, 0, 0, 0, 0, 0, 1]}, 1.0371183618804709e-05], "ACC": [{"max": 0.03737546699875467, "min": 0.0012453300124533001, "sm": 0.0017204827136333989, "value": [649, 59, 16, 13, 15, 0, 0, 1, 0, 1, 15, 0, 32, 0, 1, 0, 0, 1, 0, 0, 0, 1]}, 0.0033644103977458874], "LCC": [{"max": 0, "min": 0, "sm": 0.0, "value": [804, 0, 0, 0, 0, 0, 0, 0, 0, 0, 0, 0, 0, 0, 0, 0, 0, 0, 0, 0, 0, 0]}, 0.0]}, "rate-10": {"ANB": [{"max": 0.002380341979941113, "min": 0.0, "sm": 0.00011334961809243394, "value": [1599, 4, 2, 0, 0, 0, 0, 0, 0, 0, 0, 0, 0, 0, 0, 0, 0, 0, 0, 0, 0, 1]}, 3.5747814234001724e-06], "ACC": [{"max": 0.04521480837499094, "min": 0.0006230529595015577, "sm": 0.0021234169245471133, "value": [1283, 134, 31, 75, 0, 0, 2, 8, 0, 0, 69, 3, 0, 0, 0, 0, 0, 0, 0, 0, 0, 1]}, 0.0028213141993418487], "LCC": [{"max": 1.0, "min": 0, "sm": 0.047619047619047616, "value": [1600, 0, 0, 2, 0, 0, 0, 2, 0, 0, 0, 0, 0, 0, 0, 0, 0, 0, 0, 0, 0, 2]}, 0.0018679950186799503]}, "rate-15": {"ANB": [{"max": 0.005422480390113553, "min": 0.0, "sm": 0.00025821335191016917, "value": [2389, 9, 4, 4, 1, 0, 0, 0, 1, 0, 0, 0, 0, 0, 0, 0, 0, 0, 0, 0, 0, 1]}, 1.0664557119207214e-05], "ACC": [{"max": 0.044213209636640965, "min": 0.0004152823920265781, "sm": 0.0020856155830768753, "value": [1675, 296, 104, 85, 24, 36, 3, 11, 15, 43, 2, 0, 1, 108, 1, 4, 0, 0, 0, 0, 0, 1]}, 0.0037709118252741702], "LCC": [{"max": 1.0, "min": 0, "sm": 0.047619047619047616, "value": [2389, 2, 0, 5, 0, 0, 0, 9, 0, 0, 0, 0, 0, 0, 0, 0, 0, 0, 0, 0, 0, 4]}, 0.003313961533139615]}, "rate-20": {"ANB": [{"max": 0.009073411653153604, "min": 0.0, "sm": 0.00043206722157874305, "value": [3171, 19, 9, 6, 4, 0, 0, 1, 1, 0, 0, 0, 0, 0, 0, 0, 0, 0, 0, 0, 0, 1]}, 2.167699495302992e-05], "ACC": [{"max": 0.049517284335098104, "min": 0.0003114294612270321, "sm": 0.002343135946374813, "value": [2166, 243, 71, 199, 150, 54, 12, 10, 49, 86, 3, 3, 2, 147, 9, 7, 0, 0, 0, 0, 0, 1]}, 0.0050758265486658535], "LCC": [{"max": 1.0, "min": 0, "sm": 0.047619047619047616, "value": [3159, 5, 5, 7, 1, 0, 0, 10, 0, 0, 0, 0, 0, 0, 1, 0, 0, 0, 0, 0, 0, 24]}, 0.009423513705154919]}, "rate-25": {"ANB": [{"max": 0.0101519836316724, "min": 0.0, "sm": 0.0004834277919844, "value": [3966, 23, 7, 8, 1, 0, 2, 6, 0, 0, 0, 0, 1, 0, 0, 0, 0, 0, 0, 0, 0, 1]}, 2.7832239205843762e-05], "ACC": [{"max": 0.05459153831156171, "min": 0.00024912805181863477, "sm": 0.002587733821892527, "value": [2299, 680, 227, 221, 117, 48, 2, 1, 91, 82, 32, 3, 1, 197, 6, 7, 0, 0, 0, 0, 0, 1]}, 0.00573055166311561], "LCC": [{"max": 1.0, "min": 0, "sm": 0.047619047619047616, "value": [3918, 11, 7, 17, 5, 1, 2, 30, 0, 0, 0, 0, 0, 0, 1, 0, 0, 0, 0, 0, 0, 23]}, 0.009923642378746884]}, "rate-30": {"ANB": [{"max": 0.012426056112177453, "min": 0.0, "sm": 0.0005917169577227358, "value": [4761, 33, 11, 4, 3, 1, 1, 0, 0, 2, 0, 0, 0, 0, 0, 0, 0, 0, 0, 1, 0, 1]}, 3.125447295003004e-05], "ACC": [{"max": 0.06511319418938269, "min": 0.00020759809009757111, "sm": 0.0030907426713945294, "value": [2622, 573, 285, 246, 166, 206, 125, 71, 64, 99, 42, 0, 1, 298, 1, 18, 0, 0, 0, 0, 0, 1]}, 0.008180116420762851], "LCC": [{"max": 1.0, "min": 0, "sm": 0.047619047619047616, "value": [4675, 5, 16, 19, 11, 6, 3, 37, 1, 2, 1, 0, 1, 0, 1, 0, 0, 0, 0, 0, 0, 40]}, 0.013620155467485877]}, "rate-35": {"ANB": [{"max": 0.014062964595523333, "min": 0.0, "sm": 0.0006696649807392064, "value": [5560, 36, 16, 2, 0, 3, 1, 1, 0, 0, 0, 0, 0, 0, 0, 0, 0, 1, 0, 0, 0, 1]}, 3.106004364331598e-05], "ACC": [{"max": 0.07240232058125741, "min": 0.00017793594306049823, "sm": 0.0034392564113427102, "value": [2805, 591, 407, 196, 365, 272, 234, 130, 53, 99, 115, 0, 312, 40, 0, 1, 0, 0, 0, 0, 0, 1]}, 0.009942558052434063], "LCC": [{"max": 1.0, "min": 0, "sm": 0.047619047619047616, "value": [5294, 16, 33, 43, 19, 9, 12, 65, 2, 1, 4, 0, 0, 0, 4, 0, 0, 0, 0, 0, 0, 119]}, 0.029946033560193836]}, "rate-40": {"ANB": [{"max": 0.04641533376203629, "min": 0.0, "sm": 0.0022102539886683947, "value": [6380, 25, 11, 3, 0, 0, 3, 0, 0, 0, 1, 0, 0, 0, 0, 0, 0, 0, 0, 0, 0, 1]}, 8.025628988343278e-05], "ACC": [{"max": 0.061365107663469184, "min": 0.00015569048731122528, "sm": 0.002914734151245617, "value": [2526, 413, 307, 251, 317, 168, 18, 107, 168, 375, 468, 255, 275, 122, 510, 60, 74, 7, 1, 0, 1, 1]}, 0.015411801604822925], "LCC": [{"max": 1.0, "min": 0, "sm": 0.047619047619047616, "value": [6104, 16, 14, 38, 25, 17, 10, 78, 13, 2, 5, 0, 0, 0, 19, 0, 0, 2, 0, 0, 0, 81]}, 0.023645779580571413]}}