{"rate-5": {"ANB": [{"max": 0.0001650057129336459, "min": 0.0, "sm": 7.857414901602186e-06, "value": [794, 3, 1, 2, 0, 0, 0, 0, 1, 0, 0, 1, 0, 0, 0, 0, 0, 0, 0, 0, 0, 1]}, 5.699344392783184e-07], "ACC": [{"max": 0.011605601381162478, "min": 0.0, "sm": 0.0005526476848172609, "value": [730, 0, 18, 10, 13, 6, 3, 0, 5, 6, 0, 7, 2, 1, 0, 1, 0, 0, 0, 0, 0, 1]}, 0.00029783066158020193], "LCC": [{"max": 0, "min": 0, "sm": 0.0, "value": [803, 0, 0, 0, 0, 0, 0, 0, 0, 0, 0, 0, 0, 0, 0, 0, 0, 0, 0, 0, 0, 0]}, 0.0]}, "rate-10": {"ANB": [{"max": 0.001153657911296525, "min": 0.0, "sm": 5.4936091014120235e-05, "value": [1600, 3, 1, 0, 0, 1, 0, 0, 0, 0, 0, 0, 0, 0, 0, 0, 0, 0, 0, 0, 0, 1]}, 1.2804393001001723e-06], "ACC": [{"max": 0.03426791277258567, "min": 0.0, "sm": 0.001631805370123127, "value": [1361, 83, 51, 24, 1, 28, 1, 0, 0, 0, 56, 0, 0, 0, 0, 0, 0, 0, 0, 0, 0, 1]}, 0.0011663147143675292], "LCC": [{"max": 1.0, "min": 0, "sm": 0.047619047619047616, "value": [1578, 0, 1, 1, 0, 0, 0, 3, 0, 0, 0, 0, 1, 0, 0, 0, 0, 0, 0, 0, 0, 22]}, 0.014882758033442965]}, "rate-15": {"ANB": [{"max": 0.0005049065548481013, "min": 0.0, "sm": 2.4043169278481017e-05, "value": [2385, 8, 2, 2, 1, 3, 2, 2, 1, 0, 0, 0, 0, 2, 0, 0, 0, 0, 0, 0, 0, 1]}, 1.4468549482373045e-06], "ACC": [{"max": 0.012760495318634853, "min": 0.0, "sm": 0.0006076426342207072, "value": [2002, 119, 76, 49, 17, 4, 3, 25, 8, 4, 9, 33, 30, 19, 3, 2, 2, 2, 1, 0, 0, 1]}, 0.0005889424575232197], "LCC": [{"max": 1.0, "min": 0, "sm": 0.047619047619047616, "value": [2351, 1, 1, 0, 0, 0, 0, 2, 0, 0, 0, 0, 0, 0, 5, 0, 0, 0, 0, 0, 0, 49]}, 0.022085065204616887]}, "rate-20": {"ANB": [{"max": 0.0013243028491429867, "min": 0.0, "sm": 6.306204043538032e-05, "value": [3198, 2, 2, 2, 1, 2, 0, 0, 1, 1, 0, 0, 1, 0, 0, 0, 1, 0, 0, 0, 0, 1]}, 2.2841036007871733e-06], "ACC": [{"max": 0.03270009342883837, "min": 0.0, "sm": 0.0015571473061351602, "value": [2612, 201, 66, 15, 65, 27, 9, 2, 2, 0, 210, 1, 0, 0, 0, 0, 0, 0, 0, 1, 0, 1]}, 0.0016965105087107361], "LCC": [{"max": 1.0, "min": 0, "sm": 0.047619047619047616, "value": [3111, 1, 3, 7, 1, 1, 2, 10, 0, 0, 1, 0, 2, 0, 1, 0, 0, 0, 0, 0, 0, 72]}, 0.02501007108592792]}, "rate-25": {"ANB": [{"max": 0.0011397934292026249, "min": 0.0, "sm": 5.427587758107738e-05, "value": [3991, 8, 6, 4, 0, 3, 0, 0, 0, 0, 0, 1, 0, 0, 0, 1, 0, 0, 0, 0, 0, 1]}, 1.7173732514716789e-06], "ACC": [{"max": 0.03388141504733433, "min": 0.0, "sm": 0.00161340071653973, "value": [3216, 211, 155, 57, 12, 127, 51, 40, 7, 0, 136, 2, 0, 0, 0, 0, 0, 0, 0, 0, 0, 1]}, 0.001665573119006385], "LCC": [{"max": 1.0, "min": 0, "sm": 0.047619047619047616, "value": [3865, 3, 4, 4, 1, 0, 0, 14, 2, 0, 2, 1, 0, 0, 5, 0, 2, 0, 0, 0, 0, 112]}, 0.03129276095714413]}, "rate-30": {"ANB": [{"max": 0.001242154435966564, "min": 0.0, "sm": 5.915021123650304e-05, "value": [4768, 17, 8, 2, 8, 5, 0, 1, 1, 2, 2, 1, 1, 0, 0, 0, 0, 0, 1, 0, 0, 1]}, 3.2386159807473462e-06], "ACC": [{"max": 0.026706883708434586, "min": 0.0, "sm": 0.0012717563670683137, "value": [3508, 347, 173, 184, 208, 42, 7, 0, 83, 94, 0, 162, 5, 2, 1, 0, 0, 1, 0, 0, 0, 1]}, 0.0017728346363695031], "LCC": [{"max": 1.0, "min": 0, "sm": 0.047619047619047616, "value": [4578, 4, 4, 10, 1, 0, 2, 30, 3, 1, 0, 0, 2, 0, 8, 0, 0, 0, 0, 0, 0, 175]}, 0.04084817822771088]}, "rate-35": {"ANB": [{"max": 0.0036318471323876886, "min": 0.0, "sm": 0.00017294510154227088, "value": [5585, 19, 2, 2, 2, 5, 2, 1, 1, 0, 1, 0, 0, 0, 0, 0, 0, 0, 0, 0, 0, 1]}, 6.358628256858569e-06], "ACC": [{"max": 0.0341717890650275, "min": 0.0, "sm": 0.0016272280507155952, "value": [3767, 202, 89, 70, 252, 239, 119, 223, 253, 81, 276, 41, 5, 1, 0, 1, 0, 1, 0, 0, 0, 1]}, 0.0035537515908424266], "LCC": [{"max": 1.0, "min": 0, "sm": 0.047619047619047616, "value": [5241, 13, 10, 23, 5, 0, 5, 56, 8, 0, 8, 4, 3, 0, 26, 0, 2, 2, 0, 0, 0, 215]}, 0.048770341985545376]}, "rate-40": {"ANB": [{"max": 0.002698934114122824, "min": 0.0, "sm": 0.00012852067210108686, "value": [6375, 25, 10, 5, 2, 2, 0, 1, 2, 0, 0, 0, 0, 1, 0, 0, 0, 0, 0, 0, 0, 1]}, 4.2516427221931225e-06], "ACC": [{"max": 0.023895965637433406, "min": 0.0, "sm": 0.001137903125592067, "value": [4077, 340, 218, 203, 271, 174, 117, 57, 74, 139, 168, 302, 167, 29, 69, 12, 3, 1, 0, 2, 0, 1]}, 0.0028868547179227337], "LCC": [{"max": 1.0, "min": 0, "sm": 0.047619047619047616, "value": [5884, 22, 17, 9, 8, 1, 5, 58, 6, 5, 16, 2, 8, 1, 30, 0, 1, 4, 1, 0, 0, 346]}, 0.06509274812279232]}}