{"rate-5": {"ANB": [{"max": 0.8212900484367274, "min": 0.0, "sm": 0.03910904992555845, "value": [783, 12, 4, 2, 1, 0, 0, 0, 0, 0, 0, 0, 0, 0, 0, 0, 0, 0, 0, 0, 0, 1]}, 0.004923628726980122], "ACC": [{"max": 0.38027501185395923, "min": 0.10711900627754775, "sm": 0.013007428836971976, "value": [6, 1, 17, 30, 66, 83, 142, 48, 180, 144, 13, 1, 18, 49, 3, 1, 0, 0, 0, 0, 0, 1]}, 0.20821821507336707], "LCC": [{"max": 1.0, "min": 0, "sm": 0.047619047619047616, "value": [656, 3, 11, 6, 3, 2, 3, 26, 3, 1, 8, 1, 3, 3, 8, 4, 1, 0, 0, 0, 0, 61]}, 0.11651721104689775]}, "rate-10": {"ANB": [{"max": 0.7073367730366867, "min": 0.0, "sm": 0.03368270347793746, "value": [1591, 10, 2, 0, 0, 0, 0, 0, 0, 0, 0, 1, 0, 1, 0, 0, 0, 0, 0, 0, 0, 1]}, 0.0016858282206944786], "ACC": [{"max": 0.44605399792315675, "min": 0.0034132466477041854, "sm": 0.02107813101311679, "value": [43, 0, 0, 0, 0, 0, 55, 13, 99, 247, 73, 144, 76, 63, 728, 2, 61, 0, 0, 1, 0, 1]}, 0.25843674310880854], "LCC": [{"max": 1.0, "min": 0, "sm": 0.047619047619047616, "value": [1089, 5, 2, 3, 1, 0, 0, 6, 1, 0, 1, 0, 0, 0, 6, 0, 0, 1, 0, 0, 0, 491]}, 0.3115109051259627]}, "rate-15": {"ANB": [{"max": 0.7133573806137058, "min": 0.0, "sm": 0.03396939907684313, "value": [2388, 8, 1, 2, 1, 4, 0, 2, 0, 0, 0, 0, 1, 1, 0, 0, 0, 0, 0, 0, 0, 1]}, 0.001965019097571449], "ACC": [{"max": 0.3102293223396032, "min": 0.06731521860673152, "sm": 0.011567338272993891, "value": [24, 19, 239, 162, 127, 22, 25, 10, 2, 18, 93, 191, 95, 74, 1191, 1, 114, 0, 0, 1, 0, 1]}, 0.1977643604626837], "LCC": [{"max": 1.0, "min": 0, "sm": 0.047619047619047616, "value": [1232, 11, 8, 10, 11, 3, 3, 17, 8, 3, 9, 5, 6, 0, 49, 2, 9, 12, 8, 4, 6, 993]}, 0.4521967575568698]}, "rate-20": {"ANB": [{"max": 0.3295369250481775, "min": 0.0, "sm": 0.01569223452610369, "value": [3186, 6, 3, 4, 1, 1, 1, 4, 0, 0, 0, 0, 0, 0, 0, 0, 0, 1, 2, 0, 2, 1]}, 0.0012332039051857519], "ACC": [{"max": 0.16110313044140162, "min": 0.04074435883669624, "sm": 0.005731370076414542, "value": [30, 4, 107, 355, 52, 158, 243, 204, 272, 103, 59, 54, 108, 65, 192, 559, 532, 24, 85, 4, 1, 1]}, 0.10292699554181763], "LCC": [{"max": 1.0, "min": 0, "sm": 0.047619047619047616, "value": [2283, 34, 24, 41, 11, 0, 3, 140, 7, 9, 8, 4, 3, 2, 16, 0, 0, 4, 5, 9, 1, 608]}, 0.22222864956189436]}, "rate-25": {"ANB": [{"max": 0.6770418267759214, "min": 0.0, "sm": 0.03224008698932959, "value": [3983, 13, 6, 1, 0, 1, 0, 0, 5, 1, 2, 0, 1, 0, 0, 0, 1, 0, 0, 0, 0, 1]}, 0.0017270598736476826], "ACC": [{"max": 0.21484772252850184, "min": 0.07945368171021377, "sm": 0.006447335277061337, "value": [6, 443, 262, 234, 490, 228, 69, 83, 60, 91, 382, 88, 850, 242, 299, 56, 32, 95, 3, 1, 0, 1]}, 0.13377481358490287], "LCC": [{"max": 1.0, "min": 0, "sm": 0.047619047619047616, "value": [2949, 27, 29, 33, 9, 6, 4, 123, 5, 1, 6, 3, 2, 1, 51, 0, 2, 8, 2, 0, 0, 754]}, 0.21501880869753692]}, "rate-30": {"ANB": [{"max": 0.4249408125149169, "min": 0.0, "sm": 0.020235276786424613, "value": [4802, 9, 3, 1, 0, 1, 0, 0, 0, 0, 0, 0, 0, 1, 0, 0, 0, 0, 0, 0, 0, 1]}, 0.0005407363174316028], "ACC": [{"max": 0.28829558261673244, "min": 0.019930184760699955, "sm": 0.01277930465981107, "value": [318, 707, 91, 1, 1, 4, 37, 159, 230, 604, 469, 1752, 72, 162, 124, 82, 1, 2, 0, 1, 0, 1]}, 0.13123038546777585], "LCC": [{"max": 1.0, "min": 0, "sm": 0.047619047619047616, "value": [3542, 66, 51, 95, 25, 8, 18, 316, 13, 8, 33, 4, 9, 4, 114, 12, 8, 19, 11, 5, 1, 456]}, 0.1575679465421356]}, "rate-35": {"ANB": [{"max": 0.2441955187182119, "min": 0.0, "sm": 0.011628358034200568, "value": [5589, 20, 2, 3, 1, 1, 1, 0, 0, 1, 0, 1, 0, 0, 0, 0, 0, 1, 0, 0, 0, 1]}, 0.0004246216035159087], "ACC": [{"max": 0.18624061489291677, "min": 0.008183210353124101, "sm": 0.008478924025704413, "value": [220, 2, 0, 4, 69, 564, 587, 684, 475, 330, 198, 853, 507, 862, 7, 142, 110, 5, 0, 0, 2, 0]}, 0.08892340040574845], "LCC": [{"max": 1.0, "min": 0, "sm": 0.047619047619047616, "value": [4276, 57, 82, 87, 44, 12, 15, 399, 12, 4, 32, 5, 10, 3, 127, 2, 10, 5, 9, 8, 4, 418]}, 0.1328950955616561]}, "rate-40": {"ANB": [{"max": 0.4683832675372461, "min": 0.0, "sm": 0.02230396512082124, "value": [6395, 10, 3, 6, 0, 1, 0, 0, 1, 0, 0, 1, 1, 1, 1, 0, 1, 0, 1, 0, 1, 1]}, 0.0009491308926449407], "ACC": [{"max": 0.20551591259391083, "min": 0.0034059754096496613, "sm": 0.009624282723060056, "value": [354, 0, 0, 0, 2, 90, 151, 28, 36, 241, 358, 1655, 427, 583, 1898, 172, 86, 337, 2, 1, 2, 1]}, 0.12000786206622341], "LCC": [{"max": 1.0, "min": 0, "sm": 0.047619047619047616, "value": [4937, 47, 33, 62, 20, 10, 20, 167, 25, 32, 48, 19, 35, 10, 134, 19, 31, 48, 26, 41, 85, 575]}, 0.1649867717261179]}}