{"rate-5": {"ANB": [{"max": 0.6417589787386249, "min": 0.0, "sm": 0.030559951368505946, "value": [782, 10, 5, 1, 0, 0, 1, 0, 1, 2, 0, 0, 0, 0, 0, 0, 0, 0, 0, 0, 0, 1]}, 0.004805819013565767], "ACC": [{"max": 0.37634913186297514, "min": 0.1567937438905181, "sm": 0.010455018474878907, "value": [19, 28, 132, 101, 214, 89, 67, 41, 10, 39, 4, 47, 6, 3, 1, 0, 1, 0, 0, 0, 0, 1]}, 0.2098272937589428], "LCC": [{"max": 1.0, "min": 0, "sm": 0.047619047619047616, "value": [434, 23, 39, 44, 14, 2, 6, 235, 0, 0, 0, 0, 0, 0, 1, 0, 0, 0, 0, 0, 0, 5]}, 0.12789129583828926]}, "rate-10": {"ANB": [{"max": 0.42583768828356783, "min": 0.0, "sm": 0.020277985156360374, "value": [1594, 6, 3, 1, 0, 0, 0, 0, 0, 0, 0, 1, 0, 0, 0, 0, 0, 0, 0, 0, 0, 1]}, 0.0011952066428281458], "ACC": [{"max": 0.2996084151726399, "min": 0.025283219042658876, "sm": 0.013063104577618143, "value": [218, 39, 195, 1, 1, 3, 5, 17, 199, 291, 361, 104, 78, 0, 83, 8, 1, 1, 0, 0, 0, 1]}, 0.12912032169653095], "LCC": [{"max": 1.0, "min": 0, "sm": 0.047619047619047616, "value": [946, 29, 31, 24, 15, 7, 7, 47, 8, 2, 18, 7, 13, 2, 39, 8, 10, 24, 18, 15, 12, 324]}, 0.3014226860992257]}, "rate-15": {"ANB": [{"max": 0.30679788553557436, "min": 0.0, "sm": 0.014609423120741635, "value": [2390, 10, 1, 5, 0, 1, 0, 0, 0, 0, 0, 0, 0, 0, 0, 0, 0, 0, 0, 1, 0, 1]}, 0.0007371639301805297], "ACC": [{"max": 0.2733815103467283, "min": 0.061329731377302354, "sm": 0.010097703760448854, "value": [205, 3, 27, 37, 505, 149, 42, 4, 936, 278, 1, 0, 91, 127, 2, 0, 0, 0, 0, 1, 0, 1]}, 0.1325669569295742], "LCC": [{"max": 1.0, "min": 0, "sm": 0.047619047619047616, "value": [1247, 39, 26, 38, 13, 6, 16, 68, 8, 5, 22, 5, 6, 3, 70, 9, 8, 25, 4, 0, 3, 788]}, 0.3919274914817241]}, "rate-20": {"ANB": [{"max": 0.6529433641431864, "min": 0.0, "sm": 0.031092541149675544, "value": [3181, 10, 7, 4, 3, 0, 3, 0, 0, 0, 1, 1, 0, 0, 0, 0, 0, 0, 1, 0, 0, 1]}, 0.0017050650941556483], "ACC": [{"max": 0.2693791946308725, "min": 0.07474916777242359, "sm": 0.009268096517068997, "value": [4, 73, 119, 204, 331, 277, 57, 15, 42, 52, 606, 143, 109, 995, 68, 3, 110, 1, 1, 1, 0, 1]}, 0.16499323066727126], "LCC": [{"max": 1.0, "min": 0, "sm": 0.047619047619047616, "value": [1652, 17, 18, 17, 6, 5, 4, 64, 16, 5, 19, 6, 11, 3, 73, 15, 14, 21, 2, 12, 27, 1205]}, 0.43375881913896847]}, "rate-25": {"ANB": [{"max": 0.6374058309828596, "min": 0.0, "sm": 0.03035265861823141, "value": [3984, 9, 7, 4, 1, 6, 1, 0, 0, 0, 0, 0, 0, 1, 0, 0, 0, 0, 1, 0, 0, 1]}, 0.0013399691998732491], "ACC": [{"max": 0.2745178498153467, "min": 0.06825834098561372, "sm": 0.009821881372844428, "value": [27, 50, 74, 107, 400, 598, 78, 41, 25, 83, 152, 403, 348, 28, 1404, 44, 148, 2, 0, 2, 0, 1]}, 0.1694978168358066], "LCC": [{"max": 1.0, "min": 0, "sm": 0.047619047619047616, "value": [1933, 13, 32, 30, 7, 3, 2, 73, 13, 8, 21, 10, 24, 9, 148, 8, 6, 23, 11, 16, 12, 1613]}, 0.46314617329502533]}, "rate-30": {"ANB": [{"max": 0.5237369157629793, "min": 0.0, "sm": 0.024939853131570443, "value": [4793, 12, 6, 1, 0, 0, 0, 0, 0, 0, 0, 0, 1, 3, 0, 0, 0, 0, 1, 0, 0, 1]}, 0.000858906145261897], "ACC": [{"max": 0.24648315123377004, "min": 0.01445610312897735, "sm": 0.011048907052609176, "value": [372, 83, 1, 0, 0, 0, 0, 1, 377, 740, 334, 77, 84, 689, 352, 1422, 133, 148, 2, 1, 1, 1]}, 0.14442186146361655], "LCC": [{"max": 1.0, "min": 0, "sm": 0.047619047619047616, "value": [2419, 65, 84, 118, 28, 2, 16, 441, 8, 3, 10, 7, 13, 9, 58, 2, 0, 26, 0, 0, 14, 1495]}, 0.3714116723400969]}, "rate-35": {"ANB": [{"max": 0.2747334109864568, "min": 0.0, "sm": 0.013082543380307468, "value": [5601, 8, 2, 2, 0, 3, 0, 1, 0, 0, 2, 0, 0, 1, 0, 0, 0, 0, 0, 0, 0, 1]}, 0.00040771863484578407], "ACC": [{"max": 0.2063132200926728, "min": 0.041177590588696515, "sm": 0.007863601404951251, "value": [207, 115, 68, 328, 34, 265, 419, 1451, 257, 378, 1510, 181, 102, 103, 193, 6, 0, 1, 2, 0, 0, 1]}, 0.1060526939043815], "LCC": [{"max": 1.0, "min": 0, "sm": 0.047619047619047616, "value": [3412, 61, 64, 86, 41, 11, 13, 240, 11, 9, 50, 6, 9, 1, 135, 8, 5, 16, 16, 0, 17, 1410]}, 0.3057766821125385]}, "rate-40": {"ANB": [{"max": 0.5907680906875399, "min": 0.0, "sm": 0.028131813842263802, "value": [6394, 12, 5, 1, 0, 1, 0, 0, 0, 3, 1, 0, 0, 0, 0, 0, 1, 2, 0, 2, 1, 1]}, 0.0011615775696804075], "ACC": [{"max": 0.178828966784531, "min": 0.07494574222305198, "sm": 0.004946820217213287, "value": [23, 142, 142, 212, 68, 418, 499, 2, 2078, 364, 41, 572, 1520, 6, 173, 153, 3, 2, 0, 2, 3, 1]}, 0.12065723630906064], "LCC": [{"max": 1.0, "min": 0, "sm": 0.047619047619047616, "value": [3744, 53, 36, 54, 30, 8, 17, 176, 15, 8, 46, 12, 14, 6, 196, 15, 14, 36, 20, 11, 25, 1888]}, 0.35254062450908513]}}