{"rate-5": {"ANB": [{"max": 3.113315338370678e-05, "min": 0.0, "sm": 1.4825311135098466e-06, "value": [798, 0, 2, 0, 0, 0, 1, 0, 0, 0, 1, 0, 0, 0, 0, 0, 0, 0, 0, 0, 0, 1]}, 7.754210058208414e-08], "ACC": [{"max": 0.006234413965087282, "min": 0.0, "sm": 0.0002968768554803468, "value": [733, 0, 0, 0, 46, 4, 0, 3, 5, 2, 0, 7, 1, 0, 0, 0, 1, 0, 0, 0, 0, 1]}, 0.00015920190825393583], "LCC": [{"max": 1.0, "min": 0, "sm": 0.047619047619047616, "value": [797, 0, 0, 1, 0, 0, 0, 0, 0, 0, 0, 0, 0, 0, 0, 0, 0, 0, 0, 0, 0, 5]}, 0.006434205064342051]}, "rate-10": {"ANB": [{"max": 0.009687618958833447, "min": 0.0, "sm": 0.00046131518851587843, "value": [1603, 2, 0, 0, 0, 0, 0, 0, 0, 0, 0, 0, 0, 0, 0, 0, 0, 0, 0, 0, 0, 1]}, 8.031890494470441e-06], "ACC": [{"max": 0.09915758815830705, "min": 0.0, "sm": 0.004721789912300336, "value": [1392, 20, 28, 1, 0, 0, 0, 5, 0, 0, 158, 0, 1, 0, 0, 0, 0, 0, 0, 0, 0, 1]}, 0.0056963990971533075], "LCC": [{"max": 1.0, "min": 0, "sm": 0.047619047619047616, "value": [1532, 0, 0, 0, 0, 0, 0, 1, 0, 0, 0, 0, 0, 0, 1, 0, 0, 0, 0, 0, 0, 72]}, 0.04547862702044753]}, "rate-15": {"ANB": [{"max": 0.00025051517790718376, "min": 0.0, "sm": 1.192929418605637e-05, "value": [2387, 6, 6, 2, 0, 1, 1, 0, 1, 0, 0, 0, 1, 3, 0, 0, 0, 0, 0, 0, 0, 1]}, 6.798112646603558e-07], "ACC": [{"max": 0.011187302487642815, "min": 0.0, "sm": 0.000532728689887753, "value": [1980, 109, 70, 45, 20, 29, 21, 14, 10, 17, 22, 29, 22, 10, 5, 0, 1, 0, 4, 0, 0, 1]}, 0.0005447028633193254], "LCC": [{"max": 1.0, "min": 0, "sm": 0.047619047619047616, "value": [2353, 1, 1, 0, 2, 2, 0, 9, 0, 0, 0, 0, 2, 0, 0, 0, 0, 0, 0, 0, 0, 39]}, 0.018485823782457566]}, "rate-20": {"ANB": [{"max": 0.0005626556945184209, "min": 0.0, "sm": 2.6793128310400993e-05, "value": [3171, 18, 7, 3, 3, 2, 3, 0, 1, 0, 0, 1, 0, 0, 0, 1, 0, 0, 0, 0, 1, 1]}, 1.7112956044194407e-06], "ACC": [{"max": 0.01413580533229082, "min": 0.0, "sm": 0.0006731335872519438, "value": [2617, 87, 79, 78, 62, 51, 51, 14, 23, 29, 65, 21, 8, 16, 8, 1, 1, 0, 0, 0, 0, 1]}, 0.0007550073544245033], "LCC": [{"max": 1.0, "min": 0, "sm": 0.047619047619047616, "value": [3097, 5, 3, 3, 0, 0, 0, 11, 0, 0, 6, 0, 0, 0, 8, 0, 0, 3, 0, 0, 0, 76]}, 0.028658411153186947]}, "rate-25": {"ANB": [{"max": 0.0029139642615576772, "min": 0.0, "sm": 0.00013876020293131797, "value": [3990, 8, 3, 4, 2, 1, 3, 0, 1, 1, 0, 1, 0, 0, 0, 0, 0, 0, 0, 0, 0, 1]}, 4.6303363948745455e-06], "ACC": [{"max": 0.026363419673793024, "min": 0.0, "sm": 0.0012554009368472869, "value": [3121, 168, 123, 134, 7, 61, 1, 13, 34, 11, 4, 147, 123, 4, 28, 30, 1, 0, 0, 3, 1, 1]}, 0.0020027969665175347], "LCC": [{"max": 1.0, "min": 0, "sm": 0.047619047619047616, "value": [3823, 2, 5, 7, 3, 0, 1, 13, 1, 0, 1, 1, 3, 0, 12, 1, 0, 0, 0, 0, 0, 142]}, 0.04014557282753755]}, "rate-30": {"ANB": [{"max": 0.0016141067615134763, "min": 0.0, "sm": 7.686222673873697e-05, "value": [4787, 16, 7, 1, 2, 0, 1, 1, 1, 0, 0, 0, 0, 0, 0, 1, 0, 0, 0, 0, 0, 1]}, 2.1921568014130847e-06], "ACC": [{"max": 0.03250786919328608, "min": 0.0, "sm": 0.0015479937711088611, "value": [3800, 220, 93, 7, 269, 92, 84, 12, 33, 65, 0, 133, 2, 5, 1, 1, 0, 0, 0, 0, 0, 1]}, 0.0018996100312671557], "LCC": [{"max": 1.0, "min": 0, "sm": 0.047619047619047616, "value": [4559, 5, 11, 4, 3, 1, 4, 29, 1, 4, 6, 4, 3, 0, 12, 3, 1, 0, 0, 0, 0, 168]}, 0.041976301660420844]}, "rate-35": {"ANB": [{"max": 0.0018814849718703508, "min": 0.0, "sm": 8.959452247001671e-05, "value": [5575, 18, 6, 5, 1, 2, 1, 0, 6, 1, 2, 1, 1, 0, 0, 0, 1, 0, 0, 0, 0, 1]}, 3.968230128458907e-06], "ACC": [{"max": 0.021962881990419174, "min": 0.0, "sm": 0.001045851523353294, "value": [3847, 383, 245, 227, 141, 160, 135, 150, 7, 10, 31, 2, 131, 125, 0, 17, 2, 6, 1, 0, 0, 1]}, 0.0018721455292636442], "LCC": [{"max": 1.0, "min": 0, "sm": 0.047619047619047616, "value": [5223, 7, 10, 16, 4, 2, 4, 30, 7, 2, 12, 5, 2, 0, 17, 0, 0, 5, 0, 0, 0, 275]}, 0.05716217306137196]}, "rate-40": {"ANB": [{"max": 0.015311754563910752, "min": 0.0, "sm": 0.0007291311697100358, "value": [6409, 9, 4, 0, 0, 1, 0, 0, 0, 0, 0, 0, 0, 0, 0, 0, 0, 0, 0, 0, 0, 1]}, 1.0239579885721764e-05], "ACC": [{"max": 0.10767821957046166, "min": 0.0, "sm": 0.005127534265260079, "value": [4478, 452, 427, 249, 14, 1, 0, 128, 0, 0, 0, 674, 0, 0, 0, 0, 0, 0, 0, 0, 0, 1]}, 0.009340535578893062], "LCC": [{"max": 1.0, "min": 0, "sm": 0.047619047619047616, "value": [5792, 25, 19, 22, 5, 6, 3, 63, 2, 0, 11, 1, 4, 0, 28, 5, 2, 5, 1, 0, 8, 422]}, 0.07786728158742134]}}