{"rate-5": {"ANB": [{"max": 0.00012453261353482712, "min": 0.0, "sm": 5.930124454039386e-06, "value": [793, 2, 2, 1, 0, 0, 0, 0, 0, 0, 0, 0, 1, 0, 2, 0, 0, 1, 0, 0, 0, 1]}, 6.901246951805486e-07], "ACC": [{"max": 0.00997506234413965, "min": 0.0, "sm": 0.0004750029687685548, "value": [726, 0, 28, 4, 6, 2, 4, 3, 0, 2, 7, 16, 0, 1, 0, 2, 0, 0, 0, 0, 0, 2]}, 0.00031594740392096304], "LCC": [{"max": 0, "min": 0, "sm": 0.0, "value": [803, 0, 0, 0, 0, 0, 0, 0, 0, 0, 0, 0, 0, 0, 0, 0, 0, 0, 0, 0, 0, 0]}, 0.0]}, "rate-10": {"ANB": [{"max": 0.00029365837742093367, "min": 0.0, "sm": 1.3983732258139698e-05, "value": [1598, 2, 2, 1, 0, 0, 1, 0, 0, 1, 0, 0, 0, 0, 0, 0, 0, 0, 0, 0, 0, 1]}, 4.6583416924687063e-07], "ACC": [{"max": 0.017445482866043614, "min": 0.0, "sm": 0.0008307372793354102, "value": [1387, 82, 41, 16, 12, 4, 31, 1, 1, 0, 28, 1, 1, 0, 0, 0, 0, 0, 0, 0, 0, 1]}, 0.0004920078840567973], "LCC": [{"max": 1.0, "min": 0, "sm": 0.047619047619047616, "value": [1585, 0, 0, 0, 1, 0, 0, 1, 0, 0, 0, 0, 0, 0, 2, 0, 0, 0, 0, 0, 0, 17]}, 0.011747613117476132]}, "rate-15": {"ANB": [{"max": 0.0011645850212627345, "min": 0.0, "sm": 5.5456429583939736e-05, "value": [2384, 11, 4, 0, 1, 1, 1, 1, 0, 0, 0, 2, 1, 0, 0, 1, 1, 0, 0, 0, 0, 1]}, 3.367400552233522e-06], "ACC": [{"max": 0.015518957560401773, "min": 0.0, "sm": 0.0007389979790667511, "value": [2029, 54, 39, 21, 25, 15, 39, 44, 28, 20, 12, 5, 3, 62, 2, 7, 0, 1, 2, 0, 0, 1]}, 0.0008621191942509869], "LCC": [{"max": 1.0, "min": 0, "sm": 0.047619047619047616, "value": [2354, 1, 0, 2, 1, 0, 0, 5, 0, 0, 1, 0, 0, 0, 0, 1, 0, 0, 0, 0, 0, 44]}, 0.019769969219232752]}, "rate-20": {"ANB": [{"max": 0.00047073387721917743, "min": 0.0, "sm": 2.2415898915198924e-05, "value": [3187, 10, 2, 1, 4, 1, 2, 1, 1, 1, 0, 0, 1, 0, 0, 0, 0, 0, 0, 0, 0, 1]}, 9.286835401983927e-07], "ACC": [{"max": 0.01318903768296481, "min": 0.0, "sm": 0.0006280494134745148, "value": [2648, 139, 122, 39, 41, 21, 16, 43, 18, 42, 27, 37, 3, 10, 1, 2, 0, 1, 1, 0, 0, 1]}, 0.000610345259019425], "LCC": [{"max": 1.0, "min": 0, "sm": 0.047619047619047616, "value": [3122, 2, 4, 5, 0, 0, 0, 6, 0, 0, 3, 0, 0, 0, 3, 0, 0, 0, 0, 0, 0, 67]}, 0.02302828785504048]}, "rate-25": {"ANB": [{"max": 0.0002082792459136605, "min": 0.0, "sm": 9.918059329221929e-06, "value": [3964, 21, 10, 6, 2, 1, 2, 1, 1, 1, 0, 1, 2, 1, 0, 1, 0, 0, 0, 0, 0, 1]}, 6.39357017631709e-07], "ACC": [{"max": 0.008221225710014948, "min": 0.0, "sm": 0.0003914869385721404, "value": [2997, 207, 171, 120, 97, 54, 47, 116, 51, 15, 79, 32, 10, 7, 5, 0, 3, 3, 0, 0, 0, 1]}, 0.0005239639154089751], "LCC": [{"max": 1.0, "min": 0, "sm": 0.047619047619047616, "value": [3862, 7, 5, 7, 1, 0, 1, 12, 1, 0, 2, 1, 0, 0, 5, 0, 0, 0, 0, 0, 0, 111]}, 0.03065846567392242]}, "rate-30": {"ANB": [{"max": 0.0011797227013684232, "min": 0.0, "sm": 5.617727149373444e-05, "value": [4754, 28, 12, 8, 3, 1, 3, 3, 0, 1, 0, 1, 0, 0, 0, 0, 0, 1, 0, 0, 2, 1]}, 3.484940611620354e-06], "ACC": [{"max": 0.034253684866099234, "min": 0.0, "sm": 0.0016311278507666301, "value": [3215, 220, 293, 363, 213, 140, 7, 36, 2, 0, 327, 0, 0, 0, 0, 0, 0, 0, 0, 0, 1, 1]}, 0.002711758159741518], "LCC": [{"max": 1.0, "min": 0, "sm": 0.047619047619047616, "value": [4557, 9, 10, 7, 2, 1, 3, 22, 3, 0, 8, 0, 1, 0, 11, 0, 0, 0, 0, 0, 0, 184]}, 0.04343615313894126]}, "rate-35": {"ANB": [{"max": 0.0025986881063803017, "min": 0.0, "sm": 0.00012374705268477628, "value": [5575, 22, 6, 4, 7, 2, 0, 0, 0, 1, 0, 1, 0, 0, 1, 0, 1, 0, 0, 0, 0, 1]}, 5.117610590097671e-06], "ACC": [{"max": 0.03979331490250287, "min": 0.0, "sm": 0.0018949197572620414, "value": [3718, 248, 178, 231, 454, 191, 47, 8, 1, 3, 245, 119, 169, 1, 1, 3, 1, 0, 0, 1, 1, 1]}, 0.0038925631796719496], "LCC": [{"max": 1.0, "min": 0, "sm": 0.047619047619047616, "value": [5265, 10, 9, 7, 7, 4, 0, 36, 4, 1, 17, 1, 2, 0, 19, 1, 3, 3, 1, 2, 6, 223]}, 0.049756948425154456]}, "rate-40": {"ANB": [{"max": 0.015456325456571284, "min": 0.0, "sm": 0.0007360154979319659, "value": [6393, 20, 1, 3, 1, 0, 1, 0, 0, 0, 0, 1, 0, 1, 0, 1, 1, 0, 0, 0, 0, 1]}, 1.9889448236176155e-05], "ACC": [{"max": 0.042287328798448195, "min": 0.0, "sm": 0.0020136823237356283, "value": [4151, 337, 233, 440, 42, 11, 45, 2, 231, 33, 96, 260, 95, 305, 29, 62, 38, 7, 4, 2, 0, 1]}, 0.005463096727297374], "LCC": [{"max": 1.0, "min": 0, "sm": 0.047619047619047616, "value": [5888, 16, 20, 18, 6, 0, 3, 50, 4, 2, 7, 1, 2, 1, 22, 2, 2, 13, 0, 0, 0, 367]}, 0.06688014252141969]}}