{"rate_5": {"ANB": [{"max": 0.6922319510554781, "min": 0.0, "sm": 0.03296342624073705, "value": [691, 7, 6, 3, 1, 1, 0, 3, 0, 0, 0, 2, 0, 1, 0, 0, 0, 0, 0, 0, 0, 1]}, 0.006963241600113102], "ACC": [{"max": 0.29448105436573313, "min": 0.0799239883746926, "sm": 0.0102170031424305, "value": [4, 5, 13, 24, 157, 11, 25, 17, 24, 61, 8, 70, 12, 221, 19, 26, 16, 1, 1, 0, 0, 1]}, 0.17876676064947217], "LCC": [{"max": 1.0, "min": 0, "sm": 0.047619047619047616, "value": [461, 2, 8, 2, 4, 2, 2, 11, 2, 1, 5, 0, 0, 0, 9, 0, 0, 1, 0, 2, 0, 204]}, 0.3124782455685721]}, "rate_10": {"ANB": [{"max": 0.5336659060954352, "min": 0.0, "sm": 0.025412662195020724, "value": [1692, 14, 3, 1, 2, 0, 1, 0, 1, 0, 0, 0, 0, 0, 0, 1, 1, 0, 2, 1, 3, 1]}, 0.004094056845867989], "ACC": [{"max": 0.19114219114219114, "min": 0.06263640331732867, "sm": 0.006119323229755356, "value": [4, 1, 5, 53, 63, 23, 19, 123, 4, 516, 2, 606, 40, 0, 56, 191, 8, 1, 3, 3, 1, 1]}, 0.12727124733366346], "LCC": [{"max": 1.0, "min": 0, "sm": 0.047619047619047616, "value": [1254, 38, 7, 16, 9, 1, 4, 34, 2, 4, 10, 2, 1, 0, 22, 0, 0, 1, 0, 2, 0, 316]}, 0.2113517134852429]}, "rate_15": {"ANB": [{"max": 0.5584509093124145, "min": 0.0, "sm": 0.02659290044344831, "value": [2388, 11, 6, 1, 1, 0, 2, 1, 0, 0, 0, 0, 0, 0, 2, 0, 0, 1, 3, 2, 0, 1]}, 0.003024448621354355], "ACC": [{"max": 0.18528735632183907, "min": 0.058817805886645584, "sm": 0.0060223595445330225, "value": [3, 4, 13, 15, 124, 43, 55, 71, 164, 298, 457, 560, 303, 3, 31, 229, 37, 0, 3, 3, 2, 1]}, 0.1231150148640269], "LCC": [{"max": 1.0, "min": 0, "sm": 0.047619047619047616, "value": [1778, 28, 23, 20, 7, 2, 7, 54, 3, 3, 10, 0, 3, 0, 28, 0, 0, 1, 0, 2, 0, 450]}, 0.21164049232869286]}, "rate_20": {"ANB": [{"max": 0.5652898249431461, "min": 0.0, "sm": 0.026918563092530764, "value": [3114, 12, 4, 1, 1, 0, 3, 0, 0, 0, 0, 0, 0, 1, 1, 0, 0, 2, 2, 2, 0, 1]}, 0.002359074771124065], "ACC": [{"max": 0.18259455063033753, "min": 0.0589139440289415, "sm": 0.005889552695304573, "value": [9, 5, 4, 25, 183, 55, 70, 54, 260, 258, 736, 760, 368, 5, 41, 224, 77, 1, 3, 3, 2, 1]}, 0.12155031703098738], "LCC": [{"max": 1.0, "min": 0, "sm": 0.047619047619047616, "value": [2289, 42, 22, 22, 7, 6, 10, 70, 4, 4, 11, 1, 4, 0, 40, 3, 0, 0, 3, 0, 1, 605]}, 0.21911900582217841]}, "rate_25": {"ANB": [{"max": 0.5628491109750585, "min": 0.0, "sm": 0.02680233861785993, "value": [3920, 11, 5, 3, 0, 0, 3, 0, 0, 0, 0, 0, 1, 0, 1, 0, 1, 1, 2, 1, 1, 1]}, 0.0019054724600141724], "ACC": [{"max": 0.18210317643262183, "min": 0.05864014251781473, "sm": 0.005879192091181291, "value": [10, 6, 4, 35, 202, 86, 91, 33, 483, 421, 819, 1162, 214, 9, 130, 157, 79, 1, 3, 3, 2, 1]}, 0.119812805428268], "LCC": [{"max": 1.0, "min": 0, "sm": 0.047619047619047616, "value": [2906, 32, 29, 31, 10, 3, 10, 73, 11, 3, 18, 4, 4, 0, 56, 3, 0, 1, 3, 2, 1, 751]}, 0.21732335995008895]}, "rate_30": {"ANB": [{"max": 0.5949713946907302, "min": 0.0, "sm": 0.02833197117574906, "value": [5370, 12, 4, 1, 0, 3, 0, 0, 0, 1, 2, 3, 0, 0, 0, 1, 0, 3, 2, 0, 1, 1]}, 0.0017198297412572715], "ACC": [{"max": 0.14841775629051754, "min": 0.05665719408995103, "sm": 0.004369550580979357, "value": [12, 7, 39, 273, 296, 409, 323, 56, 589, 163, 1345, 536, 166, 921, 42, 107, 109, 4, 1, 2, 3, 1]}, 0.09951814745180002], "LCC": [{"max": 1.0, "min": 0, "sm": 0.047619047619047616, "value": [4019, 64, 62, 67, 20, 7, 13, 185, 8, 4, 25, 2, 4, 1, 60, 3, 2, 3, 0, 4, 1, 850]}, 0.18841784378164003]}, "rate_35": {"ANB": [{"max": 0.5943090519912446, "min": 0.0, "sm": 0.028300431047202125, "value": [5538, 14, 3, 1, 1, 2, 0, 0, 0, 1, 3, 2, 0, 0, 0, 1, 0, 3, 2, 0, 1, 1]}, 0.0016693039266685904], "ACC": [{"max": 0.14865802251747506, "min": 0.05676157489940407, "sm": 0.004376021315146238, "value": [8, 20, 41, 275, 344, 372, 348, 99, 567, 175, 1402, 544, 162, 936, 79, 73, 118, 3, 1, 2, 3, 1]}, 0.0994519412002691], "LCC": [{"max": 1.0, "min": 0, "sm": 0.047619047619047616, "value": [4129, 72, 61, 71, 20, 5, 16, 179, 13, 4, 20, 3, 6, 0, 65, 4, 2, 5, 0, 4, 1, 893]}, 0.19141683289752368]}, "rate_40": {"ANB": [{"max": 0.5794233787420664, "min": 0.0, "sm": 0.027591589463907922, "value": [6396, 11, 3, 3, 2, 0, 0, 0, 1, 0, 0, 0, 1, 0, 3, 1, 0, 3, 1, 3, 0, 1]}, 0.0015498012878006353], "ACC": [{"max": 0.13682126817223983, "min": 0.055896138227288936, "sm": 0.003853577616426233, "value": [34, 38, 9, 16, 83, 664, 1073, 105, 979, 62, 1652, 281, 198, 918, 51, 128, 125, 5, 1, 2, 4, 1]}, 0.09287678476084572], "LCC": [{"max": 1.0, "min": 0, "sm": 0.047619047619047616, "value": [3614, 133, 143, 186, 61, 11, 25, 625, 27, 21, 48, 18, 27, 11, 215, 36, 21, 58, 39, 24, 37, 1049]}, 0.2711168619331061]}}