{"rate-5": {"ANB": [{"max": 0.5792110496451816, "min": 0.0, "sm": 0.027581478554532454, "value": [788, 5, 2, 0, 0, 1, 0, 2, 1, 1, 0, 1, 1, 0, 0, 0, 0, 0, 0, 0, 0, 1]}, 0.004839704911520168], "ACC": [{"max": 0.36109860423232776, "min": 0.14406322974672175, "sm": 0.010335017832647906, "value": [2, 0, 35, 64, 62, 299, 183, 13, 29, 4, 49, 40, 17, 2, 1, 1, 0, 0, 1, 0, 0, 1]}, 0.20798161470919535], "LCC": [{"max": 1.0, "min": 0, "sm": 0.047619047619047616, "value": [493, 23, 33, 45, 21, 0, 3, 173, 0, 0, 0, 0, 0, 0, 0, 0, 0, 0, 0, 0, 0, 12]}, 0.1090026842597942]}, "rate-10": {"ANB": [{"max": 0.7393961469497714, "min": 0.0, "sm": 0.035209340330941495, "value": [1590, 10, 1, 1, 2, 0, 0, 0, 0, 0, 0, 1, 0, 0, 0, 0, 0, 0, 0, 0, 0, 1]}, 0.002107004711155583], "ACC": [{"max": 0.42426645519429024, "min": 0.13107390771743568, "sm": 0.013961549879850215, "value": [1, 2, 5, 195, 35, 186, 87, 754, 145, 34, 14, 8, 131, 3, 3, 1, 1, 0, 0, 0, 0, 1]}, 0.23258030818154074], "LCC": [{"max": 1.0, "min": 0, "sm": 0.047619047619047616, "value": [1001, 27, 20, 29, 17, 8, 3, 93, 9, 3, 20, 3, 4, 4, 77, 0, 8, 10, 10, 3, 1, 256]}, 0.2510663349750616]}, "rate-15": {"ANB": [{"max": 0.6077251579225355, "min": 0.0, "sm": 0.02893929323440645, "value": [2393, 10, 1, 0, 1, 0, 0, 0, 1, 1, 0, 1, 0, 0, 0, 0, 0, 0, 0, 0, 0, 1]}, 0.0014459228934755805], "ACC": [{"max": 0.3294931199364456, "min": 0.011290569895221057, "sm": 0.015152502382915455, "value": [123, 66, 0, 0, 0, 0, 0, 188, 107, 241, 37, 292, 1086, 38, 57, 168, 2, 1, 2, 0, 0, 1]}, 0.17369184314492858], "LCC": [{"max": 1.0, "min": 0, "sm": 0.047619047619047616, "value": [1572, 32, 22, 34, 23, 9, 9, 102, 17, 7, 30, 7, 11, 1, 84, 9, 15, 12, 13, 1, 9, 390]}, 0.24359706656729113]}, "rate-20": {"ANB": [{"max": 0.588209844391456, "min": 0.0, "sm": 0.02800999259006933, "value": [3192, 13, 1, 0, 1, 0, 0, 0, 0, 0, 1, 1, 0, 2, 0, 0, 0, 0, 0, 0, 0, 1]}, 0.0013155830827835846], "ACC": [{"max": 0.2995472681378761, "min": 0.0071312555398509924, "sm": 0.013924572028477385, "value": [123, 0, 0, 0, 0, 0, 0, 33, 36, 490, 330, 222, 1372, 169, 105, 270, 56, 1, 2, 2, 0, 1]}, 0.17050695178824093], "LCC": [{"max": 1.0, "min": 0, "sm": 0.047619047619047616, "value": [2293, 37, 18, 49, 24, 10, 13, 110, 14, 11, 28, 8, 12, 1, 106, 13, 5, 22, 11, 0, 22, 405]}, 0.19860507141162118]}, "rate-25": {"ANB": [{"max": 0.6749766943284974, "min": 0.0, "sm": 0.03214174734897607, "value": [4001, 9, 0, 1, 1, 0, 0, 0, 1, 0, 0, 0, 0, 1, 0, 0, 0, 0, 0, 0, 0, 1]}, 0.000977452688530436], "ACC": [{"max": 0.3734648306661705, "min": 0.12682464454976303, "sm": 0.011744770767447973, "value": [150, 133, 5, 339, 128, 13, 1096, 1565, 97, 0, 183, 95, 202, 3, 1, 1, 1, 1, 1, 0, 0, 1]}, 0.20810668170872657], "LCC": [{"max": 1.0, "min": 0, "sm": 0.047619047619047616, "value": [2785, 49, 29, 56, 36, 8, 9, 158, 18, 8, 51, 8, 18, 11, 136, 9, 13, 19, 9, 5, 16, 564]}, 0.21343842534297508]}, "rate-30": {"ANB": [{"max": 0.6350993059544072, "min": 0.0, "sm": 0.03024282409306701, "value": [4805, 6, 1, 1, 0, 1, 0, 2, 0, 0, 0, 0, 0, 1, 0, 0, 0, 0, 0, 0, 0, 1]}, 0.0008181600144974908], "ACC": [{"max": 0.3519253077444789, "min": 0.0068190956286324845, "sm": 0.016433629148373638, "value": [95, 0, 0, 0, 0, 0, 1, 272, 168, 511, 168, 1158, 1911, 103, 206, 218, 2, 1, 2, 1, 0, 1]}, 0.19342085409448145], "LCC": [{"max": 1.0, "min": 0, "sm": 0.047619047619047616, "value": [3403, 49, 40, 49, 29, 12, 12, 160, 21, 10, 55, 7, 20, 7, 180, 13, 13, 21, 18, 4, 18, 677]}, 0.21094289322424095]}, "rate-35": {"ANB": [{"max": 0.44027553409615955, "min": 0.0, "sm": 0.020965501623626644, "value": [5609, 6, 0, 0, 0, 0, 2, 0, 0, 1, 1, 1, 0, 0, 0, 0, 0, 0, 0, 0, 0, 1]}, 0.0005312392213082489], "ACC": [{"max": 0.27151434199450286, "min": 0.021616551753920733, "sm": 0.011899894773361053, "value": [165, 844, 13, 2, 1, 28, 19, 596, 92, 467, 97, 1223, 1489, 169, 203, 206, 2, 1, 1, 2, 0, 1]}, 0.13340570245014513], "LCC": [{"max": 1.0, "min": 0, "sm": 0.047619047619047616, "value": [3779, 52, 38, 56, 30, 10, 14, 144, 23, 10, 55, 8, 19, 7, 170, 18, 20, 24, 23, 6, 17, 1098]}, 0.2569598324787752]}, "rate-40": {"ANB": [{"max": 0.2389149323349646, "min": 0.0, "sm": 0.01137690153976022, "value": [6399, 11, 6, 1, 0, 1, 1, 0, 1, 1, 0, 1, 0, 0, 0, 1, 0, 0, 0, 0, 0, 1]}, 0.000309479694395068], "ACC": [{"max": 0.20666587411503906, "min": 0.04953154941447904, "sm": 0.007482586890502858, "value": [11, 196, 67, 274, 410, 45, 423, 550, 58, 1701, 2066, 55, 253, 120, 186, 2, 1, 2, 2, 1, 0, 1]}, 0.11615367211462294], "LCC": [{"max": 1.0, "min": 0, "sm": 0.047619047619047616, "value": [3832, 50, 44, 58, 25, 8, 14, 155, 19, 11, 48, 11, 17, 15, 171, 9, 8, 41, 15, 3, 12, 1858]}, 0.3413167049261549]}}