{"rate-5": {"ANB": [{"max": 0.5946934176472035, "min": 0.0, "sm": 0.028318734173676356, "value": [765, 23, 7, 4, 1, 1, 1, 0, 0, 0, 0, 0, 0, 0, 0, 0, 0, 0, 0, 0, 0, 1]}, 0.005362044009461172], "ACC": [{"max": 0.33250414593698174, "min": 0.08960893854748603, "sm": 0.011566438447118844, "value": [3, 1, 5, 15, 41, 48, 69, 91, 81, 143, 130, 93, 16, 14, 34, 12, 5, 1, 0, 0, 0, 1]}, 0.1946327998103781], "LCC": [{"max": 1.0, "min": 0, "sm": 0.047619047619047616, "value": [680, 4, 5, 7, 5, 3, 1, 23, 2, 3, 11, 2, 1, 0, 7, 0, 3, 0, 0, 0, 0, 46]}, 0.09276875739966933]}, "rate-10": {"ANB": [{"max": 0.3822669183738475, "min": 0.0, "sm": 0.018203186589230834, "value": [1567, 26, 6, 2, 0, 0, 2, 0, 0, 0, 0, 0, 0, 0, 0, 0, 0, 1, 0, 0, 1, 1]}, 0.002115856527835791], "ACC": [{"max": 0.19630652517403013, "min": 0.031281204356915795, "sm": 0.007858348610338779, "value": [55, 35, 56, 230, 4, 2, 7, 32, 228, 69, 356, 43, 326, 69, 1, 68, 18, 4, 0, 0, 2, 1]}, 0.10339323109346682], "LCC": [{"max": 1.0, "min": 0, "sm": 0.047619047619047616, "value": [1287, 9, 14, 6, 1, 3, 3, 30, 2, 0, 10, 4, 5, 1, 50, 18, 10, 0, 1, 0, 0, 152]}, 0.14613682418334267]}, "rate-15": {"ANB": [{"max": 0.21453990011605256, "min": 0.0, "sm": 0.010216185719812027, "value": [2325, 41, 14, 6, 4, 7, 3, 2, 0, 2, 0, 0, 1, 0, 0, 0, 1, 0, 1, 1, 0, 1]}, 0.0016842524616256674], "ACC": [{"max": 0.10693030588177785, "min": 0.026572229578000976, "sm": 0.0038265750620846127, "value": [32, 46, 51, 69, 174, 93, 465, 185, 186, 51, 309, 76, 298, 206, 31, 14, 73, 22, 1, 24, 2, 1]}, 0.06055262463290214], "LCC": [{"max": 1.0, "min": 0, "sm": 0.047619047619047616, "value": [2104, 26, 23, 25, 9, 2, 8, 59, 2, 3, 10, 0, 2, 1, 18, 4, 6, 7, 13, 6, 0, 81]}, 0.06884629434171849]}, "rate-20": {"ANB": [{"max": 0.6722203462795363, "min": 0.0, "sm": 0.03201049267997792, "value": [3202, 5, 2, 0, 0, 0, 0, 1, 0, 0, 0, 0, 0, 0, 1, 0, 0, 0, 0, 0, 1, 0]}, 0.0011672846511030278], "ACC": [{"max": 0.37079734701610134, "min": 0.002265992553150748, "sm": 0.017549112117283362, "value": [57, 0, 0, 0, 0, 1, 8, 68, 92, 430, 127, 942, 1064, 139, 110, 167, 3, 1, 1, 1, 0, 1]}, 0.20216569873651916], "LCC": [{"max": 1.0, "min": 0, "sm": 0.047619047619047616, "value": [2430, 31, 24, 35, 16, 5, 9, 128, 19, 13, 27, 1, 17, 4, 85, 13, 7, 13, 5, 1, 0, 329]}, 0.16176729982155555]}, "rate-25": {"ANB": [{"max": 0.6672632127222239, "min": 0.0, "sm": 0.03177443870105828, "value": [3999, 10, 2, 0, 1, 0, 0, 0, 1, 0, 0, 0, 0, 0, 1, 0, 0, 0, 0, 0, 0, 1]}, 0.0010038437690860994], "ACC": [{"max": 0.3653408573769, "min": 0.11237716621405974, "sm": 0.012045890055373345, "value": [7, 122, 120, 32, 342, 357, 63, 989, 1423, 71, 98, 182, 96, 106, 2, 0, 1, 2, 1, 0, 0, 1]}, 0.20372544447132973], "LCC": [{"max": 1.0, "min": 0, "sm": 0.047619047619047616, "value": [3005, 42, 31, 44, 22, 7, 5, 139, 12, 5, 39, 4, 14, 10, 96, 14, 11, 17, 9, 27, 46, 416]}, 0.1753845799134891]}, "rate-30": {"ANB": [{"max": 0.6382353820007878, "min": 0.0, "sm": 0.03039216104765656, "value": [4802, 10, 1, 1, 0, 1, 0, 1, 0, 0, 0, 0, 1, 0, 0, 0, 0, 0, 0, 0, 0, 1]}, 0.0007911163936529767], "ACC": [{"max": 0.34456599380208397, "min": 0.006948774182296578, "sm": 0.016077010458085114, "value": [201, 1, 0, 0, 0, 11, 84, 163, 131, 557, 155, 1072, 1956, 132, 134, 214, 2, 1, 2, 1, 0, 1]}, 0.18425694054850159], "LCC": [{"max": 1.0, "min": 0, "sm": 0.047619047619047616, "value": [3563, 47, 26, 54, 20, 8, 10, 166, 23, 9, 38, 8, 16, 5, 160, 8, 16, 26, 26, 35, 11, 543]}, 0.1842152710622947]}, "rate-35": {"ANB": [{"max": 0.17141346115802183, "min": 0.0, "sm": 0.00816254576942961, "value": [5581, 21, 2, 3, 4, 0, 0, 0, 0, 0, 0, 1, 0, 1, 3, 2, 0, 1, 0, 0, 1, 1]}, 0.00043022589521236985], "ACC": [{"max": 0.15871720380579576, "min": 0.04411673417478511, "sm": 0.005457165220524317, "value": [5, 22, 306, 687, 113, 420, 311, 170, 465, 818, 442, 40, 1525, 118, 169, 5, 1, 1, 2, 0, 0, 1]}, 0.09247356105664764], "LCC": [{"max": 1.0, "min": 0, "sm": 0.047619047619047616, "value": [3690, 47, 30, 25, 16, 13, 6, 91, 15, 6, 32, 5, 9, 1, 85, 7, 9, 14, 9, 6, 34, 1471]}, 0.29937838367744757]}, "rate-40": {"ANB": [{"max": 0.5017185446146695, "min": 0.0, "sm": 0.023891359267365214, "value": [6394, 10, 4, 4, 1, 1, 0, 1, 0, 0, 1, 0, 0, 0, 0, 1, 2, 3, 0, 0, 1, 1]}, 0.001073857708978124], "ACC": [{"max": 0.15660309655021953, "min": 0.008376177048915644, "sm": 0.0070584247381573284, "value": [346, 194, 0, 0, 0, 6, 41, 27, 89, 107, 465, 455, 1011, 1175, 1936, 151, 269, 67, 80, 1, 3, 1]}, 0.09444451884126484], "LCC": [{"max": 1.0, "min": 0, "sm": 0.047619047619047616, "value": [4550, 42, 39, 46, 22, 14, 18, 156, 25, 17, 37, 7, 27, 9, 126, 19, 24, 32, 24, 6, 36, 1148]}, 0.23310377509116192]}}