{"rate-5": {"ANB": [{"max": 0.2869231335824014, "min": 0.0, "sm": 0.013663006361066734, "value": [786, 4, 2, 7, 0, 0, 1, 0, 0, 0, 1, 0, 0, 0, 0, 0, 1, 0, 0, 0, 0, 1]}, 0.0017502531546035977], "ACC": [{"max": 0.3599821287731311, "min": 0.05331077247002255, "sm": 0.014603397919195647, "value": [160, 63, 13, 4, 0, 2, 0, 80, 0, 11, 116, 14, 300, 20, 4, 2, 10, 1, 1, 0, 1, 1]}, 0.1753991587373815], "LCC": [{"max": 1.0, "min": 0, "sm": 0.047619047619047616, "value": [514, 9, 11, 11, 5, 2, 0, 61, 2, 4, 3, 0, 3, 3, 7, 2, 8, 13, 2, 1, 0, 142]}, 0.2508685144277762]}, "rate-10": {"ANB": [{"max": 0.6785051819813491, "min": 0.0, "sm": 0.032309770570540436, "value": [1589, 12, 3, 0, 0, 0, 0, 0, 0, 0, 0, 0, 0, 0, 0, 0, 0, 0, 0, 0, 1, 1]}, 0.0022201724228822885], "ACC": [{"max": 0.39146341463414636, "min": 0.13544303797468354, "sm": 0.012191446507593467, "value": [19, 15, 4, 121, 125, 4, 337, 715, 23, 32, 0, 69, 136, 3, 0, 0, 1, 0, 0, 0, 1, 1]}, 0.2232613788585414], "LCC": [{"max": 1.0, "min": 0, "sm": 0.047619047619047616, "value": [1033, 33, 24, 20, 11, 10, 5, 79, 6, 2, 17, 4, 3, 2, 48, 2, 3, 15, 10, 0, 3, 276]}, 0.24627107046522098]}, "rate-15": {"ANB": [{"max": 0.19630369053255098, "min": 0.0, "sm": 0.009347794787264333, "value": [2377, 15, 4, 1, 2, 5, 1, 1, 0, 0, 0, 0, 1, 0, 1, 0, 0, 0, 0, 0, 1, 0]}, 0.0008310659765552751], "ACC": [{"max": 0.20762842634800452, "min": 0.060114674079902876, "sm": 0.007024464393719126, "value": [73, 78, 22, 99, 312, 414, 529, 198, 400, 107, 32, 4, 64, 65, 8, 2, 0, 0, 1, 0, 0, 1]}, 0.1065448621830982], "LCC": [{"max": 1.0, "min": 0, "sm": 0.047619047619047616, "value": [1341, 69, 61, 94, 44, 7, 10, 476, 12, 5, 19, 6, 12, 3, 35, 2, 6, 18, 7, 0, 3, 179]}, 0.1917521532780172]}, "rate-20": {"ANB": [{"max": 0.5534798150744116, "min": 0.0, "sm": 0.026356181670210074, "value": [3196, 10, 3, 0, 0, 0, 0, 0, 0, 1, 0, 1, 0, 0, 0, 0, 0, 0, 0, 0, 0, 1]}, 0.0008865047672045087], "ACC": [{"max": 0.35011508124578244, "min": 0.023719002778426358, "sm": 0.015542670403207432, "value": [16, 6, 357, 0, 0, 8, 21, 32, 385, 39, 703, 1283, 24, 151, 175, 7, 1, 1, 2, 0, 0, 1]}, 0.1769988136266533], "LCC": [{"max": 1.0, "min": 0, "sm": 0.047619047619047616, "value": [2176, 34, 34, 45, 24, 7, 14, 119, 22, 5, 42, 4, 17, 6, 123, 11, 9, 22, 17, 2, 16, 463]}, 0.22559700491306905]}, "rate-25": {"ANB": [{"max": 0.40945113491209806, "min": 0.0, "sm": 0.019497673091052287, "value": [3999, 9, 1, 1, 0, 2, 0, 0, 1, 1, 0, 0, 0, 0, 0, 0, 0, 0, 0, 0, 0, 1]}, 0.0006057997576746633], "ACC": [{"max": 0.2694520837979087, "min": 0.06570561438769804, "sm": 0.00970221282905765, "value": [23, 173, 89, 219, 774, 197, 163, 168, 335, 1365, 84, 194, 29, 176, 19, 2, 2, 2, 0, 0, 0, 1]}, 0.13990477095356135], "LCC": [{"max": 1.0, "min": 0, "sm": 0.047619047619047616, "value": [2164, 28, 32, 46, 28, 8, 11, 136, 17, 7, 43, 10, 22, 7, 166, 12, 13, 30, 13, 1, 19, 1202]}, 0.376960302839711]}, "rate-30": {"ANB": [{"max": 0.2252985936276729, "min": 0.0, "sm": 0.010728504458460615, "value": [4802, 10, 1, 1, 1, 0, 0, 0, 0, 0, 0, 0, 0, 1, 0, 0, 0, 0, 0, 0, 1, 1]}, 0.00030723035521617], "ACC": [{"max": 0.3335529624878051, "min": 0.06794723668643318, "sm": 0.012647891704827233, "value": [4, 26, 127, 502, 1685, 476, 156, 279, 4, 1546, 8, 1, 3, 0, 0, 0, 0, 0, 0, 0, 0, 1]}, 0.14751241558602854], "LCC": [{"max": 1.0, "min": 0, "sm": 0.047619047619047616, "value": [2504, 51, 31, 58, 25, 8, 11, 118, 14, 4, 38, 6, 11, 3, 131, 4, 9, 25, 16, 3, 19, 1729]}, 0.41285606411515563]}, "rate-35": {"ANB": [{"max": 0.2404579663767212, "min": 0.0, "sm": 0.011450379351272438, "value": [5600, 13, 4, 1, 1, 0, 0, 0, 1, 0, 0, 0, 0, 0, 0, 0, 0, 0, 0, 0, 0, 1]}, 0.0002505039731078124], "ACC": [{"max": 0.24225525472870016, "min": 0.010508885996792294, "sm": 0.011035541368186089, "value": [274, 734, 660, 715, 103, 12, 39, 155, 79, 612, 862, 1034, 121, 0, 213, 3, 4, 0, 0, 0, 0, 1]}, 0.0885237569396933], "LCC": [{"max": 1.0, "min": 0, "sm": 0.047619047619047616, "value": [3233, 46, 66, 98, 39, 12, 19, 301, 24, 8, 59, 10, 20, 9, 239, 14, 16, 41, 14, 7, 27, 1319]}, 0.3188070529666284]}, "rate-40": {"ANB": [{"max": 0.5786037923409881, "min": 0.0, "sm": 0.027552561540047055, "value": [6404, 3, 6, 0, 0, 0, 0, 0, 1, 2, 0, 0, 0, 0, 0, 2, 1, 2, 1, 1, 0, 1]}, 0.001061431340958494], "ACC": [{"max": 0.19427136894319763, "min": 0.07853710428817726, "sm": 0.005511155459762875, "value": [2, 87, 24, 4, 190, 106, 387, 794, 1766, 602, 1887, 71, 11, 141, 199, 144, 0, 3, 1, 2, 2, 1]}, 0.12932005728301835], "LCC": [{"max": 1.0, "min": 0, "sm": 0.047619047619047616, "value": [3665, 53, 34, 50, 28, 14, 22, 150, 24, 13, 48, 8, 13, 7, 195, 12, 18, 44, 20, 8, 8, 1990]}, 0.3661972350673357]}}