{"rate-5": {"ANB": [{"max": 0.08435102422885773, "min": 0.0, "sm": 0.004016715439469416, "value": [780, 10, 2, 1, 3, 1, 1, 1, 1, 1, 0, 0, 0, 0, 0, 0, 0, 0, 0, 1, 0, 1]}, 0.0008165881070198701], "ACC": [{"max": 0.1380060487080172, "min": 0.0012468827930174563, "sm": 0.006512341234047606, "value": [209, 47, 42, 43, 15, 31, 4, 41, 67, 31, 42, 25, 116, 1, 22, 60, 3, 0, 0, 2, 1, 1]}, 0.04485479854603749], "LCC": [{"max": 1.0, "min": 0, "sm": 0.047619047619047616, "value": [492, 3, 15, 18, 5, 5, 6, 28, 7, 5, 3, 1, 2, 0, 17, 0, 1, 3, 7, 1, 0, 184]}, 0.2895364529200472]}, "rate-10": {"ANB": [{"max": 0.11281497702560155, "min": 0.0, "sm": 0.005372141763123883, "value": [1581, 10, 2, 2, 1, 1, 4, 2, 1, 0, 0, 0, 0, 0, 1, 0, 0, 0, 0, 0, 0, 1]}, 0.0006400184174286864], "ACC": [{"max": 0.15905102048090564, "min": 0.0006230529595015577, "sm": 0.007544188929590671, "value": [237, 97, 49, 105, 63, 97, 220, 93, 33, 70, 16, 202, 157, 33, 60, 68, 2, 0, 2, 1, 0, 1]}, 0.05447162072455575], "LCC": [{"max": 1.0, "min": 0, "sm": 0.047619047619047616, "value": [907, 19, 18, 34, 16, 5, 9, 73, 7, 9, 20, 5, 10, 4, 48, 7, 10, 15, 7, 4, 12, 367]}, 0.32083211178112003]}, "rate-15": {"ANB": [{"max": 0.10000982646808172, "min": 0.0, "sm": 0.004762372688956272, "value": [2382, 14, 3, 1, 0, 4, 1, 2, 0, 0, 0, 0, 0, 1, 0, 0, 0, 0, 0, 0, 0, 1]}, 0.0003748650626921805], "ACC": [{"max": 0.14444244839299714, "min": 0.0004152823920265781, "sm": 0.006858436476236694, "value": [258, 92, 72, 256, 270, 95, 101, 110, 279, 113, 32, 189, 331, 36, 76, 92, 2, 1, 2, 1, 0, 1]}, 0.05062820581898954], "LCC": [{"max": 1.0, "min": 0, "sm": 0.047619047619047616, "value": [1348, 38, 34, 52, 30, 4, 11, 105, 16, 7, 21, 4, 11, 3, 53, 15, 9, 25, 24, 6, 12, 581]}, 0.3261999290512219]}, "rate-20": {"ANB": [{"max": 0.11802633760375102, "min": 0.0, "sm": 0.00562030179065481, "value": [3178, 14, 5, 2, 1, 1, 1, 3, 0, 0, 0, 0, 1, 2, 0, 2, 0, 1, 0, 0, 0, 1]}, 0.0004967440239093356], "ACC": [{"max": 0.15645029418399264, "min": 0.0003114294612270321, "sm": 0.00743518403441741, "value": [242, 97, 51, 182, 15, 14, 190, 392, 621, 222, 113, 299, 523, 1, 141, 102, 2, 1, 2, 1, 0, 1]}, 0.06388082781593125], "LCC": [{"max": 1.0, "min": 0, "sm": 0.047619047619047616, "value": [1826, 39, 53, 62, 19, 12, 21, 151, 16, 9, 27, 11, 30, 8, 93, 18, 15, 23, 13, 6, 23, 737]}, 0.31735066349221996]}, "rate-25": {"ANB": [{"max": 0.11321676677603718, "min": 0.0, "sm": 0.005391274608382722, "value": [3977, 12, 11, 2, 3, 0, 2, 1, 1, 0, 0, 0, 0, 0, 1, 1, 2, 0, 0, 0, 2, 1]}, 0.0004390490242371129], "ACC": [{"max": 0.14765766241499553, "min": 0.00024906600249066, "sm": 0.007019456972024041, "value": [248, 129, 45, 220, 15, 5, 191, 288, 400, 902, 214, 382, 692, 6, 143, 130, 2, 0, 2, 1, 0, 1]}, 0.06342529085616178], "LCC": [{"max": 1.0, "min": 0, "sm": 0.047619047619047616, "value": [2255, 64, 59, 79, 36, 13, 13, 186, 23, 12, 50, 9, 30, 10, 110, 18, 21, 38, 10, 5, 28, 947]}, 0.3219336545749054]}, "rate-30": {"ANB": [{"max": 0.11532737494241944, "min": 0.0, "sm": 0.00549177975916283, "value": [4779, 18, 5, 2, 1, 2, 1, 1, 1, 1, 0, 0, 0, 0, 1, 1, 2, 0, 0, 1, 1, 1]}, 0.0003730873549469252], "ACC": [{"max": 0.1479064318854114, "min": 0.00020759809009757111, "sm": 0.007033277799776848, "value": [322, 74, 128, 190, 6, 0, 149, 145, 818, 936, 404, 228, 1074, 38, 83, 214, 5, 0, 1, 2, 0, 1]}, 0.06524003067801595], "LCC": [{"max": 1.0, "min": 0, "sm": 0.047619047619047616, "value": [2729, 81, 80, 89, 39, 14, 24, 243, 13, 21, 43, 12, 41, 8, 135, 23, 13, 33, 33, 9, 21, 1114]}, 0.3155053273834944]}, "rate-35": {"ANB": [{"max": 0.11392179032395029, "min": 0.0, "sm": 0.005424847158283347, "value": [5583, 17, 5, 2, 1, 1, 2, 1, 0, 2, 0, 0, 0, 0, 2, 1, 1, 0, 1, 0, 1, 1]}, 0.00031423202123828555], "ACC": [{"max": 0.1438629808658069, "min": 0.00017793594306049823, "sm": 0.006842144996321257, "value": [302, 167, 84, 341, 18, 3, 35, 325, 856, 498, 1061, 524, 1053, 7, 187, 153, 3, 0, 1, 2, 0, 1]}, 0.06350965755285962], "LCC": [{"max": 1.0, "min": 0, "sm": 0.047619047619047616, "value": [3220, 79, 83, 104, 50, 9, 17, 300, 18, 14, 60, 16, 40, 10, 131, 17, 21, 39, 29, 16, 40, 1308]}, 0.3148285219607784]}, "rate-40": {"ANB": [{"max": 0.11885111652963536, "min": 0.0, "sm": 0.005659576977601684, "value": [6387, 17, 6, 0, 1, 2, 1, 1, 1, 1, 0, 0, 0, 0, 3, 1, 0, 1, 0, 0, 1, 1]}, 0.000283239067038315], "ACC": [{"max": 0.14732014938678065, "min": 0.00015569048731122528, "sm": 0.00700783137616521, "value": [307, 194, 113, 322, 14, 1, 44, 338, 1018, 1433, 419, 382, 1409, 50, 181, 189, 5, 0, 2, 2, 0, 1]}, 0.06541358421917992], "LCC": [{"max": 1.0, "min": 0, "sm": 0.047619047619047616, "value": [3679, 86, 85, 115, 68, 20, 23, 325, 29, 17, 50, 30, 39, 17, 180, 34, 26, 31, 14, 29, 40, 1487]}, 0.31478149799659155]}}