{"rate-5": {"ANB": [{"max": 0.0017465699048259502, "min": 0.0, "sm": 8.31699954679024e-05, "value": [798, 3, 1, 0, 0, 0, 0, 0, 0, 0, 0, 0, 0, 0, 0, 0, 0, 0, 0, 0, 0, 1]}, 4.633140509779529e-06], "ACC": [{"max": 0.04239401496259352, "min": 0.0012468827930174563, "sm": 0.001959387246170289, "value": [640, 78, 31, 16, 0, 2, 0, 1, 0, 0, 34, 0, 0, 0, 0, 0, 0, 0, 0, 0, 0, 1]}, 0.003067133289942994], "LCC": [{"max": 0, "min": 0, "sm": 0.0, "value": [803, 0, 0, 0, 0, 0, 0, 0, 0, 0, 0, 0, 0, 0, 0, 0, 0, 0, 0, 0, 0, 0]}, 0.0]}, "rate-10": {"ANB": [{"max": 0.0043287420079085774, "min": 0.0, "sm": 0.00020613057180517036, "value": [1599, 0, 2, 2, 0, 0, 0, 0, 0, 1, 1, 0, 0, 0, 0, 0, 0, 0, 0, 0, 0, 1]}, 8.052690981778423e-06], "ACC": [{"max": 0.040833167627759, "min": 0.0006230529595015577, "sm": 0.0019147673651551162, "value": [1276, 125, 20, 24, 1, 45, 1, 7, 0, 33, 1, 0, 0, 71, 0, 0, 1, 0, 0, 0, 0, 1]}, 0.0032788478868604654], "LCC": [{"max": 0, "min": 0, "sm": 0.0, "value": [1606, 0, 0, 0, 0, 0, 0, 0, 0, 0, 0, 0, 0, 0, 0, 0, 0, 0, 0, 0, 0, 0]}, 0.0]}, "rate-15": {"ANB": [{"max": 0.005594838973260438, "min": 0.0, "sm": 0.0002664209034885923, "value": [2379, 10, 13, 2, 2, 0, 0, 1, 0, 1, 0, 0, 0, 0, 0, 0, 0, 0, 0, 0, 0, 1]}, 1.395532492247457e-05], "ACC": [{"max": 0.04178676711431379, "min": 0.0004152823920265781, "sm": 0.001970070701061296, "value": [1725, 215, 56, 96, 82, 37, 7, 9, 22, 0, 50, 1, 0, 102, 2, 0, 4, 0, 0, 0, 0, 1]}, 0.003665550356300113], "LCC": [{"max": 1.0, "min": 0, "sm": 0.047619047619047616, "value": [2396, 1, 1, 2, 1, 0, 1, 4, 0, 0, 0, 0, 0, 0, 0, 0, 0, 0, 0, 0, 0, 3]}, 0.0022287453794303112]}, "rate-20": {"ANB": [{"max": 0.011165182768345959, "min": 0.0, "sm": 0.0005316753699212361, "value": [3193, 15, 1, 1, 0, 0, 0, 1, 0, 0, 0, 0, 0, 0, 0, 0, 0, 0, 0, 0, 0, 1]}, 1.4225174916756421e-05], "ACC": [{"max": 0.060652001590320234, "min": 0.0003114294612270321, "sm": 0.0028733605775758666, "value": [2273, 214, 182, 186, 2, 3, 1, 25, 22, 71, 50, 0, 1, 170, 3, 8, 0, 0, 0, 0, 0, 1]}, 0.005662251505173478], "LCC": [{"max": 1.0, "min": 0, "sm": 0.047619047619047616, "value": [3169, 3, 5, 7, 3, 3, 0, 6, 0, 0, 0, 0, 0, 0, 2, 0, 0, 0, 0, 0, 0, 14]}, 0.006454721103323149]}, "rate-25": {"ANB": [{"max": 0.01059026905209103, "min": 0.0, "sm": 0.0005042985262900491, "value": [3950, 27, 24, 7, 1, 4, 1, 0, 0, 0, 0, 0, 0, 0, 0, 0, 1, 0, 0, 0, 0, 1]}, 3.162056002356438e-05], "ACC": [{"max": 0.05484535648323617, "min": 0.00024906600249066, "sm": 0.002599823356225977, "value": [2333, 418, 296, 174, 74, 133, 122, 42, 70, 112, 13, 2, 1, 208, 6, 11, 0, 0, 0, 0, 0, 1]}, 0.006448200794692544], "LCC": [{"max": 1.0, "min": 0, "sm": 0.047619047619047616, "value": [3958, 2, 3, 16, 5, 0, 0, 12, 0, 0, 0, 0, 0, 0, 0, 0, 0, 0, 0, 0, 0, 20]}, 0.007013931692627718]}, "rate-30": {"ANB": [{"max": 0.011330287298921708, "min": 0.0, "sm": 0.0005395374904248433, "value": [4756, 36, 13, 5, 3, 1, 1, 1, 0, 0, 0, 0, 0, 0, 0, 0, 0, 0, 1, 0, 1, 0]}, 3.066199475354327e-05], "ACC": [{"max": 0.0641329660388886, "min": 0.00020759809009757111, "sm": 0.0030440651404186206, "value": [2377, 298, 676, 341, 79, 129, 148, 200, 80, 143, 7, 37, 0, 277, 7, 17, 0, 1, 0, 0, 0, 1]}, 0.009105957280284504], "LCC": [{"max": 1.0, "min": 0, "sm": 0.047619047619047616, "value": [4634, 12, 25, 31, 10, 6, 2, 34, 2, 0, 2, 0, 0, 0, 1, 0, 0, 0, 0, 0, 0, 59]}, 0.017788101425996145]}, "rate-35": {"ANB": [{"max": 0.013408685973443033, "min": 0.0, "sm": 0.0006385088558782397, "value": [5565, 27, 14, 5, 2, 3, 2, 1, 0, 0, 0, 0, 0, 0, 0, 0, 0, 0, 0, 1, 0, 1]}, 3.153179553576132e-05], "ACC": [{"max": 0.055682220715637956, "min": 0.00017793594306049823, "sm": 0.002643061179646546, "value": [2556, 621, 427, 302, 90, 289, 273, 173, 224, 102, 198, 17, 5, 3, 302, 30, 8, 0, 0, 0, 0, 1]}, 0.009002885488183173], "LCC": [{"max": 1.0, "min": 0, "sm": 0.047619047619047616, "value": [5403, 8, 24, 23, 21, 17, 11, 50, 4, 1, 2, 0, 0, 0, 3, 0, 0, 0, 0, 0, 0, 54]}, 0.016888567723510634]}, "rate-40": {"ANB": [{"max": 0.0315625342389973, "min": 0.0, "sm": 0.0015029778209046333, "value": [6370, 39, 9, 2, 0, 0, 0, 1, 0, 1, 0, 0, 0, 1, 0, 0, 0, 0, 0, 0, 0, 1]}, 5.6134151270036375e-05], "ACC": [{"max": 0.06808570678512395, "min": 0.00015569048731122528, "sm": 0.003234762680848225, "value": [2469, 221, 820, 535, 85, 180, 86, 152, 383, 296, 452, 225, 45, 411, 19, 43, 1, 0, 0, 0, 0, 1]}, 0.014281308540396491], "LCC": [{"max": 1.0, "min": 0, "sm": 0.047619047619047616, "value": [6057, 19, 33, 37, 20, 11, 13, 94, 8, 2, 9, 0, 0, 0, 23, 0, 0, 0, 0, 0, 0, 98]}, 0.02734069270286911]}}