{"rate-5": {"ANB": [{"max": 0.013029224691081285, "min": 0.0, "sm": 0.0006204392710038707, "value": [802, 0, 0, 0, 0, 0, 0, 0, 0, 0, 0, 0, 0, 0, 0, 0, 0, 0, 0, 0, 0, 1]}, 1.6737462410642857e-05], "ACC": [{"max": 0.11347974150644893, "min": 0.0, "sm": 0.005403797214592806, "value": [708, 2, 0, 0, 0, 0, 0, 1, 0, 0, 91, 0, 0, 0, 0, 0, 0, 0, 0, 0, 0, 1]}, 0.006893676258212326], "LCC": [{"max": 1.0, "min": 0, "sm": 0.047619047619047616, "value": [795, 0, 0, 0, 0, 0, 0, 0, 0, 0, 0, 0, 0, 0, 0, 0, 0, 0, 0, 0, 0, 8]}, 0.009962640099626401]}, "rate-10": {"ANB": [{"max": 0.0005904242508992317, "min": 0.0, "sm": 2.8115440519011034e-05, "value": [1594, 4, 1, 2, 0, 1, 0, 0, 0, 0, 1, 0, 1, 0, 0, 0, 0, 0, 0, 0, 1, 1]}, 1.6350150488623274e-06], "ACC": [{"max": 0.023183365934941677, "min": 0.0, "sm": 0.0011039698064257942, "value": [1365, 61, 65, 4, 9, 23, 6, 1, 30, 2, 0, 37, 2, 0, 0, 0, 0, 0, 0, 0, 0, 1]}, 0.0008669416965322806], "LCC": [{"max": 1.0, "min": 0, "sm": 0.047619047619047616, "value": [1573, 2, 0, 3, 0, 0, 1, 2, 0, 0, 0, 0, 0, 0, 1, 0, 0, 0, 0, 0, 0, 24]}, 0.01636462613497263]}, "rate-15": {"ANB": [{"max": 0.0002173892039690438, "min": 0.0, "sm": 1.0351866855668752e-05, "value": [2376, 7, 3, 10, 2, 2, 2, 1, 0, 1, 2, 0, 0, 0, 0, 0, 1, 0, 0, 0, 1, 1]}, 8.144557207877751e-07], "ACC": [{"max": 0.014950166112956811, "min": 0.0, "sm": 0.0007119126720455624, "value": [2038, 119, 43, 31, 14, 28, 54, 19, 17, 4, 40, 0, 1, 0, 0, 0, 0, 0, 0, 0, 0, 1]}, 0.0005421173913990991], "LCC": [{"max": 1.0, "min": 0, "sm": 0.047619047619047616, "value": [2338, 2, 2, 3, 0, 1, 3, 8, 0, 0, 0, 0, 0, 0, 0, 0, 0, 3, 0, 0, 0, 49]}, 0.023363118981523656]}, "rate-20": {"ANB": [{"max": 0.0013623341104517085, "min": 0.0, "sm": 6.487305287865279e-05, "value": [3207, 2, 0, 0, 1, 0, 0, 0, 0, 0, 0, 0, 0, 0, 0, 0, 0, 1, 0, 0, 0, 1]}, 1.2091673544923586e-06], "ACC": [{"max": 0.03706010588601682, "min": 0.0, "sm": 0.0017647669469531817, "value": [2693, 189, 90, 6, 0, 3, 20, 1, 87, 0, 121, 0, 0, 0, 0, 0, 1, 0, 0, 0, 0, 1]}, 0.0016414967978564737], "LCC": [{"max": 1.0, "min": 0, "sm": 0.047619047619047616, "value": [3098, 5, 3, 6, 2, 2, 0, 6, 1, 0, 1, 0, 1, 0, 4, 0, 0, 0, 0, 0, 0, 83]}, 0.028571917331625635]}, "rate-25": {"ANB": [{"max": 0.01276686593185997, "min": 0.0, "sm": 0.0006079459967552367, "value": [4012, 0, 1, 1, 0, 0, 0, 0, 0, 0, 0, 0, 0, 0, 0, 0, 0, 0, 0, 0, 0, 1]}, 5.260199695243227e-06], "ACC": [{"max": 0.10444090843338637, "min": 0.0, "sm": 0.004973376592066018, "value": [3309, 100, 24, 124, 0, 3, 1, 34, 0, 0, 414, 5, 0, 0, 0, 0, 0, 0, 0, 0, 0, 1]}, 0.007153713668812618], "LCC": [{"max": 1.0, "min": 0, "sm": 0.047619047619047616, "value": [3824, 1, 4, 5, 1, 1, 1, 12, 2, 2, 10, 0, 2, 0, 6, 0, 0, 0, 4, 0, 0, 140]}, 0.040286293225265786]}, "rate-30": {"ANB": [{"max": 0.0012238631590635878, "min": 0.0, "sm": 5.827919805064704e-05, "value": [4767, 14, 9, 3, 10, 4, 2, 1, 0, 2, 1, 1, 1, 1, 0, 0, 0, 0, 0, 1, 0, 1]}, 3.5229826111289943e-06], "ACC": [{"max": 0.03508407722648951, "min": 0.0, "sm": 0.0016706703441185483, "value": [3771, 265, 314, 102, 77, 114, 3, 1, 0, 0, 170, 0, 0, 0, 0, 0, 0, 0, 0, 0, 0, 1]}, 0.0016493081422074246], "LCC": [{"max": 1.0, "min": 0, "sm": 0.047619047619047616, "value": [4552, 4, 8, 7, 4, 1, 3, 26, 1, 0, 10, 0, 2, 0, 9, 0, 0, 0, 0, 0, 0, 191]}, 0.044976018949779956]}, "rate-35": {"ANB": [{"max": 0.01213387597620934, "min": 0.0, "sm": 0.0005778036179147304, "value": [5579, 21, 2, 4, 2, 3, 0, 2, 0, 2, 0, 3, 1, 0, 1, 0, 0, 0, 0, 0, 0, 1]}, 2.36058138969134e-05], "ACC": [{"max": 0.10307776066287777, "min": 0.0, "sm": 0.00490846479347037, "value": [3506, 139, 252, 607, 449, 40, 3, 48, 0, 0, 535, 41, 0, 0, 0, 0, 0, 0, 0, 0, 0, 1]}, 0.010683890181227361], "LCC": [{"max": 1.0, "min": 0, "sm": 0.047619047619047616, "value": [5105, 8, 8, 18, 7, 2, 3, 30, 7, 0, 5, 1, 4, 0, 27, 2, 2, 3, 4, 5, 0, 380]}, 0.07789141860127681]}, "rate-40": {"ANB": [{"max": 0.00415855061514228, "min": 0.0, "sm": 0.00019802621976867997, "value": [6367, 28, 10, 3, 1, 4, 2, 0, 0, 3, 0, 0, 0, 0, 0, 1, 1, 0, 2, 0, 1, 1]}, 1.0059974150568967e-05], "ACC": [{"max": 0.04268828720019752, "min": 0.0, "sm": 0.0020327755809617866, "value": [3760, 308, 62, 227, 101, 131, 291, 268, 336, 204, 48, 3, 411, 264, 2, 3, 0, 1, 1, 2, 0, 1]}, 0.006692714323244294], "LCC": [{"max": 1.0, "min": 0, "sm": 0.047619047619047616, "value": [5947, 18, 13, 20, 7, 3, 4, 48, 5, 6, 12, 1, 6, 1, 25, 4, 6, 2, 8, 9, 0, 279]}, 0.0562759315284508]}}