{"rate-5": {"ANB": [{"max": 0.10906965070059219, "min": 0.0, "sm": 0.00519379289050439, "value": [781, 8, 6, 3, 0, 0, 2, 1, 0, 0, 0, 0, 1, 0, 0, 0, 0, 0, 0, 0, 0, 1]}, 0.0008268856979771709], "ACC": [{"max": 0.15252810900787733, "min": 0.0012468827930174563, "sm": 0.007203867914993327, "value": [178, 55, 82, 45, 38, 6, 70, 32, 19, 29, 13, 109, 33, 24, 16, 48, 2, 1, 2, 0, 0, 1]}, 0.04614289386465849], "LCC": [{"max": 1.0, "min": 0, "sm": 0.047619047619047616, "value": [495, 7, 15, 23, 7, 2, 7, 24, 3, 1, 8, 0, 3, 1, 18, 2, 3, 6, 4, 0, 0, 174]}, 0.279776543881453]}, "rate-10": {"ANB": [{"max": 0.10188821195066775, "min": 0.0, "sm": 0.004851819616698464, "value": [1589, 8, 2, 1, 0, 1, 2, 1, 0, 0, 0, 0, 0, 1, 0, 0, 0, 0, 0, 0, 0, 1]}, 0.0004316072092476673], "ACC": [{"max": 0.15113752050898574, "min": 0.0006230529595015577, "sm": 0.0071673555975944854, "value": [263, 104, 106, 167, 68, 56, 37, 186, 41, 45, 11, 268, 101, 28, 54, 64, 2, 1, 2, 1, 0, 1]}, 0.04909318208353026], "LCC": [{"max": 1.0, "min": 0, "sm": 0.047619047619047616, "value": [929, 19, 20, 36, 16, 11, 11, 46, 8, 2, 16, 8, 7, 2, 35, 2, 4, 15, 9, 2, 0, 408]}, 0.32064422453375346]}, "rate-15": {"ANB": [{"max": 0.1059841550854928, "min": 0.0, "sm": 0.00504686452788061, "value": [2375, 16, 5, 1, 1, 0, 1, 2, 0, 1, 1, 2, 1, 0, 0, 2, 0, 0, 0, 0, 0, 1]}, 0.0005507322082120584], "ACC": [{"max": 0.14837241074201116, "min": 0.0004152823920265781, "sm": 0.007045577540475457, "value": [320, 62, 37, 142, 23, 69, 192, 218, 324, 157, 120, 166, 365, 2, 112, 94, 2, 0, 1, 2, 0, 1]}, 0.05708944285457629], "LCC": [{"max": 1.0, "min": 0, "sm": 0.047619047619047616, "value": [1378, 33, 39, 43, 19, 11, 5, 107, 7, 6, 29, 18, 15, 2, 56, 7, 7, 17, 10, 16, 11, 573]}, 0.3184513316243072]}, "rate-20": {"ANB": [{"max": 0.1423298189404901, "min": 0.0, "sm": 0.006777610425737624, "value": [3179, 13, 2, 2, 1, 2, 1, 0, 3, 3, 1, 1, 0, 1, 2, 0, 0, 0, 0, 0, 0, 1]}, 0.0006003668148354557], "ACC": [{"max": 0.1389777521637993, "min": 0.0003114294612270321, "sm": 0.006603158223932012, "value": [371, 138, 2, 0, 0, 88, 101, 222, 640, 381, 93, 128, 135, 624, 21, 150, 110, 3, 1, 2, 1, 1]}, 0.06095942487990309], "LCC": [{"max": 1.0, "min": 0, "sm": 0.047619047619047616, "value": [1799, 42, 50, 81, 31, 11, 13, 149, 22, 11, 36, 5, 33, 5, 105, 16, 22, 17, 6, 11, 15, 732]}, 0.31719691136627615]}, "rate-25": {"ANB": [{"max": 0.1498200457549725, "min": 0.0, "sm": 0.007134287893093928, "value": [3987, 12, 2, 6, 0, 0, 0, 1, 1, 2, 0, 0, 0, 1, 2, 0, 0, 0, 0, 0, 0, 1]}, 0.0004042652721656447], "ACC": [{"max": 0.14496210712275198, "min": 0.00024912805181863477, "sm": 0.006891094241473016, "value": [299, 117, 0, 71, 436, 273, 245, 131, 505, 307, 95, 213, 120, 875, 34, 156, 132, 1, 1, 1, 2, 1]}, 0.06078664936087409], "LCC": [{"max": 1.0, "min": 0, "sm": 0.047619047619047616, "value": [2265, 58, 65, 80, 32, 16, 9, 195, 21, 17, 26, 22, 32, 13, 105, 29, 16, 34, 17, 13, 27, 923]}, 0.31899065052529824]}, "rate-30": {"ANB": [{"max": 0.1216137285789462, "min": 0.0, "sm": 0.0057911299323307715, "value": [4777, 17, 8, 2, 2, 1, 1, 1, 2, 0, 0, 0, 0, 0, 1, 2, 1, 0, 1, 1, 0, 1]}, 0.00039739189814570546], "ACC": [{"max": 0.14653947454830576, "min": 0.00020759809009757111, "sm": 0.006968184593248009, "value": [165, 151, 87, 240, 14, 1, 107, 272, 741, 420, 911, 273, 1073, 41, 101, 210, 6, 0, 1, 3, 0, 1]}, 0.06612710066454106], "LCC": [{"max": 1.0, "min": 0, "sm": 0.047619047619047616, "value": [2783, 68, 68, 101, 42, 10, 22, 213, 22, 13, 45, 15, 35, 3, 115, 23, 25, 46, 18, 33, 31, 1087]}, 0.3118740302981146]}, "rate-35": {"ANB": [{"max": 0.11814794514561328, "min": 0.0, "sm": 0.005626092625981584, "value": [5583, 17, 7, 0, 2, 1, 1, 1, 2, 0, 0, 0, 0, 0, 2, 1, 1, 0, 1, 0, 1, 1]}, 0.00032418443240390184], "ACC": [{"max": 0.1499212418878376, "min": 0.00017793594306049823, "sm": 0.0071306336164179565, "value": [290, 119, 120, 263, 13, 1, 188, 160, 855, 1275, 350, 565, 1055, 9, 187, 163, 3, 0, 3, 1, 0, 1]}, 0.06660852293257055], "LCC": [{"max": 1.0, "min": 0, "sm": 0.047619047619047616, "value": [3194, 81, 87, 115, 44, 16, 27, 269, 32, 17, 37, 19, 49, 11, 181, 13, 26, 40, 29, 20, 31, 1283]}, 0.3156877791164944]}, "rate-40": {"ANB": [{"max": 0.12294200756633761, "min": 0.0, "sm": 0.005854381312682743, "value": [6382, 18, 10, 0, 1, 2, 1, 1, 2, 0, 0, 0, 0, 0, 1, 2, 1, 0, 1, 1, 0, 1]}, 0.000303150448972018], "ACC": [{"max": 0.14443804591973167, "min": 0.00015569048731122528, "sm": 0.006870588353924782, "value": [206, 126, 110, 389, 17, 3, 121, 342, 1021, 514, 1342, 314, 1440, 95, 124, 250, 5, 0, 1, 2, 1, 1]}, 0.06639178599710374], "LCC": [{"max": 1.0, "min": 0, "sm": 0.047619047619047616, "value": [3728, 78, 109, 115, 62, 19, 23, 386, 29, 19, 49, 18, 36, 20, 165, 23, 22, 50, 27, 24, 35, 1387]}, 0.3011147646087383]}}