{"rate_5": {"ANB": [{"max": 0.6859078537849506, "min": 0.0, "sm": 0.03266227875166431, "value": [691, 9, 6, 2, 1, 1, 0, 3, 0, 0, 0, 2, 1, 0, 0, 0, 0, 0, 0, 0, 0, 1]}, 0.0068873733187330395], "ACC": [{"max": 0.296849087893864, "min": 0.08007157235517781, "sm": 0.010322738835175533, "value": [4, 5, 14, 26, 148, 13, 23, 18, 23, 60, 7, 72, 18, 224, 19, 0, 40, 1, 1, 0, 0, 1]}, 0.18050214008093807], "LCC": [{"max": 1.0, "min": 0, "sm": 0.047619047619047616, "value": [459, 3, 5, 5, 4, 2, 0, 10, 3, 2, 6, 0, 0, 0, 7, 0, 0, 1, 0, 2, 0, 208]}, 0.31673150315784376]}, "rate_10": {"ANB": [{"max": 0.5338351147926436, "min": 0.0, "sm": 0.025420719752030647, "value": [1690, 14, 3, 2, 2, 0, 1, 1, 0, 0, 0, 0, 0, 0, 0, 1, 1, 0, 2, 2, 2, 1]}, 0.0041045613667010355], "ACC": [{"max": 0.19130724766562918, "min": 0.06254997455840663, "sm": 0.006131298719391549, "value": [4, 1, 5, 58, 60, 30, 15, 119, 7, 514, 2, 598, 46, 0, 44, 200, 10, 1, 3, 3, 1, 1]}, 0.12712898859064783], "LCC": [{"max": 1.0, "min": 0, "sm": 0.047619047619047616, "value": [1252, 37, 11, 13, 6, 4, 3, 36, 2, 3, 11, 2, 1, 1, 21, 0, 0, 1, 0, 2, 0, 316]}, 0.21186018212567542]}, "rate_15": {"ANB": [{"max": 0.5594028080567096, "min": 0.0, "sm": 0.02663822895508141, "value": [2388, 9, 6, 1, 1, 0, 2, 1, 0, 0, 0, 0, 0, 0, 2, 0, 0, 2, 2, 2, 0, 1]}, 0.0030330035908235327], "ACC": [{"max": 0.18490739323434868, "min": 0.058809210846599486, "sm": 0.006004675351797581, "value": [3, 4, 9, 18, 125, 44, 56, 69, 168, 296, 462, 528, 330, 3, 34, 222, 37, 0, 3, 3, 2, 1]}, 0.1228833703613842], "LCC": [{"max": 1.0, "min": 0, "sm": 0.047619047619047616, "value": [1777, 31, 21, 19, 7, 2, 4, 57, 4, 3, 11, 0, 4, 0, 27, 0, 0, 1, 0, 2, 0, 447]}, 0.21088625847225656]}, "rate_20": {"ANB": [{"max": 0.5663796264683939, "min": 0.0, "sm": 0.026970458403256854, "value": [3103, 11, 5, 1, 1, 0, 2, 1, 0, 0, 0, 0, 0, 1, 1, 0, 0, 2, 2, 2, 0, 1]}, 0.0023633238724078787], "ACC": [{"max": 0.18276244383497695, "min": 0.058915370290250374, "sm": 0.005897479692606027, "value": [8, 5, 4, 22, 175, 57, 67, 54, 271, 262, 734, 754, 368, 6, 39, 222, 75, 1, 3, 3, 2, 1]}, 0.12167714634695051], "LCC": [{"max": 1.0, "min": 0, "sm": 0.047619047619047616, "value": [2283, 39, 26, 24, 6, 5, 13, 67, 4, 3, 13, 0, 3, 0, 43, 3, 0, 0, 3, 0, 1, 597]}, 0.21776607059615632]}, "rate_25": {"ANB": [{"max": 0.5625865224652291, "min": 0.0, "sm": 0.026789834403106148, "value": [3920, 11, 5, 3, 0, 0, 3, 0, 0, 0, 0, 0, 1, 0, 1, 0, 1, 1, 2, 1, 1, 1]}, 0.0019021388168229858], "ACC": [{"max": 0.18249861393457772, "min": 0.05864101307917279, "sm": 0.00589798099311452, "value": [11, 6, 4, 37, 197, 86, 88, 79, 432, 447, 791, 1172, 213, 9, 132, 154, 84, 0, 3, 3, 2, 1]}, 0.12002154000684896], "LCC": [{"max": 1.0, "min": 0, "sm": 0.047619047619047616, "value": [2905, 37, 28, 30, 10, 4, 8, 71, 14, 3, 17, 2, 4, 1, 54, 4, 0, 1, 3, 2, 1, 752]}, 0.2172022541909027]}, "rate_30": {"ANB": [{"max": 0.5972018182148054, "min": 0.0, "sm": 0.02843818181975264, "value": [5395, 14, 3, 1, 0, 3, 0, 0, 0, 1, 3, 2, 0, 0, 0, 1, 0, 3, 2, 0, 1, 1]}, 0.0017113101369791613], "ACC": [{"max": 0.1484306649168854, "min": 0.05667665389554124, "sm": 0.004369238620064007, "value": [11, 7, 42, 276, 271, 432, 332, 53, 598, 154, 1348, 550, 155, 930, 41, 106, 114, 3, 1, 2, 3, 1]}, 0.0995360180112553], "LCC": [{"max": 1.0, "min": 0, "sm": 0.047619047619047616, "value": [4024, 64, 62, 66, 22, 6, 12, 184, 11, 5, 23, 1, 4, 1, 59, 4, 2, 2, 0, 4, 1, 873]}, 0.19154438374517754]}, "rate_35": {"ANB": [{"max": 0.5940964678037362, "min": 0.0, "sm": 0.0282903079906541, "value": [5551, 14, 3, 1, 1, 2, 0, 0, 0, 1, 3, 2, 0, 0, 0, 1, 0, 3, 2, 0, 1, 1]}, 0.0016677266811016534], "ACC": [{"max": 0.14838332580568028, "min": 0.05674083104744489, "sm": 0.004363928321820733, "value": [7, 21, 39, 279, 331, 390, 352, 56, 610, 170, 1403, 554, 155, 955, 41, 103, 110, 3, 1, 2, 3, 1]}, 0.09930916635700507], "LCC": [{"max": 1.0, "min": 0, "sm": 0.047619047619047616, "value": [4155, 72, 60, 68, 23, 5, 17, 181, 10, 5, 21, 2, 5, 1, 61, 4, 2, 5, 0, 4, 1, 884]}, 0.1889391431117948]}, "rate_40": {"ANB": [{"max": 0.5799737326429162, "min": 0.0, "sm": 0.027617796792519817, "value": [6391, 14, 3, 1, 2, 0, 0, 0, 1, 0, 0, 0, 1, 0, 3, 1, 0, 3, 1, 2, 1, 1]}, 0.0015400927659284332], "ACC": [{"max": 0.13762371995372552, "min": 0.05599428202848526, "sm": 0.0038871160916781077, "value": [31, 37, 8, 17, 70, 641, 1059, 107, 960, 62, 1583, 369, 230, 934, 50, 137, 117, 5, 1, 2, 4, 1]}, 0.09347483732880733], "LCC": [{"max": 1.0, "min": 0, "sm": 0.047619047619047616, "value": [3584, 122, 159, 182, 57, 11, 22, 629, 22, 13, 54, 22, 31, 11, 212, 35, 18, 56, 41, 24, 41, 1079]}, 0.276002729252975]}}