{"rate-5": {"ANB": [{"max": 0.21176472448473857, "min": 0.0, "sm": 0.010084034499273265, "value": [110, 69, 43, 24, 10, 7, 7, 3, 5, 4, 4, 1, 3, 0, 0, 1, 0, 1, 1, 0, 0, 1]}, 0.024896451637834053], "ACC": [{"max": 0.16695156695156696, "min": 0.0747639704006124, "sm": 0.004389885550045455, "value": [3, 6, 6, 6, 6, 12, 12, 14, 21, 17, 29, 23, 28, 23, 25, 24, 16, 9, 5, 7, 1, 1]}, 0.12422756542017326], "LCC": [{"max": 1.0, "min": 0, "sm": 0.047619047619047616, "value": [278, 5, 1, 4, 1, 0, 0, 2, 0, 0, 0, 0, 0, 0, 0, 0, 0, 0, 0, 0, 0, 3]}, 0.016909620991253645]}, "rate-10": {"ANB": [{"max": 0.19216179029180464, "min": 0.0, "sm": 0.009150561442466888, "value": [474, 56, 23, 9, 7, 1, 2, 4, 5, 1, 2, 2, 1, 0, 0, 0, 0, 0, 0, 0, 0, 1]}, 0.007631361584060099], "ACC": [{"max": 0.26158645276292336, "min": 0.10551860506920727, "sm": 0.007431802271129338, "value": [1, 4, 5, 6, 12, 29, 20, 43, 50, 48, 66, 92, 50, 62, 38, 21, 21, 9, 6, 2, 2, 1]}, 0.18651669867120013], "LCC": [{"max": 1.0, "min": 0, "sm": 0.047619047619047616, "value": [553, 8, 6, 6, 2, 0, 0, 5, 0, 0, 0, 0, 0, 0, 0, 0, 0, 0, 0, 0, 0, 8]}, 0.02097473746046218]}, "rate-15": {"ANB": [{"max": 0.2537915097184808, "min": 0.0, "sm": 0.012085309986594324, "value": [799, 52, 13, 6, 4, 2, 3, 1, 0, 1, 0, 0, 0, 0, 0, 0, 0, 0, 0, 0, 0, 1]}, 0.004795514153792085], "ACC": [{"max": 0.2916252896391923, "min": 0.10695641617093601, "sm": 0.008793755879440776, "value": [3, 1, 7, 23, 34, 39, 51, 76, 71, 116, 90, 89, 90, 95, 45, 27, 10, 7, 4, 3, 0, 1]}, 0.19626892992489878], "LCC": [{"max": 1.0, "min": 0, "sm": 0.047619047619047616, "value": [796, 22, 8, 16, 1, 0, 0, 7, 0, 0, 1, 0, 0, 0, 2, 0, 0, 0, 0, 0, 0, 29]}, 0.043935279525259184]}, "rate-20": {"ANB": [{"max": 0.11025329092237382, "min": 0.0, "sm": 0.0052501567105892296, "value": [1010, 81, 37, 12, 10, 5, 4, 4, 3, 1, 0, 2, 2, 0, 0, 0, 1, 1, 1, 0, 1, 1]}, 0.003244314072723942], "ACC": [{"max": 0.3138354700854701, "min": 0.120698510529019, "sm": 0.009196998074116718, "value": [6, 5, 6, 33, 36, 45, 81, 100, 138, 118, 141, 134, 147, 82, 41, 27, 18, 6, 7, 3, 1, 1]}, 0.21248002276192204], "LCC": [{"max": 1.0, "min": 0, "sm": 0.047619047619047616, "value": [1086, 24, 9, 17, 2, 0, 0, 9, 0, 0, 0, 0, 0, 0, 0, 0, 0, 0, 0, 0, 0, 29]}, 0.03271271662983094]}, "rate-25": {"ANB": [{"max": 0.1557700763722987, "min": 0.0, "sm": 0.007417622684395176, "value": [1362, 66, 20, 6, 4, 4, 2, 1, 0, 1, 0, 1, 1, 0, 1, 0, 0, 0, 0, 0, 0, 1]}, 0.002354598166301353], "ACC": [{"max": 0.3274632189032546, "min": 0.13585498936465365, "sm": 0.009124201406600044, "value": [6, 5, 11, 33, 56, 55, 88, 138, 137, 134, 169, 170, 208, 99, 61, 40, 30, 14, 8, 3, 4, 1]}, 0.22868174220326654], "LCC": [{"max": 1.0, "min": 0, "sm": 0.047619047619047616, "value": [1300, 53, 22, 33, 7, 0, 0, 20, 0, 0, 0, 0, 0, 0, 2, 0, 0, 0, 0, 0, 0, 33]}, 0.038043747796602564]}, "rate-30": {"ANB": [{"max": 0.15136683741552162, "min": 0.0, "sm": 0.007207944638834363, "value": [1669, 52, 16, 6, 2, 6, 3, 5, 1, 1, 1, 1, 0, 0, 0, 0, 0, 0, 0, 0, 0, 1]}, 0.0019112589463526012], "ACC": [{"max": 0.33728716280849436, "min": 0.12350262697022767, "sm": 0.010180215992298413, "value": [4, 4, 7, 6, 35, 44, 64, 151, 165, 188, 200, 299, 250, 135, 94, 47, 26, 19, 13, 9, 3, 1]}, 0.23318543000924324], "LCC": [{"max": 1.0, "min": 0, "sm": 0.047619047619047616, "value": [1534, 51, 37, 30, 9, 2, 1, 42, 0, 0, 1, 0, 0, 0, 2, 0, 0, 0, 0, 0, 0, 55]}, 0.05026927127637298]}, "rate-35": {"ANB": [{"max": 0.10159324199936526, "min": 0.0, "sm": 0.004837773428541203, "value": [1920, 70, 26, 15, 1, 5, 4, 6, 1, 2, 3, 1, 0, 1, 0, 0, 0, 2, 0, 0, 0, 1]}, 0.00156691634890626], "ACC": [{"max": 0.34606325706594887, "min": 0.14579346516407968, "sm": 0.009536656757231867, "value": [5, 16, 23, 32, 63, 107, 135, 128, 221, 258, 241, 343, 168, 117, 74, 54, 36, 14, 11, 6, 5, 1]}, 0.24108440031480197], "LCC": [{"max": 1.0, "min": 0, "sm": 0.047619047619047616, "value": [1711, 101, 53, 48, 25, 8, 2, 32, 2, 0, 5, 0, 0, 0, 2, 0, 0, 0, 0, 0, 0, 69]}, 0.0561944333307452]}, "rate-40": {"ANB": [{"max": 0.12837801657322173, "min": 0.0, "sm": 0.0061132388844391304, "value": [2265, 42, 17, 6, 4, 6, 1, 3, 3, 0, 1, 0, 1, 0, 1, 0, 1, 0, 0, 0, 0, 1]}, 0.0012745799605850113], "ACC": [{"max": 0.3751396202329663, "min": 0.1438712441099076, "sm": 0.011012779815383749, "value": [3, 2, 17, 24, 52, 111, 144, 214, 234, 284, 446, 295, 197, 148, 71, 46, 31, 15, 9, 7, 1, 1]}, 0.2545463034943705], "LCC": [{"max": 1.0, "min": 0, "sm": 0.047619047619047616, "value": [1896, 138, 71, 76, 28, 3, 5, 52, 3, 0, 3, 0, 0, 0, 10, 0, 0, 1, 0, 0, 0, 66]}, 0.0574957077544189]}}