{"rate-5": {"ANB": [{"max": 0.19314290581746962, "min": 0.0, "sm": 0.009197281229403316, "value": [5835, 22, 12, 1, 3, 4, 1, 1, 1, 0, 0, 0, 0, 0, 0, 0, 0, 0, 0, 0, 0, 1]}, 0.0004364422227851436], "ACC": [{"max": 0.4360236381668138, "min": 0.00017006802721088434, "sm": 0.020754931911409664, "value": [6, 0, 0, 0, 0, 0, 0, 4, 26, 74, 200, 640, 1020, 1277, 1540, 672, 261, 103, 38, 16, 3, 1]}, 0.28389287710450295], "LCC": [{"max": 1.0, "min": 0, "sm": 0.047619047619047616, "value": [3374, 234, 314, 262, 198, 131, 106, 340, 68, 40, 87, 22, 41, 10, 160, 8, 7, 19, 9, 1, 0, 450]}, 0.17750449405289564]}}