{"rate-5": {"ANB": [{"max": 0.09903906987742966, "min": 0.0, "sm": 0.004716146184639508, "value": [208, 47, 12, 4, 4, 4, 4, 3, 0, 1, 1, 0, 1, 1, 0, 1, 2, 0, 0, 0, 0, 1]}, 0.0056868509243895825], "ACC": [{"max": 0.5415896487985212, "min": 0.23918367346938776, "sm": 0.014400284539482546, "value": [6, 3, 4, 10, 9, 7, 25, 28, 20, 40, 28, 21, 22, 20, 14, 10, 5, 7, 11, 2, 1, 1]}, 0.38559879760485977], "LCC": [{"max": 1.0, "min": 0, "sm": 0.047619047619047616, "value": [57, 1, 9, 12, 25, 33, 31, 48, 18, 9, 13, 3, 2, 5, 12, 1, 1, 0, 0, 1, 0, 13]}, 0.3057798776896221]}, "rate-10": {"ANB": [{"max": 0.11316702437299304, "min": 0.0, "sm": 0.005388905922523478, "value": [514, 34, 13, 9, 4, 4, 1, 1, 1, 3, 1, 1, 0, 1, 0, 0, 0, 0, 0, 0, 0, 1]}, 0.002982674659016526], "ACC": [{"max": 0.5350957155879672, "min": 0.22507668711656442, "sm": 0.014762810879590608, "value": [1, 4, 3, 11, 19, 31, 46, 63, 63, 82, 70, 46, 38, 33, 28, 19, 12, 10, 5, 3, 0, 1]}, 0.37095193667413834], "LCC": [{"max": 1.0, "min": 0, "sm": 0.047619047619047616, "value": [113, 17, 25, 45, 59, 54, 50, 60, 31, 17, 30, 8, 11, 2, 27, 1, 4, 2, 2, 0, 0, 30]}, 0.3001722615859601]}, "rate-15": {"ANB": [{"max": 0.12280438582588597, "min": 0.0, "sm": 0.00584782789647076, "value": [820, 30, 9, 7, 3, 2, 3, 2, 1, 1, 1, 1, 0, 1, 0, 0, 0, 0, 0, 0, 0, 1]}, 0.0021180351547628955], "ACC": [{"max": 0.51854031783402, "min": 0.1856691253951528, "sm": 0.01585100916375558, "value": [5, 0, 4, 6, 12, 21, 39, 67, 88, 118, 113, 112, 100, 61, 60, 32, 20, 11, 9, 2, 1, 1]}, 0.35650220698091173], "LCC": [{"max": 1.0, "min": 0, "sm": 0.047619047619047616, "value": [202, 11, 57, 89, 81, 83, 65, 89, 54, 21, 19, 14, 11, 4, 21, 1, 3, 1, 4, 0, 0, 52]}, 0.2749217402665467]}, "rate-20": {"ANB": [{"max": 0.08856651702668936, "min": 0.0, "sm": 0.0042174531917471125, "value": [1081, 40, 19, 13, 6, 3, 3, 2, 1, 0, 1, 1, 1, 1, 0, 1, 1, 1, 0, 0, 0, 1]}, 0.0016946170254683451], "ACC": [{"max": 0.5017079419299744, "min": 0.18362244100640726, "sm": 0.01514692861540796, "value": [2, 3, 6, 9, 24, 60, 58, 91, 97, 180, 173, 128, 126, 75, 55, 38, 23, 13, 9, 5, 0, 1]}, 0.3413368379394664], "LCC": [{"max": 1.0, "min": 0, "sm": 0.047619047619047616, "value": [292, 40, 86, 96, 108, 92, 77, 121, 42, 23, 35, 13, 13, 6, 36, 1, 7, 5, 2, 2, 0, 79]}, 0.2732024965401861]}, "rate-25": {"ANB": [{"max": 0.12214118495275515, "min": 0.0, "sm": 0.00581624690251215, "value": [1400, 38, 7, 7, 7, 2, 2, 2, 1, 1, 1, 0, 0, 1, 0, 0, 0, 0, 0, 0, 0, 1]}, 0.0013532193964647659], "ACC": [{"max": 0.49982987410683904, "min": 0.21161048689138576, "sm": 0.013724732724545394, "value": [4, 3, 20, 37, 67, 78, 101, 134, 229, 213, 175, 149, 84, 62, 45, 28, 19, 8, 8, 4, 1, 1]}, 0.3404415560109824], "LCC": [{"max": 1.0, "min": 0, "sm": 0.047619047619047616, "value": [372, 67, 133, 137, 133, 97, 83, 127, 55, 22, 47, 18, 17, 6, 49, 2, 4, 8, 2, 2, 0, 89]}, 0.25816491670305314]}, "rate-30": {"ANB": [{"max": 0.12772566143914219, "min": 0.0, "sm": 0.006082174354244866, "value": [1701, 33, 5, 8, 6, 2, 2, 0, 1, 1, 3, 0, 1, 0, 0, 0, 0, 0, 0, 0, 0, 1]}, 0.0011452053560016466], "ACC": [{"max": 0.4956423952769188, "min": 0.1936086097078849, "sm": 0.014382561217573041, "value": [3, 2, 7, 23, 47, 83, 100, 128, 191, 323, 278, 200, 159, 77, 60, 33, 22, 9, 12, 5, 1, 1]}, 0.33669720433053657], "LCC": [{"max": 1.0, "min": 0, "sm": 0.047619047619047616, "value": [510, 75, 152, 162, 165, 98, 104, 143, 56, 38, 40, 20, 24, 7, 47, 4, 3, 5, 2, 0, 0, 109]}, 0.24441285336077573]}, "rate-35": {"ANB": [{"max": 0.14312247441740344, "min": 0.0, "sm": 0.0068153559246382596, "value": [1999, 30, 5, 10, 4, 3, 1, 2, 1, 1, 1, 0, 0, 0, 0, 0, 0, 0, 0, 0, 0, 1]}, 0.0010134155785164736], "ACC": [{"max": 0.4885985748218527, "min": 0.15939558310732274, "sm": 0.01567633293878714, "value": [1, 2, 0, 7, 17, 38, 84, 121, 166, 268, 390, 348, 253, 162, 81, 54, 28, 17, 14, 4, 2, 1]}, 0.3295305419147158], "LCC": [{"max": 1.0, "min": 0, "sm": 0.047619047619047616, "value": [594, 112, 174, 190, 149, 123, 97, 176, 71, 24, 58, 20, 24, 14, 72, 5, 5, 9, 10, 1, 0, 130]}, 0.2512064914728923]}, "rate-40": {"ANB": [{"max": 0.15909243586882582, "min": 0.0, "sm": 0.007575830279467896, "value": [2299, 27, 10, 4, 4, 1, 0, 5, 0, 1, 0, 0, 0, 0, 0, 0, 0, 0, 0, 0, 0, 1]}, 0.0009160141879679195], "ACC": [{"max": 0.4797959183673469, "min": 0.18150235466687253, "sm": 0.014204455414308304, "value": [4, 4, 14, 24, 54, 106, 131, 213, 221, 435, 382, 278, 219, 97, 75, 39, 26, 12, 12, 3, 2, 1]}, 0.322342538258064], "LCC": [{"max": 1.0, "min": 0, "sm": 0.047619047619047616, "value": [777, 120, 209, 205, 168, 115, 103, 188, 54, 29, 65, 18, 22, 8, 81, 6, 5, 5, 5, 2, 1, 166]}, 0.2390518227305345]}}