{"rate-5": {"ANB": [{"max": 0.00046434956235053747, "min": 0.0, "sm": 2.2111883921454164e-05, "value": [256, 17, 4, 5, 0, 4, 1, 0, 1, 2, 0, 1, 2, 0, 0, 1, 0, 0, 0, 0, 0, 1]}, 1.274993713572662e-05], "ACC": [{"max": 0.020833333333333332, "min": 0.003401360544217687, "sm": 0.0008300939423388403, "value": [178, 34, 4, 11, 23, 6, 8, 5, 4, 8, 7, 0, 4, 0, 1, 0, 0, 0, 0, 0, 1, 1]}, 0.005061827314406284], "LCC": [{"max": 0, "min": 0, "sm": 0.0, "value": [295, 0, 0, 0, 0, 0, 0, 0, 0, 0, 0, 0, 0, 0, 0, 0, 0, 0, 0, 0, 0, 0]}, 0.0]}, "rate-10": {"ANB": [{"max": 0.0183788686617323, "min": 0.0, "sm": 0.0008751842219872524, "value": [559, 5, 6, 3, 2, 1, 0, 0, 0, 0, 1, 0, 0, 0, 0, 1, 3, 4, 1, 1, 0, 1]}, 0.00038301917158535076], "ACC": [{"max": 0.03236797274275979, "min": 0.0017035775127768314, "sm": 0.0014602092966658551, "value": [287, 69, 51, 30, 17, 7, 0, 2, 1, 1, 27, 13, 16, 17, 22, 5, 9, 6, 2, 3, 2, 1]}, 0.007156014634045835], "LCC": [{"max": 0, "min": 0, "sm": 0.0, "value": [588, 0, 0, 0, 0, 0, 0, 0, 0, 0, 0, 0, 0, 0, 0, 0, 0, 0, 0, 0, 0, 0]}, 0.0]}, "rate-15": {"ANB": [{"max": 0.06681582205337692, "min": 0.0, "sm": 0.003181705812065568, "value": [803, 33, 8, 7, 5, 10, 4, 2, 1, 1, 0, 3, 1, 2, 1, 0, 0, 0, 0, 1, 0, 1]}, 0.0014211719646759922], "ACC": [{"max": 0.09793267128848915, "min": 0.0011337868480725624, "sm": 0.004609470687638885, "value": [454, 33, 3, 0, 0, 0, 0, 5, 12, 14, 33, 52, 66, 45, 58, 51, 33, 12, 5, 5, 1, 1]}, 0.029360729184139574], "LCC": [{"max": 0.022222222222222223, "min": 0, "sm": 0.0010582010582010583, "value": [880, 0, 0, 0, 0, 0, 0, 0, 0, 0, 0, 0, 0, 0, 0, 0, 0, 1, 0, 0, 0, 2]}, 7.092441973529176e-05]}, "rate-20": {"ANB": [{"max": 0.09161750932348042, "min": 0.0, "sm": 0.004362738539213353, "value": [1033, 60, 31, 16, 6, 8, 5, 4, 1, 2, 1, 1, 0, 1, 3, 2, 1, 0, 0, 0, 0, 1]}, 0.0022236482399694384], "ACC": [{"max": 0.15428950928545074, "min": 0.000851063829787234, "sm": 0.0073065926407458815, "value": [382, 1, 0, 0, 0, 0, 0, 0, 6, 14, 48, 78, 124, 153, 149, 76, 90, 38, 9, 7, 0, 1]}, 0.0694007690647936], "LCC": [{"max": 1.0, "min": 0, "sm": 0.047619047619047616, "value": [1172, 2, 0, 1, 0, 0, 0, 0, 0, 0, 0, 0, 0, 0, 0, 0, 0, 0, 0, 0, 0, 1]}, 0.001181861633542306]}, "rate-25": {"ANB": [{"max": 0.0884308720356197, "min": 0.0, "sm": 0.004210993906458081, "value": [1305, 72, 38, 17, 8, 4, 9, 3, 3, 2, 2, 0, 1, 0, 1, 0, 0, 2, 1, 0, 1, 1]}, 0.0020358176565440185], "ACC": [{"max": 0.18364186908173616, "min": 0.0006807351940095302, "sm": 0.008712434947034602, "value": [360, 0, 0, 0, 0, 0, 0, 0, 8, 19, 66, 91, 139, 192, 166, 216, 140, 40, 22, 7, 3, 1]}, 0.09378596115241482], "LCC": [{"max": 1.0, "min": 0, "sm": 0.047619047619047616, "value": [1446, 6, 8, 6, 0, 0, 0, 2, 0, 0, 0, 0, 0, 0, 0, 0, 0, 0, 0, 0, 0, 2]}, 0.0033599930568920552]}, "rate-30": {"ANB": [{"max": 0.10568799968707888, "min": 0.0, "sm": 0.0050327618898608996, "value": [1617, 75, 35, 13, 8, 2, 2, 2, 3, 1, 1, 0, 0, 1, 3, 0, 0, 0, 0, 0, 0, 1]}, 0.0017210510946450738], "ACC": [{"max": 0.20885837298446505, "min": 0.0005672149744753262, "sm": 0.009918626571904274, "value": [346, 0, 0, 0, 0, 0, 0, 4, 6, 20, 53, 102, 146, 204, 288, 218, 231, 94, 36, 10, 5, 1]}, 0.11631729117093827], "LCC": [{"max": 1.0, "min": 0, "sm": 0.047619047619047616, "value": [1727, 12, 2, 9, 0, 0, 0, 8, 0, 0, 0, 0, 0, 0, 0, 0, 0, 0, 0, 0, 0, 6]}, 0.006523144661339203]}, "rate-35": {"ANB": [{"max": 0.0960178863964641, "min": 0.0, "sm": 0.004572280304593528, "value": [1884, 84, 41, 19, 6, 2, 5, 6, 1, 2, 2, 0, 1, 0, 1, 1, 1, 1, 0, 0, 0, 1]}, 0.0016129038084300516], "ACC": [{"max": 0.24169213678000903, "min": 0.0004861448711716091, "sm": 0.011485999614706545, "value": [266, 0, 0, 0, 0, 0, 0, 12, 12, 28, 59, 111, 222, 261, 299, 398, 235, 83, 44, 21, 6, 1]}, 0.14471812865203823], "LCC": [{"max": 1.0, "min": 0, "sm": 0.047619047619047616, "value": [2003, 16, 13, 5, 2, 0, 0, 9, 0, 0, 0, 0, 0, 0, 0, 0, 0, 0, 0, 0, 0, 10]}, 0.008514461454063477]}, "rate-40": {"ANB": [{"max": 0.10859218254196641, "min": 0.0, "sm": 0.00517105631152221, "value": [2207, 86, 25, 9, 6, 6, 4, 1, 1, 0, 1, 2, 0, 0, 0, 0, 1, 0, 2, 0, 0, 1]}, 0.0013338391186044451], "ACC": [{"max": 0.27892882525403545, "min": 0.0004253509145044662, "sm": 0.013262070206644333, "value": [264, 0, 0, 0, 0, 0, 4, 8, 24, 40, 116, 235, 313, 368, 431, 309, 152, 58, 21, 3, 5, 1]}, 0.16230612644369768], "LCC": [{"max": 1.0, "min": 0, "sm": 0.047619047619047616, "value": [2254, 36, 12, 11, 11, 0, 0, 16, 0, 0, 0, 0, 0, 0, 0, 0, 0, 0, 0, 0, 0, 12]}, 0.011202764147660575]}}