{"rate-5": {"ANB": [{"max": 0.6143772893772894, "min": 0.0, "sm": 0.029256061398918544, "value": [29, 20, 12, 12, 12, 8, 2, 1, 0, 0, 1, 2, 1, 1, 2, 0, 1, 0, 1, 0, 0, 1]}, 0.102399958532034], "ACC": [{"max": 0.13601036269430053, "min": 0.05052935514918191, "sm": 0.004070524168815172, "value": [2, 2, 5, 7, 7, 6, 4, 8, 9, 8, 4, 8, 2, 8, 5, 4, 5, 5, 3, 0, 3, 1]}, 0.09077824085030504], "LCC": [{"max": 0, "min": 0, "sm": 0.0, "value": [106, 0, 0, 0, 0, 0, 0, 0, 0, 0, 0, 0, 0, 0, 0, 0, 0, 0, 0, 0, 0, 0]}, 0.0]}, "rate-10": {"ANB": [{"max": 0.47082625413574175, "min": 0.0, "sm": 0.022420297815987703, "value": [76, 34, 30, 20, 13, 14, 6, 6, 1, 1, 4, 2, 0, 0, 1, 3, 1, 0, 0, 0, 0, 1]}, 0.064878615638509], "ACC": [{"max": 0.10095238095238095, "min": 0.036072826271907436, "sm": 0.003089502603832072, "value": [3, 2, 1, 2, 1, 11, 15, 17, 23, 13, 15, 17, 21, 18, 13, 10, 13, 5, 8, 3, 1, 1]}, 0.07061012515821197], "LCC": [{"max": 1.0, "min": 0, "sm": 0.047619047619047616, "value": [194, 1, 2, 3, 0, 0, 0, 3, 0, 0, 0, 0, 0, 0, 0, 0, 0, 0, 0, 0, 0, 10]}, 0.05530963559132573]}, "rate-15": {"ANB": [{"max": 0.3305016425055463, "min": 0.0, "sm": 0.01573817345264506, "value": [110, 88, 45, 26, 11, 12, 7, 4, 5, 0, 2, 3, 2, 0, 3, 0, 0, 1, 0, 0, 0, 1]}, 0.037512260700695965], "ACC": [{"max": 0.12397979012825495, "min": 0.04496124031007752, "sm": 0.003762788086579878, "value": [3, 9, 12, 14, 22, 18, 21, 24, 24, 23, 25, 26, 18, 21, 17, 12, 12, 8, 5, 2, 3, 1]}, 0.0811558157823184], "LCC": [{"max": 1.0, "min": 0, "sm": 0.047619047619047616, "value": [292, 1, 2, 3, 1, 0, 1, 9, 0, 0, 0, 0, 0, 0, 3, 0, 0, 0, 0, 0, 0, 8]}, 0.04452380952380953]}, "rate-20": {"ANB": [{"max": 0.25325987722425136, "min": 0.0, "sm": 0.012059994153535779, "value": [162, 87, 62, 41, 18, 11, 9, 12, 6, 4, 3, 5, 3, 2, 0, 0, 1, 0, 0, 0, 0, 1]}, 0.029116440850179816], "ACC": [{"max": 0.1079300734735242, "min": 0.05169275573352748, "sm": 0.0026779675114284147, "value": [6, 21, 17, 20, 12, 28, 26, 30, 39, 32, 48, 27, 29, 25, 21, 14, 13, 8, 6, 3, 1, 1]}, 0.07671025797440635], "LCC": [{"max": 1.0, "min": 0, "sm": 0.047619047619047616, "value": [371, 5, 3, 9, 1, 0, 0, 23, 0, 0, 1, 0, 0, 0, 1, 0, 0, 0, 0, 0, 0, 13]}, 0.05678041708486673]}, "rate-25": {"ANB": [{"max": 0.22918213170562599, "min": 0.0, "sm": 0.010913434843125047, "value": [330, 96, 35, 20, 16, 15, 8, 4, 1, 0, 2, 1, 1, 0, 1, 1, 1, 0, 1, 0, 0, 1]}, 0.016033850040282946], "ACC": [{"max": 0.15639671361502347, "min": 0.06514299682229284, "sm": 0.004345415085368125, "value": [2, 1, 8, 19, 23, 27, 43, 58, 59, 53, 53, 44, 43, 36, 24, 14, 16, 3, 4, 1, 2, 1]}, 0.10724532647247331], "LCC": [{"max": 1.0, "min": 0, "sm": 0.047619047619047616, "value": [474, 6, 6, 11, 1, 0, 1, 21, 0, 0, 1, 0, 0, 0, 0, 0, 0, 0, 0, 0, 0, 13]}, 0.04462725164972355]}, "rate-30": {"ANB": [{"max": 0.13396690241622858, "min": 0.0, "sm": 0.006379376305534694, "value": [337, 121, 66, 33, 20, 19, 12, 9, 8, 4, 4, 0, 2, 0, 2, 0, 1, 2, 0, 0, 0, 1]}, 0.01183881979692332], "ACC": [{"max": 0.16767094576892846, "min": 0.06936165600953723, "sm": 0.004681394750447202, "value": [3, 6, 6, 5, 15, 31, 34, 52, 60, 58, 74, 69, 46, 60, 43, 34, 23, 4, 12, 2, 3, 1]}, 0.11936574414461475], "LCC": [{"max": 1.0, "min": 0, "sm": 0.047619047619047616, "value": [573, 8, 5, 21, 1, 0, 1, 10, 0, 0, 1, 0, 0, 0, 4, 0, 0, 0, 0, 0, 0, 17]}, 0.04450252468973219]}, "rate-35": {"ANB": [{"max": 0.1365049573104008, "min": 0.0, "sm": 0.006500236062400038, "value": [420, 150, 50, 53, 22, 17, 9, 7, 2, 3, 2, 4, 3, 2, 2, 0, 0, 0, 0, 0, 0, 1]}, 0.010470984705927612], "ACC": [{"max": 0.1547075902115305, "min": 0.06168858017034648, "sm": 0.00442947666862781, "value": [3, 2, 7, 8, 16, 8, 18, 38, 31, 56, 61, 90, 68, 90, 72, 44, 55, 35, 19, 15, 10, 1]}, 0.11634351802887669], "LCC": [{"max": 1.0, "min": 0, "sm": 0.047619047619047616, "value": [663, 8, 19, 18, 2, 0, 0, 15, 0, 0, 0, 0, 0, 0, 1, 0, 0, 0, 0, 0, 0, 21]}, 0.044020526550647025]}, "rate-40": {"ANB": [{"max": 0.12718970912292035, "min": 0.0, "sm": 0.00605665281537716, "value": [538, 147, 57, 47, 20, 15, 7, 5, 8, 3, 2, 2, 0, 0, 0, 0, 1, 0, 0, 0, 1, 1]}, 0.008083646240958654], "ACC": [{"max": 0.17719152471956792, "min": 0.07789242991507625, "sm": 0.004728528324023413, "value": [1, 9, 7, 16, 19, 28, 41, 58, 68, 79, 83, 102, 95, 95, 60, 45, 29, 11, 6, 1, 0, 1]}, 0.12910758048926674], "LCC": [{"max": 1.0, "min": 0, "sm": 0.047619047619047616, "value": [721, 16, 28, 35, 9, 0, 0, 17, 0, 0, 0, 0, 0, 0, 4, 0, 0, 0, 0, 0, 0, 24]}, 0.05157758124075801]}}