{"rate-5": {"ANB": [{"max": 0.35260219869085074, "min": 0.0, "sm": 0.016790580890040513, "value": [48, 26, 8, 6, 6, 5, 2, 1, 1, 2, 0, 0, 0, 0, 0, 0, 0, 0, 0, 0, 0, 1]}, 0.03443396226415095], "ACC": [{"max": 0.32710280373831774, "min": 0.123094958968347, "sm": 0.009714659274760512, "value": [2, 4, 2, 3, 4, 1, 6, 4, 6, 9, 8, 7, 12, 12, 10, 4, 3, 5, 2, 1, 0, 1]}, 0.22841745556666257], "LCC": [{"max": 1.0, "min": 0, "sm": 0.047619047619047616, "value": [41, 3, 6, 9, 3, 5, 2, 21, 1, 0, 2, 0, 0, 0, 2, 0, 0, 0, 0, 0, 0, 11]}, 0.2424150534999591]}, "rate-10": {"ANB": [{"max": 0.13950930431713884, "min": 0.0, "sm": 0.00664330020557804, "value": [85, 39, 23, 11, 13, 6, 8, 2, 6, 2, 6, 2, 2, 1, 3, 1, 1, 0, 0, 0, 1, 1]}, 0.020228347940934806], "ACC": [{"max": 0.2735483870967742, "min": 0.10366748166259168, "sm": 0.008089566925437263, "value": [4, 3, 3, 5, 3, 5, 3, 12, 13, 14, 26, 16, 19, 28, 17, 17, 8, 5, 10, 1, 0, 1]}, 0.19673786892287876], "LCC": [{"max": 1.0, "min": 0, "sm": 0.047619047619047616, "value": [67, 2, 11, 23, 16, 8, 7, 37, 10, 1, 7, 1, 0, 0, 10, 0, 0, 0, 0, 0, 0, 13]}, 0.24892066723052647]}, "rate-15": {"ANB": [{"max": 0.0841114363207995, "min": 0.0, "sm": 0.004005306491466643, "value": [122, 67, 39, 27, 13, 14, 13, 4, 5, 2, 3, 2, 3, 0, 1, 0, 1, 0, 1, 0, 2, 1]}, 0.01051998925494371], "ACC": [{"max": 0.3058485139022052, "min": 0.13773747841105355, "sm": 0.008005287404340554, "value": [1, 5, 2, 3, 6, 10, 9, 6, 25, 22, 21, 29, 32, 41, 33, 22, 22, 16, 7, 5, 2, 1]}, 0.23481149934447063], "LCC": [{"max": 1.0, "min": 0, "sm": 0.047619047619047616, "value": [85, 22, 35, 38, 36, 11, 10, 33, 8, 5, 6, 0, 1, 0, 11, 0, 0, 3, 0, 0, 0, 16]}, 0.22055913704351243]}, "rate-20": {"ANB": [{"max": 0.09597048459844966, "min": 0.0, "sm": 0.004570023076116651, "value": [207, 86, 41, 19, 24, 17, 8, 8, 5, 2, 2, 3, 2, 0, 1, 0, 0, 0, 0, 0, 1, 1]}, 0.009357333328159245], "ACC": [{"max": 0.2665832290362954, "min": 0.10993548387096774, "sm": 0.007459416436444173, "value": [4, 2, 4, 2, 7, 4, 14, 20, 22, 22, 19, 37, 38, 47, 35, 47, 41, 32, 9, 12, 8, 1]}, 0.20613685063184067], "LCC": [{"max": 1.0, "min": 0, "sm": 0.047619047619047616, "value": [100, 20, 41, 48, 41, 16, 23, 66, 11, 3, 15, 1, 1, 0, 17, 1, 0, 5, 0, 0, 0, 18]}, 0.2423994167920039]}, "rate-25": {"ANB": [{"max": 0.08907124069294176, "min": 0.0, "sm": 0.004241487652044846, "value": [322, 83, 48, 21, 17, 9, 10, 8, 5, 2, 2, 2, 1, 0, 1, 1, 1, 0, 0, 0, 0, 1]}, 0.006810721599200051], "ACC": [{"max": 0.28795245813074016, "min": 0.13758389261744966, "sm": 0.007160407881585262, "value": [1, 6, 2, 7, 11, 18, 17, 21, 34, 57, 64, 63, 45, 62, 34, 31, 24, 19, 9, 4, 4, 1]}, 0.2197724733334958], "LCC": [{"max": 1.0, "min": 0, "sm": 0.047619047619047616, "value": [99, 29, 58, 66, 60, 30, 32, 62, 23, 8, 19, 5, 9, 0, 9, 0, 2, 5, 2, 0, 0, 16]}, 0.24270969530115685]}, "rate-30": {"ANB": [{"max": 0.06543887449518529, "min": 0.0, "sm": 0.003116136880723109, "value": [349, 120, 63, 42, 24, 18, 7, 1, 1, 3, 1, 2, 6, 1, 1, 1, 0, 0, 0, 0, 0, 1]}, 0.005141995585926721], "ACC": [{"max": 0.31113271754982985, "min": 0.14618547281863864, "sm": 0.007854630701485297, "value": [5, 5, 5, 9, 15, 15, 21, 30, 29, 54, 64, 73, 77, 71, 53, 49, 36, 13, 7, 7, 3, 0]}, 0.2372954157532008], "LCC": [{"max": 1.0, "min": 0, "sm": 0.047619047619047616, "value": [136, 54, 79, 98, 78, 31, 27, 65, 14, 6, 21, 4, 5, 0, 8, 0, 1, 1, 1, 0, 0, 12]}, 0.19731928118824785]}, "rate-35": {"ANB": [{"max": 0.05514948309216493, "min": 0.0, "sm": 0.002626165861531663, "value": [406, 151, 71, 37, 25, 16, 9, 6, 8, 5, 3, 5, 0, 0, 1, 1, 1, 0, 0, 0, 1, 1]}, 0.00439365344735968], "ACC": [{"max": 0.3048630976706171, "min": 0.11505243676742752, "sm": 0.009038602900151885, "value": [1, 2, 0, 2, 1, 2, 5, 12, 20, 38, 52, 74, 109, 96, 89, 96, 66, 46, 18, 10, 7, 1]}, 0.23733950361535658], "LCC": [{"max": 1.0, "min": 0, "sm": 0.047619047619047616, "value": [124, 55, 113, 95, 101, 58, 36, 72, 18, 11, 16, 4, 6, 0, 18, 1, 1, 2, 0, 0, 0, 16]}, 0.21408121553776543]}, "rate-40": {"ANB": [{"max": 0.04099062114581802, "min": 0.0, "sm": 0.0019519343402770487, "value": [451, 170, 69, 56, 38, 14, 11, 7, 5, 8, 6, 5, 6, 1, 3, 0, 2, 1, 0, 0, 0, 1]}, 0.0036674250849139324], "ACC": [{"max": 0.3199549887471868, "min": 0.14613671406544457, "sm": 0.008277060699130583, "value": [3, 4, 8, 11, 9, 13, 35, 23, 53, 57, 81, 80, 107, 108, 84, 63, 50, 26, 20, 12, 6, 1]}, 0.24655468195418173], "LCC": [{"max": 1.0, "min": 0, "sm": 0.047619047619047616, "value": [135, 75, 151, 122, 96, 59, 44, 68, 28, 11, 13, 3, 7, 2, 24, 0, 0, 1, 0, 0, 0, 15]}, 0.20506143848201522]}}