{"rate-5": {"ANB": [{"max": 0.6332417582417582, "min": 0.0, "sm": 0.030154369440083723, "value": [30, 15, 16, 14, 7, 6, 2, 3, 1, 1, 1, 3, 5, 0, 1, 0, 0, 0, 0, 0, 0, 1]}, 0.10782535074987896], "ACC": [{"max": 0.12514898688915377, "min": 0.04549393414211438, "sm": 0.0037930977498590182, "value": [2, 2, 1, 5, 5, 3, 6, 9, 10, 9, 5, 8, 6, 2, 8, 5, 5, 5, 6, 2, 1, 1]}, 0.08624360720234225], "LCC": [{"max": 1.0, "min": 0, "sm": 0.047619047619047616, "value": [96, 0, 1, 2, 0, 0, 0, 2, 0, 0, 0, 0, 0, 0, 0, 0, 0, 0, 0, 0, 0, 5]}, 0.0579664570230608]}, "rate-10": {"ANB": [{"max": 0.406527765358133, "min": 0.0, "sm": 0.019358465017053954, "value": [64, 50, 35, 15, 10, 12, 4, 3, 3, 2, 1, 4, 6, 0, 1, 1, 0, 1, 0, 0, 0, 1]}, 0.057614697694648], "ACC": [{"max": 0.1163556531284303, "min": 0.04767258826174949, "sm": 0.0032706221365086095, "value": [2, 2, 6, 11, 13, 15, 19, 26, 18, 17, 10, 14, 9, 11, 12, 9, 4, 8, 4, 1, 1, 1]}, 0.07862556131198839], "LCC": [{"max": 1.0, "min": 0, "sm": 0.047619047619047616, "value": [199, 1, 1, 1, 1, 0, 0, 3, 0, 0, 0, 0, 0, 0, 0, 0, 0, 0, 0, 0, 0, 7]}, 0.04006259780907668]}, "rate-15": {"ANB": [{"max": 0.40498794326646687, "min": 0.0, "sm": 0.01928514015554604, "value": [165, 64, 32, 10, 12, 9, 5, 3, 7, 4, 4, 3, 1, 0, 0, 0, 0, 0, 0, 0, 0, 1]}, 0.03774928037696417], "ACC": [{"max": 0.12883683360258483, "min": 0.02896576772904749, "sm": 0.004755765041597016, "value": [15, 4, 3, 3, 2, 2, 7, 11, 15, 23, 28, 35, 50, 30, 34, 18, 26, 4, 6, 3, 0, 1]}, 0.08415851257152758], "LCC": [{"max": 1.0, "min": 0, "sm": 0.047619047619047616, "value": [290, 1, 3, 7, 0, 0, 0, 6, 0, 0, 0, 0, 0, 0, 0, 0, 0, 0, 0, 0, 0, 13]}, 0.05166666666666667]}, "rate-20": {"ANB": [{"max": 0.1768465227303377, "min": 0.0, "sm": 0.008421262987158938, "value": [150, 101, 48, 43, 19, 12, 10, 5, 4, 5, 4, 7, 2, 4, 4, 4, 0, 2, 2, 0, 0, 1]}, 0.023977073627881085], "ACC": [{"max": 0.1241620518799184, "min": 0.060468417317246274, "sm": 0.0030330302172701016, "value": [4, 13, 17, 20, 14, 20, 24, 30, 30, 32, 30, 30, 38, 23, 18, 21, 21, 15, 13, 8, 5, 1]}, 0.09179519094567541], "LCC": [{"max": 1.0, "min": 0, "sm": 0.047619047619047616, "value": [379, 0, 6, 9, 2, 1, 0, 11, 0, 0, 2, 0, 0, 0, 1, 0, 0, 0, 0, 0, 0, 16]}, 0.056544366380431955]}, "rate-25": {"ANB": [{"max": 0.13213812251901436, "min": 0.0, "sm": 0.006292291548524493, "value": [200, 97, 57, 54, 28, 25, 13, 14, 10, 8, 7, 3, 4, 3, 4, 0, 1, 2, 1, 0, 2, 1]}, 0.01805074483962716], "ACC": [{"max": 0.12015329125338142, "min": 0.058992805755395686, "sm": 0.002912404071332654, "value": [5, 2, 6, 12, 10, 13, 11, 19, 20, 24, 37, 42, 47, 52, 59, 49, 36, 37, 29, 16, 6, 2]}, 0.09615717279314877], "LCC": [{"max": 1.0, "min": 0, "sm": 0.047619047619047616, "value": [461, 9, 10, 9, 2, 0, 1, 18, 1, 0, 0, 0, 0, 0, 0, 0, 0, 0, 0, 0, 0, 23]}, 0.062199036918138016]}, "rate-30": {"ANB": [{"max": 0.1288462673556394, "min": 0.0, "sm": 0.006135536540744733, "value": [331, 114, 67, 36, 28, 12, 14, 8, 8, 8, 4, 1, 0, 0, 0, 2, 2, 1, 3, 0, 1, 1]}, 0.012516265908852317], "ACC": [{"max": 0.15410546592824464, "min": 0.0651664799918542, "sm": 0.004235189806494784, "value": [3, 4, 7, 10, 8, 23, 19, 40, 47, 67, 57, 66, 75, 45, 49, 44, 28, 26, 10, 8, 4, 1]}, 0.11361647294410884], "LCC": [{"max": 1.0, "min": 0, "sm": 0.047619047619047616, "value": [571, 6, 10, 24, 1, 0, 0, 16, 0, 0, 0, 0, 0, 0, 1, 0, 0, 0, 0, 0, 0, 12]}, 0.036834469049757665]}, "rate-35": {"ANB": [{"max": 0.11280863540040968, "min": 0.0, "sm": 0.005371839780971889, "value": [370, 137, 82, 64, 30, 20, 6, 7, 12, 5, 1, 3, 1, 1, 4, 0, 0, 0, 1, 1, 1, 1]}, 0.010363594833117312], "ACC": [{"max": 0.15064620355411953, "min": 0.0771777363956135, "sm": 0.003498498436119335, "value": [2, 1, 7, 17, 22, 29, 41, 43, 58, 49, 63, 81, 83, 67, 57, 61, 34, 12, 10, 5, 4, 1]}, 0.11627344283748788], "LCC": [{"max": 1.0, "min": 0, "sm": 0.047619047619047616, "value": [619, 20, 16, 33, 8, 1, 0, 22, 0, 1, 0, 0, 0, 0, 1, 0, 0, 0, 0, 0, 0, 26]}, 0.05999872505896605]}, "rate-40": {"ANB": [{"max": 0.10068614753663882, "min": 0.0, "sm": 0.004794578454125658, "value": [511, 150, 71, 45, 28, 13, 10, 5, 6, 3, 1, 2, 3, 0, 2, 1, 1, 0, 0, 1, 0, 1]}, 0.0071197175171413595], "ACC": [{"max": 0.19897364124096104, "min": 0.08474913065077, "sm": 0.005439262409056716, "value": [7, 10, 6, 15, 18, 25, 27, 38, 85, 78, 90, 105, 95, 95, 61, 52, 19, 17, 6, 4, 0, 1]}, 0.1444177495173202], "LCC": [{"max": 1.0, "min": 0, "sm": 0.047619047619047616, "value": [706, 24, 27, 28, 6, 0, 1, 21, 0, 0, 0, 0, 0, 0, 3, 0, 0, 0, 0, 0, 0, 38]}, 0.0678550307355928]}}