{"rate-5": {"ANB": [{"max": 0.09128510378510377, "min": 0.0, "sm": 0.0043469097040525605, "value": [67, 7, 11, 3, 3, 1, 3, 0, 1, 4, 2, 1, 1, 0, 1, 0, 0, 0, 0, 0, 0, 1]}, 0.008830948925288545], "ACC": [{"max": 0.1429166666666667, "min": 0.009523809523809525, "sm": 0.006352040816326532, "value": [38, 0, 0, 3, 6, 3, 3, 2, 0, 4, 6, 3, 3, 8, 6, 8, 4, 4, 2, 2, 0, 1]}, 0.058230657119379275], "LCC": [{"max": 1.0, "min": 0, "sm": 0.047619047619047616, "value": [90, 0, 1, 2, 1, 0, 0, 9, 0, 0, 0, 0, 0, 0, 0, 0, 0, 0, 0, 0, 0, 3]}, 0.0623539982030548]}, "rate-10": {"ANB": [{"max": 0.21221792468207207, "min": 0.0, "sm": 0.010105615461051052, "value": [140, 25, 15, 14, 4, 2, 1, 4, 3, 0, 0, 0, 2, 0, 0, 0, 0, 0, 1, 1, 0, 1]}, 0.015666175058638213], "ACC": [{"max": 0.2239065180102916, "min": 0.0047169811320754715, "sm": 0.010437596994200767, "value": [35, 0, 0, 0, 0, 0, 0, 1, 1, 15, 10, 17, 23, 19, 21, 29, 19, 15, 4, 2, 1, 1]}, 0.12688015362107172], "LCC": [{"max": 1.0, "min": 0, "sm": 0.047619047619047616, "value": [130, 5, 8, 12, 9, 4, 6, 24, 3, 0, 1, 0, 0, 0, 5, 0, 0, 0, 0, 0, 0, 6]}, 0.1259623527229161]}, "rate-15": {"ANB": [{"max": 0.13922592183010113, "min": 0.0, "sm": 0.0066298058014333874, "value": [192, 47, 29, 11, 5, 6, 9, 3, 6, 2, 1, 0, 2, 1, 1, 1, 0, 2, 2, 0, 0, 1]}, 0.012594422308811611], "ACC": [{"max": 0.23068370739817123, "min": 0.003125, "sm": 0.010836128923722441, "value": [22, 0, 0, 0, 0, 0, 0, 0, 0, 1, 9, 13, 18, 33, 61, 54, 45, 42, 11, 5, 6, 1]}, 0.15736922909302292], "LCC": [{"max": 1.0, "min": 0, "sm": 0.047619047619047616, "value": [187, 12, 27, 18, 19, 2, 9, 23, 3, 1, 4, 0, 0, 0, 7, 0, 0, 0, 0, 0, 0, 9]}, 0.1206447971428731]}, "rate-20": {"ANB": [{"max": 0.11578514364369043, "min": 0.0, "sm": 0.005513578268747163, "value": [246, 80, 35, 24, 11, 8, 8, 6, 3, 1, 1, 0, 1, 2, 0, 0, 0, 0, 0, 0, 0, 1]}, 0.008448996777191605], "ACC": [{"max": 0.26358240268130123, "min": 0.002347417840375587, "sm": 0.012439761182901223, "value": [20, 0, 0, 0, 0, 0, 0, 0, 0, 4, 6, 23, 35, 39, 42, 61, 60, 54, 56, 19, 7, 1]}, 0.18830465436645696], "LCC": [{"max": 1.0, "min": 0, "sm": 0.047619047619047616, "value": [189, 25, 44, 31, 30, 6, 14, 33, 4, 3, 9, 1, 2, 0, 15, 0, 2, 0, 0, 0, 0, 19]}, 0.17419487577175669]}, "rate-25": {"ANB": [{"max": 0.08691103282336293, "min": 0.0, "sm": 0.0041386206106363305, "value": [318, 78, 52, 26, 16, 16, 3, 8, 3, 0, 4, 5, 2, 0, 2, 0, 0, 0, 0, 0, 1, 0]}, 0.0067591032094645185], "ACC": [{"max": 0.27583825086209607, "min": 0.001876172607879925, "sm": 0.01304581325020077, "value": [20, 0, 0, 0, 0, 0, 0, 1, 4, 8, 12, 20, 30, 62, 64, 98, 84, 73, 44, 10, 3, 1]}, 0.19478146383715267], "LCC": [{"max": 1.0, "min": 0, "sm": 0.047619047619047616, "value": [176, 29, 66, 61, 45, 24, 23, 39, 11, 3, 11, 1, 4, 1, 12, 0, 0, 1, 1, 0, 0, 26]}, 0.19720882970821602]}, "rate-30": {"ANB": [{"max": 0.062210024175559236, "min": 0.0, "sm": 0.002962382103598059, "value": [336, 132, 63, 38, 19, 13, 7, 8, 2, 5, 3, 5, 3, 2, 0, 1, 0, 2, 1, 0, 0, 1]}, 0.005189938818210009], "ACC": [{"max": 0.28875075849514564, "min": 0.0015625, "sm": 0.013675631356911697, "value": [23, 0, 0, 0, 0, 0, 0, 0, 1, 6, 10, 24, 26, 60, 84, 116, 129, 85, 51, 21, 4, 1]}, 0.20778799276841078], "LCC": [{"max": 1.0, "min": 0, "sm": 0.047619047619047616, "value": [181, 53, 78, 72, 55, 32, 35, 46, 19, 6, 22, 0, 3, 0, 16, 0, 0, 3, 0, 0, 0, 20]}, 0.1963756963234893]}, "rate-35": {"ANB": [{"max": 0.05010098936560379, "min": 0.0, "sm": 0.002385761398362085, "value": [379, 170, 60, 41, 20, 25, 10, 8, 7, 9, 3, 1, 3, 1, 4, 1, 3, 1, 0, 0, 0, 1]}, 0.004468853335865364], "ACC": [{"max": 0.2978726197000075, "min": 0.0013404825737265416, "sm": 0.014120577958394331, "value": [8, 0, 0, 0, 0, 0, 0, 0, 1, 1, 3, 11, 34, 54, 90, 148, 159, 128, 72, 31, 6, 1]}, 0.2257270817457511], "LCC": [{"max": 1.0, "min": 0, "sm": 0.047619047619047616, "value": [165, 41, 113, 83, 104, 44, 29, 76, 24, 8, 16, 1, 7, 1, 10, 0, 0, 1, 1, 0, 0, 23]}, 0.20696649858556526]}, "rate-40": {"ANB": [{"max": 0.05009776455414791, "min": 0.0, "sm": 0.002385607835911805, "value": [479, 147, 86, 45, 23, 17, 14, 7, 8, 8, 6, 2, 1, 4, 1, 1, 1, 1, 0, 1, 1, 1]}, 0.0041429977568148875], "ACC": [{"max": 0.29448256442084453, "min": 0.0011723329425556857, "sm": 0.013967153879918516, "value": [6, 0, 0, 0, 0, 0, 0, 2, 8, 8, 9, 20, 40, 57, 120, 167, 158, 140, 82, 31, 5, 1]}, 0.22006250882808065], "LCC": [{"max": 1.0, "min": 0, "sm": 0.047619047619047616, "value": [202, 78, 123, 120, 79, 31, 39, 76, 26, 4, 21, 5, 9, 3, 15, 4, 0, 1, 2, 0, 0, 16]}, 0.19325540556660242]}}