{"rate-5": {"ANB": [{"max": 0.0009157509157509158, "min": 0.0, "sm": 4.360718646432932e-05, "value": [95, 0, 0, 0, 0, 0, 0, 0, 2, 0, 0, 0, 5, 0, 0, 0, 1, 0, 0, 0, 0, 3]}, 6.565761282742414e-05], "ACC": [{"max": 0.03047619047619048, "min": 0.0, "sm": 0.00145124716553288, "value": [64, 0, 0, 0, 0, 0, 14, 0, 0, 0, 2, 5, 0, 6, 6, 0, 0, 4, 0, 2, 0, 3]}, 0.0070055191888075945], "LCC": [{"max": 1.0, "min": 0, "sm": 0.047619047619047616, "value": [100, 0, 0, 0, 0, 0, 0, 2, 0, 0, 0, 0, 0, 0, 0, 0, 0, 0, 0, 0, 0, 4]}, 0.04402515723270441]}, "rate-10": {"ANB": [{"max": 0.0027720647411249217, "min": 0.0, "sm": 0.00013200308291071055, "value": [193, 3, 1, 3, 4, 3, 0, 3, 0, 0, 1, 0, 1, 0, 0, 0, 0, 0, 0, 0, 0, 1]}, 7.32584124377251e-05], "ACC": [{"max": 0.03623499142367067, "min": 0.0, "sm": 0.0017254757820795556, "value": [125, 0, 28, 2, 5, 4, 7, 6, 9, 5, 3, 6, 4, 3, 1, 3, 0, 1, 0, 0, 0, 1]}, 0.0051374193515621855], "LCC": [{"max": 1.0, "min": 0, "sm": 0.047619047619047616, "value": [195, 1, 0, 4, 0, 0, 0, 4, 0, 0, 0, 0, 0, 0, 0, 0, 0, 0, 0, 0, 0, 9]}, 0.05195618153364632]}, "rate-15": {"ANB": [{"max": 0.035767565045378966, "min": 0.0, "sm": 0.001703217383113284, "value": [286, 14, 3, 2, 2, 0, 3, 0, 1, 1, 1, 0, 1, 0, 2, 0, 1, 0, 1, 0, 1, 1]}, 0.001236112754086079], "ACC": [{"max": 0.06721607004893124, "min": 0.0, "sm": 0.003200765240425297, "value": [185, 24, 11, 9, 2, 1, 0, 0, 1, 2, 7, 12, 9, 11, 15, 10, 7, 8, 2, 1, 2, 1]}, 0.014122929441720663], "LCC": [{"max": 1.0, "min": 0, "sm": 0.047619047619047616, "value": [294, 3, 0, 1, 1, 0, 0, 10, 0, 0, 2, 0, 0, 0, 4, 0, 0, 0, 0, 0, 0, 5]}, 0.03926587301587301]}, "rate-20": {"ANB": [{"max": 0.07944534128285786, "min": 0.0, "sm": 0.003783111489659898, "value": [334, 23, 15, 10, 7, 5, 5, 5, 3, 5, 3, 5, 2, 2, 1, 0, 0, 0, 0, 0, 1, 1]}, 0.00466984484858363], "ACC": [{"max": 0.10306433193757136, "min": 0.0, "sm": 0.004907825330360541, "value": [181, 16, 1, 0, 0, 0, 0, 0, 4, 14, 17, 27, 23, 20, 21, 20, 33, 22, 16, 7, 4, 1]}, 0.03856279306377713], "LCC": [{"max": 1.0, "min": 0, "sm": 0.047619047619047616, "value": [347, 4, 16, 13, 4, 1, 2, 11, 2, 0, 3, 0, 0, 0, 6, 0, 0, 1, 0, 0, 0, 17]}, 0.07834967530517882]}, "rate-25": {"ANB": [{"max": 0.09767780726754095, "min": 0.0, "sm": 0.004651324155597188, "value": [370, 63, 36, 18, 12, 9, 4, 7, 4, 4, 2, 2, 0, 1, 0, 0, 0, 1, 0, 0, 0, 1]}, 0.005489539139710051], "ACC": [{"max": 0.13538465693882595, "min": 0.0, "sm": 0.006446888425658379, "value": [161, 11, 0, 0, 0, 0, 0, 0, 1, 7, 19, 31, 34, 45, 52, 54, 51, 33, 23, 10, 1, 1]}, 0.06480189565046271], "LCC": [{"max": 1.0, "min": 0, "sm": 0.047619047619047616, "value": [420, 11, 18, 18, 8, 0, 0, 30, 0, 0, 3, 0, 2, 0, 5, 0, 0, 1, 0, 0, 0, 18]}, 0.07899203376731465]}, "rate-30": {"ANB": [{"max": 0.11599044347290517, "min": 0.0, "sm": 0.005523354451090722, "value": [489, 59, 33, 34, 5, 5, 4, 3, 2, 3, 1, 0, 1, 0, 1, 0, 0, 0, 0, 0, 0, 1]}, 0.004897785700160404], "ACC": [{"max": 0.1622018400726942, "min": 0.0, "sm": 0.007723897146318772, "value": [162, 0, 0, 0, 0, 0, 0, 6, 7, 5, 14, 22, 33, 57, 65, 69, 89, 58, 35, 16, 2, 1]}, 0.08750289125463097], "LCC": [{"max": 1.0, "min": 0, "sm": 0.047619047619047616, "value": [465, 12, 29, 24, 17, 7, 8, 35, 3, 0, 7, 0, 0, 0, 5, 0, 0, 0, 0, 0, 0, 29]}, 0.10025540118008841]}, "rate-35": {"ANB": [{"max": 0.10076322573949234, "min": 0.0, "sm": 0.004798248844737731, "value": [552, 92, 53, 17, 8, 4, 11, 3, 2, 2, 0, 0, 0, 0, 0, 1, 1, 0, 0, 0, 1, 0]}, 0.00427631560723585], "ACC": [{"max": 0.1941522601437449, "min": 0.0, "sm": 0.00924534572113071, "value": [148, 0, 0, 0, 0, 0, 0, 0, 0, 4, 18, 30, 73, 91, 97, 100, 87, 57, 28, 10, 3, 1]}, 0.11035705139702014], "LCC": [{"max": 1.0, "min": 0, "sm": 0.047619047619047616, "value": [508, 23, 47, 46, 20, 9, 5, 49, 6, 0, 9, 0, 0, 0, 5, 0, 0, 0, 0, 0, 0, 20]}, 0.09199493840901585]}, "rate-40": {"ANB": [{"max": 0.046636659722734355, "min": 0.0, "sm": 0.0022207933201302075, "value": [503, 111, 66, 44, 37, 20, 17, 9, 8, 8, 4, 4, 1, 7, 0, 4, 3, 3, 1, 1, 2, 1]}, 0.004220748549104092], "ACC": [{"max": 0.18972940255423726, "min": 0.0, "sm": 0.00903473345496368, "value": [131, 0, 0, 0, 0, 0, 0, 0, 0, 0, 7, 19, 41, 58, 114, 146, 134, 100, 62, 25, 16, 1]}, 0.1211995626158093], "LCC": [{"max": 1.0, "min": 0, "sm": 0.047619047619047616, "value": [536, 39, 49, 52, 31, 14, 13, 58, 3, 1, 6, 1, 1, 0, 14, 0, 0, 0, 0, 0, 0, 36]}, 0.1183831238759304]}}