{"rate-5": {"ANB": [{"max": 0.2016536239929312, "min": 0.0, "sm": 0.009602553523472914, "value": [37, 14, 14, 7, 7, 5, 6, 2, 2, 0, 2, 3, 0, 1, 1, 0, 2, 1, 0, 0, 1, 1]}, 0.03565208376529129], "ACC": [{"max": 0.29577464788732394, "min": 0.10324483775811209, "sm": 0.009168086196629135, "value": [1, 2, 4, 1, 3, 2, 1, 2, 1, 2, 7, 7, 8, 11, 12, 9, 14, 4, 11, 2, 1, 1]}, 0.22326476634032902], "LCC": [{"max": 1.0, "min": 0, "sm": 0.047619047619047616, "value": [40, 3, 6, 4, 10, 4, 9, 12, 2, 0, 3, 0, 1, 0, 5, 0, 0, 0, 0, 0, 0, 7]}, 0.23142119934572766]}, "rate-10": {"ANB": [{"max": 0.1819555625267586, "min": 0.0, "sm": 0.008664550596512314, "value": [78, 48, 24, 18, 13, 8, 5, 3, 4, 7, 1, 1, 0, 1, 0, 0, 0, 1, 0, 0, 0, 1]}, 0.022221018741139187], "ACC": [{"max": 0.24036281179138322, "min": 0.09422222222222222, "sm": 0.006959075693769571, "value": [2, 6, 4, 4, 4, 3, 7, 3, 10, 12, 6, 17, 17, 21, 20, 19, 12, 17, 11, 12, 5, 1]}, 0.18340993777757786], "LCC": [{"max": 1.0, "min": 0, "sm": 0.047619047619047616, "value": [87, 2, 11, 20, 14, 11, 13, 17, 7, 6, 7, 0, 2, 0, 2, 0, 1, 2, 0, 0, 0, 11]}, 0.2109322081153068]}, "rate-15": {"ANB": [{"max": 0.11102973270441359, "min": 0.0, "sm": 0.005287130128781599, "value": [157, 58, 29, 22, 17, 9, 6, 6, 4, 1, 2, 1, 1, 1, 0, 1, 1, 3, 0, 0, 0, 1]}, 0.011512859565071674], "ACC": [{"max": 0.30880929332042595, "min": 0.1163384390955507, "sm": 0.009165278772613108, "value": [2, 3, 3, 3, 2, 7, 9, 18, 31, 33, 41, 42, 25, 29, 22, 17, 19, 8, 3, 2, 0, 1]}, 0.21979727479823294], "LCC": [{"max": 1.0, "min": 0, "sm": 0.047619047619047616, "value": [98, 12, 32, 23, 25, 16, 11, 43, 8, 6, 4, 3, 2, 0, 21, 0, 0, 2, 1, 0, 0, 13]}, 0.2356370587556021]}, "rate-20": {"ANB": [{"max": 0.12311756319095671, "min": 0.0, "sm": 0.005862741104331272, "value": [239, 95, 41, 16, 15, 9, 3, 7, 1, 0, 0, 0, 0, 0, 0, 0, 0, 0, 0, 0, 0, 1]}, 0.00797171327547413], "ACC": [{"max": 0.32494279176201374, "min": 0.13442726412117387, "sm": 0.009072167982897136, "value": [2, 7, 4, 7, 11, 7, 23, 18, 31, 48, 40, 56, 58, 39, 30, 24, 15, 4, 2, 0, 0, 1]}, 0.2327005558952854], "LCC": [{"max": 1.0, "min": 0, "sm": 0.047619047619047616, "value": [91, 26, 54, 57, 56, 21, 14, 35, 17, 5, 17, 0, 2, 0, 13, 0, 0, 2, 0, 0, 0, 17]}, 0.2244111862495689]}, "rate-25": {"ANB": [{"max": 0.04817458378307207, "min": 0.0, "sm": 0.0022940277991939082, "value": [224, 105, 60, 29, 27, 19, 15, 9, 12, 8, 4, 6, 0, 1, 3, 1, 3, 2, 1, 1, 3, 1]}, 0.006168014530074792], "ACC": [{"max": 0.31613285883748515, "min": 0.14976116886765944, "sm": 0.007922461427134557, "value": [1, 5, 2, 11, 8, 31, 14, 40, 41, 51, 33, 75, 58, 54, 37, 30, 18, 12, 9, 2, 1, 1]}, 0.23734726830115238], "LCC": [{"max": 1.0, "min": 0, "sm": 0.047619047619047616, "value": [101, 47, 84, 77, 56, 32, 30, 48, 9, 8, 9, 1, 2, 3, 10, 0, 1, 0, 1, 0, 0, 15]}, 0.20342765116135514]}, "rate-30": {"ANB": [{"max": 0.05914132716076356, "min": 0.0, "sm": 0.002816253674322074, "value": [333, 134, 53, 49, 26, 13, 7, 6, 6, 1, 2, 2, 1, 1, 0, 0, 2, 2, 0, 1, 1, 1]}, 0.005079403880380568], "ACC": [{"max": 0.32323232323232326, "min": 0.13453857473197392, "sm": 0.00898541659525473, "value": [1, 0, 3, 7, 8, 17, 18, 30, 55, 55, 72, 61, 80, 65, 68, 44, 24, 19, 10, 3, 0, 1]}, 0.2395649048287955], "LCC": [{"max": 1.0, "min": 0, "sm": 0.047619047619047616, "value": [138, 57, 84, 75, 68, 37, 35, 69, 18, 4, 25, 2, 6, 0, 12, 0, 0, 0, 0, 0, 0, 11]}, 0.20007530130067605]}, "rate-35": {"ANB": [{"max": 0.0616978513939269, "min": 0.0, "sm": 0.0029379929235203287, "value": [446, 132, 81, 25, 17, 12, 12, 6, 3, 3, 5, 0, 1, 1, 0, 0, 1, 1, 0, 0, 0, 1]}, 0.004282385553393259], "ACC": [{"max": 0.32477144101001304, "min": 0.14362726222564498, "sm": 0.008625913275446099, "value": [2, 3, 7, 7, 5, 18, 26, 42, 53, 69, 88, 94, 94, 72, 79, 37, 23, 12, 11, 3, 2, 0]}, 0.2421926701971472], "LCC": [{"max": 1.0, "min": 0, "sm": 0.047619047619047616, "value": [143, 71, 79, 114, 101, 48, 47, 56, 23, 7, 22, 1, 6, 1, 17, 1, 0, 1, 0, 0, 0, 9]}, 0.19941428585779478]}, "rate-40": {"ANB": [{"max": 0.060205379965171855, "min": 0.0, "sm": 0.002866922855484374, "value": [545, 139, 64, 40, 22, 14, 7, 4, 6, 7, 2, 1, 1, 0, 0, 0, 1, 0, 0, 0, 0, 1]}, 0.00378863034645132], "ACC": [{"max": 0.3180462341536167, "min": 0.14842526535583783, "sm": 0.008077188990370424, "value": [2, 2, 11, 12, 10, 29, 32, 45, 55, 94, 88, 98, 94, 73, 78, 57, 37, 22, 9, 4, 1, 1]}, 0.24009899358776945], "LCC": [{"max": 1.0, "min": 0, "sm": 0.047619047619047616, "value": [146, 68, 112, 119, 118, 57, 37, 81, 30, 11, 17, 1, 4, 0, 19, 2, 4, 1, 0, 0, 0, 27]}, 0.21999078537344]}}