{"rate-5": {"ANB": [{"max": 0.00017969451931716083, "min": 0.0, "sm": 8.556881872245754e-06, "value": [106, 0, 0, 0, 0, 0, 0, 0, 0, 0, 0, 0, 0, 0, 0, 0, 0, 0, 0, 0, 1, 0]}, 1.6793880310015031e-06], "ACC": [{"max": 0.018867924528301886, "min": 0.009433962264150943, "sm": 0.00044923629829290204, "value": [104, 0, 0, 0, 0, 0, 2, 0, 0, 0, 0, 0, 0, 0, 0, 0, 0, 0, 0, 0, 0, 1]}, 0.009580908716863576], "LCC": [{"max": 0, "min": 0, "sm": 0.0, "value": [107, 0, 0, 0, 0, 0, 0, 0, 0, 0, 0, 0, 0, 0, 0, 0, 0, 0, 0, 0, 0, 0]}, 0.0]}, "rate-10": {"ANB": [{"max": 0.0001788428865241885, "min": 0.0, "sm": 8.516327929723262e-06, "value": [200, 0, 0, 0, 0, 10, 0, 0, 0, 0, 0, 0, 0, 0, 0, 2, 0, 0, 0, 0, 0, 1]}, 4.198189824511467e-06], "ACC": [{"max": 0.012578616352201257, "min": 0.0047169811320754715, "sm": 0.00037436358191075163, "value": [178, 0, 0, 0, 20, 0, 0, 2, 0, 0, 0, 0, 10, 0, 0, 0, 2, 0, 0, 0, 0, 1]}, 0.005206501060872599], "LCC": [{"max": 0, "min": 0, "sm": 0.0, "value": [213, 0, 0, 0, 0, 0, 0, 0, 0, 0, 0, 0, 0, 0, 0, 0, 0, 0, 0, 0, 0, 0]}, 0.0]}, "rate-15": {"ANB": [{"max": 9.796238244514108e-05, "min": 0.0, "sm": 4.664875354530527e-06, "value": [287, 0, 0, 0, 20, 0, 0, 0, 6, 0, 0, 0, 5, 0, 0, 0, 1, 0, 0, 0, 0, 2]}, 3.7231808904383816e-06], "ACC": [{"max": 0.010000000000000002, "min": 0.003125, "sm": 0.0003273809523809525, "value": [230, 0, 0, 40, 6, 2, 0, 5, 0, 24, 0, 6, 2, 0, 0, 3, 0, 0, 0, 1, 0, 2]}, 0.0037768722494189956], "LCC": [{"max": 0, "min": 0, "sm": 0.0, "value": [321, 0, 0, 0, 0, 0, 0, 0, 0, 0, 0, 0, 0, 0, 0, 0, 0, 0, 0, 0, 0, 0]}, 0.0]}, "rate-20": {"ANB": [{"max": 0.00029686314608965266, "min": 0.0, "sm": 1.4136340289983459e-05, "value": [394, 8, 11, 6, 3, 0, 1, 1, 0, 0, 0, 1, 0, 1, 0, 1, 0, 0, 0, 0, 0, 1]}, 5.7286674954995235e-06], "ACC": [{"max": 0.012646370023419203, "min": 0.00234192037470726, "sm": 0.0004906880785100925, "value": [254, 62, 12, 13, 39, 9, 9, 7, 3, 5, 6, 0, 3, 1, 1, 1, 1, 1, 0, 0, 0, 1]}, 0.003260690463172796], "LCC": [{"max": 0, "min": 0, "sm": 0.0, "value": [428, 0, 0, 0, 0, 0, 0, 0, 0, 0, 0, 0, 0, 0, 0, 0, 0, 0, 0, 0, 0, 0]}, 0.0]}, "rate-25": {"ANB": [{"max": 0.00023981153634555433, "min": 0.0, "sm": 1.141959696883592e-05, "value": [457, 28, 7, 16, 7, 4, 1, 0, 1, 2, 2, 0, 3, 1, 3, 0, 0, 1, 0, 0, 0, 1]}, 8.05711815216942e-06], "ACC": [{"max": 0.010006253908692933, "min": 0.001876172607879925, "sm": 0.0003871467286101432, "value": [274, 62, 18, 21, 50, 2, 33, 7, 18, 10, 11, 8, 8, 2, 3, 1, 1, 1, 0, 2, 1, 1]}, 0.002953651781950271], "LCC": [{"max": 1.0, "min": 0, "sm": 0.047619047619047616, "value": [531, 0, 0, 1, 0, 0, 0, 0, 0, 0, 0, 0, 0, 0, 0, 0, 0, 0, 0, 0, 0, 2]}, 0.004057428214731586]}, "rate-30": {"ANB": [{"max": 0.00038514040561622465, "min": 0.0, "sm": 1.8340019315058315e-05, "value": [547, 43, 16, 11, 5, 6, 2, 4, 0, 4, 0, 0, 0, 1, 0, 0, 1, 0, 1, 0, 0, 1]}, 1.082111041451005e-05], "ACC": [{"max": 0.01148773223656219, "min": 0.0015600624024961, "sm": 0.00047274618257457575, "value": [272, 74, 40, 52, 56, 29, 25, 33, 15, 8, 13, 12, 5, 2, 1, 2, 0, 1, 1, 0, 0, 1]}, 0.002923914772252699], "LCC": [{"max": 0, "min": 0, "sm": 0.0, "value": [642, 0, 0, 0, 0, 0, 0, 0, 0, 0, 0, 0, 0, 0, 0, 0, 0, 0, 0, 0, 0, 0]}, 0.0]}, "rate-35": {"ANB": [{"max": 0.004293142846861111, "min": 0.0, "sm": 0.00020443537366005292, "value": [708, 6, 8, 7, 6, 2, 0, 1, 1, 0, 0, 0, 0, 1, 2, 1, 1, 1, 1, 0, 0, 1]}, 7.097019586584142e-05], "ACC": [{"max": 0.019225004068557334, "min": 0.0013404825737265416, "sm": 0.0008516438807062281, "value": [402, 128, 77, 31, 29, 6, 4, 2, 0, 0, 7, 8, 14, 4, 14, 3, 4, 8, 1, 2, 2, 1]}, 0.003340177827349319], "LCC": [{"max": 0, "min": 0, "sm": 0.0, "value": [747, 0, 0, 0, 0, 0, 0, 0, 0, 0, 0, 0, 0, 0, 0, 0, 0, 0, 0, 0, 0, 0]}, 0.0]}, "rate-40": {"ANB": [{"max": 0.009931806548552746, "min": 0.0, "sm": 0.0004729431689787022, "value": [795, 10, 5, 8, 3, 4, 4, 1, 2, 1, 2, 4, 3, 1, 3, 3, 2, 1, 0, 1, 0, 1]}, 0.0002666721989345795], "ACC": [{"max": 0.026207229993007595, "min": 0.0011723329425556857, "sm": 0.0011921379547834242, "value": [443, 148, 67, 33, 12, 6, 2, 0, 3, 1, 4, 13, 10, 22, 15, 13, 22, 17, 6, 11, 5, 1]}, 0.005202925900454466], "LCC": [{"max": 0.3333333333333333, "min": 0, "sm": 0.015873015873015872, "value": [851, 1, 0, 0, 0, 0, 1, 0, 0, 0, 0, 0, 0, 0, 0, 0, 0, 0, 0, 0, 0, 1]}, 0.0005399427530575072]}}