{"rate-5": {"ANB": [{"max": 0.48366910866910867, "min": 0.0, "sm": 0.023031862317576604, "value": [35, 8, 5, 9, 9, 2, 4, 2, 8, 2, 1, 6, 4, 1, 5, 0, 2, 1, 0, 1, 0, 1]}, 0.11959015826940358], "ACC": [{"max": 0.10542168674698796, "min": 0.03900445765230312, "sm": 0.0031627251949849925, "value": [4, 3, 2, 1, 2, 1, 4, 4, 5, 3, 3, 6, 9, 9, 8, 9, 8, 10, 7, 6, 1, 1]}, 0.07901046761791208], "LCC": [{"max": 1.0, "min": 0, "sm": 0.047619047619047616, "value": [99, 0, 1, 1, 2, 0, 0, 0, 0, 0, 0, 0, 0, 0, 0, 0, 0, 0, 0, 0, 0, 3]}, 0.03459119496855346]}, "rate-10": {"ANB": [{"max": 0.4332898140787348, "min": 0.0, "sm": 0.020632848289463563, "value": [54, 31, 24, 17, 8, 19, 16, 5, 1, 4, 3, 3, 5, 9, 2, 0, 1, 1, 6, 2, 1, 1]}, 0.09826220130404181], "ACC": [{"max": 0.06447688564476886, "min": 0.023083623693379792, "sm": 0.0019711077119709077, "value": [4, 4, 3, 4, 3, 4, 3, 4, 9, 9, 11, 25, 22, 22, 12, 19, 13, 15, 11, 8, 7, 1]}, 0.048265793545394065], "LCC": [{"max": 1.0, "min": 0, "sm": 0.047619047619047616, "value": [207, 0, 0, 1, 0, 0, 0, 1, 0, 0, 0, 0, 0, 0, 0, 0, 0, 0, 0, 0, 0, 4]}, 0.02112676056338028]}, "rate-15": {"ANB": [{"max": 0.19191227577694708, "min": 0.0, "sm": 0.009138679798902241, "value": [118, 58, 37, 26, 15, 16, 11, 2, 7, 9, 4, 2, 6, 6, 1, 0, 0, 0, 1, 0, 0, 1]}, 0.027828463555529287], "ACC": [{"max": 0.13551401869158877, "min": 0.06933275374918496, "sm": 0.0031514888067811337, "value": [4, 2, 5, 10, 14, 18, 17, 26, 21, 22, 19, 20, 33, 27, 14, 16, 24, 8, 8, 10, 1, 1]}, 0.10361548004227294], "LCC": [{"max": 1.0, "min": 0, "sm": 0.047619047619047616, "value": [290, 3, 6, 6, 1, 0, 0, 7, 0, 0, 0, 0, 0, 0, 0, 0, 0, 0, 0, 0, 0, 7]}, 0.03554315476190476]}, "rate-20": {"ANB": [{"max": 0.22573920062569597, "min": 0.0, "sm": 0.01074948574408076, "value": [211, 84, 44, 25, 18, 14, 8, 7, 4, 2, 1, 1, 1, 1, 2, 1, 2, 0, 0, 0, 0, 1]}, 0.021453465246638957], "ACC": [{"max": 0.14534288638689866, "min": 0.06633447524135783, "sm": 0.0037623052926448013, "value": [9, 16, 21, 21, 24, 20, 28, 33, 26, 24, 32, 21, 37, 30, 23, 23, 15, 8, 12, 1, 2, 1]}, 0.10213358508273768], "LCC": [{"max": 1.0, "min": 0, "sm": 0.047619047619047616, "value": [385, 5, 4, 7, 4, 0, 0, 9, 0, 0, 3, 0, 0, 0, 1, 0, 0, 0, 0, 0, 0, 9]}, 0.03963235567451023]}, "rate-25": {"ANB": [{"max": 0.18244633313910044, "min": 0.0, "sm": 0.00868792062567145, "value": [241, 130, 52, 23, 23, 19, 17, 5, 1, 8, 2, 5, 3, 0, 1, 0, 2, 1, 0, 0, 1, 0]}, 0.018279659453881672], "ACC": [{"max": 0.12269797421731124, "min": 0.06147635524798155, "sm": 0.0029153151890156997, "value": [6, 4, 8, 12, 14, 20, 23, 24, 24, 46, 42, 55, 41, 55, 44, 38, 31, 21, 11, 11, 3, 1]}, 0.09500913438778909], "LCC": [{"max": 1.0, "min": 0, "sm": 0.047619047619047616, "value": [501, 2, 6, 10, 0, 0, 0, 8, 0, 0, 0, 0, 0, 0, 0, 0, 0, 0, 0, 0, 0, 7]}, 0.02269160302868168]}, "rate-30": {"ANB": [{"max": 0.190443404181149, "min": 0.0, "sm": 0.009068733532435666, "value": [400, 102, 60, 35, 16, 9, 7, 3, 3, 2, 3, 0, 0, 0, 0, 0, 0, 0, 0, 0, 0, 1]}, 0.011898138484224814], "ACC": [{"max": 0.16028049085900326, "min": 0.08007006130364068, "sm": 0.003819544264541075, "value": [2, 9, 18, 23, 32, 37, 37, 42, 55, 52, 49, 76, 54, 49, 36, 34, 13, 6, 9, 4, 3, 1]}, 0.11834044149105624], "LCC": [{"max": 1.0, "min": 0, "sm": 0.047619047619047616, "value": [585, 7, 12, 16, 0, 0, 0, 12, 0, 0, 0, 0, 0, 0, 3, 0, 0, 0, 0, 0, 0, 6]}, 0.025816288062777915]}, "rate-35": {"ANB": [{"max": 0.18540462769855173, "min": 0.0, "sm": 0.008828791795169131, "value": [480, 124, 55, 31, 14, 12, 10, 5, 5, 2, 2, 0, 2, 0, 0, 3, 0, 1, 0, 0, 1, 0]}, 0.012009764231006814], "ACC": [{"max": 0.1387906976744186, "min": 0.06761533581074956, "sm": 0.0033893029458890015, "value": [2, 6, 7, 20, 26, 37, 54, 60, 72, 86, 81, 65, 65, 49, 46, 31, 12, 13, 8, 4, 2, 1]}, 0.10207946957281576], "LCC": [{"max": 1.0, "min": 0, "sm": 0.047619047619047616, "value": [655, 8, 14, 25, 1, 0, 1, 24, 0, 0, 0, 0, 0, 0, 0, 0, 0, 0, 0, 0, 0, 19]}, 0.04499276567549661]}, "rate-40": {"ANB": [{"max": 0.10051220280229443, "min": 0.0, "sm": 0.00478629537153783, "value": [455, 159, 74, 55, 36, 22, 11, 12, 12, 2, 4, 5, 3, 1, 0, 0, 1, 1, 0, 0, 0, 1]}, 0.008632435746065967], "ACC": [{"max": 0.15628435324294612, "min": 0.07210481825866441, "sm": 0.004008549284965796, "value": [2, 4, 6, 10, 11, 11, 27, 40, 48, 43, 77, 84, 82, 105, 99, 72, 52, 43, 20, 17, 0, 1]}, 0.12167320984288921], "LCC": [{"max": 1.0, "min": 0, "sm": 0.047619047619047616, "value": [756, 14, 17, 20, 5, 0, 0, 17, 0, 0, 0, 0, 0, 0, 4, 0, 0, 0, 0, 0, 0, 21]}, 0.04255418014200216]}}