{"rate-5": {"ANB": [{"max": 0.0007326007326007326, "min": 0.0, "sm": 3.4885749171463454e-05, "value": [96, 0, 0, 0, 0, 2, 0, 0, 0, 0, 2, 0, 0, 0, 0, 4, 0, 0, 0, 0, 0, 2]}, 4.49236298292902e-05], "ACC": [{"max": 0.025396825396825397, "min": 0.0, "sm": 0.0012093726379440665, "value": [76, 0, 0, 0, 0, 0, 0, 10, 0, 0, 4, 2, 4, 0, 0, 2, 0, 2, 4, 0, 0, 2]}, 0.00428656997390151], "LCC": [{"max": 0, "min": 0, "sm": 0.0, "value": [106, 0, 0, 0, 0, 0, 0, 0, 0, 0, 0, 0, 0, 0, 0, 0, 0, 0, 0, 0, 0, 0]}, 0.0]}, "rate-10": {"ANB": [{"max": 0.0030403290709112045, "min": 0.0, "sm": 0.00014477757480529544, "value": [195, 1, 1, 3, 3, 1, 2, 0, 3, 0, 0, 0, 1, 1, 0, 0, 0, 0, 1, 0, 0, 1]}, 9.718809443744047e-05], "ACC": [{"max": 0.03537735849056604, "min": 0.0, "sm": 0.0016846361185983826, "value": [119, 0, 28, 8, 6, 8, 6, 5, 1, 1, 8, 4, 2, 7, 3, 0, 1, 2, 2, 1, 0, 1]}, 0.00548143155336264], "LCC": [{"max": 1.0, "min": 0, "sm": 0.047619047619047616, "value": [198, 0, 0, 4, 0, 0, 0, 3, 0, 0, 0, 0, 0, 0, 0, 0, 0, 0, 0, 0, 0, 8]}, 0.04538341158059468]}, "rate-15": {"ANB": [{"max": 0.018463752686264073, "min": 0.0, "sm": 0.0008792263183935274, "value": [284, 14, 4, 5, 2, 1, 1, 0, 1, 2, 2, 0, 1, 1, 0, 0, 0, 1, 0, 0, 0, 1]}, 0.0005446462017704696], "ACC": [{"max": 0.05988643757023718, "min": 0.0, "sm": 0.0028517351223922467, "value": [112, 61, 19, 16, 7, 3, 4, 2, 10, 7, 20, 7, 17, 9, 10, 8, 5, 0, 2, 0, 0, 1]}, 0.012920197941171802], "LCC": [{"max": 1.0, "min": 0, "sm": 0.047619047619047616, "value": [294, 1, 1, 2, 0, 0, 0, 8, 0, 0, 0, 0, 0, 0, 0, 0, 0, 0, 0, 0, 0, 14]}, 0.053576770451770464]}, "rate-20": {"ANB": [{"max": 0.09196555263657734, "min": 0.0, "sm": 0.004379312030313207, "value": [332, 29, 24, 7, 14, 2, 3, 3, 3, 1, 2, 1, 2, 1, 0, 0, 0, 1, 0, 0, 1, 1]}, 0.0044143743851731395], "ACC": [{"max": 0.11793570006802893, "min": 0.0, "sm": 0.005615985717525187, "value": [187, 2, 0, 0, 0, 0, 0, 0, 5, 9, 11, 22, 27, 23, 37, 32, 19, 28, 12, 4, 8, 1]}, 0.04622067732527642], "LCC": [{"max": 1.0, "min": 0, "sm": 0.047619047619047616, "value": [374, 4, 6, 6, 3, 0, 0, 16, 0, 0, 2, 0, 1, 0, 2, 0, 0, 0, 0, 0, 0, 13]}, 0.05589902627717754]}, "rate-25": {"ANB": [{"max": 0.0697022939339827, "min": 0.0, "sm": 0.003319156853999176, "value": [355, 44, 34, 29, 21, 8, 6, 6, 4, 7, 7, 2, 3, 3, 0, 0, 3, 0, 1, 0, 0, 1]}, 0.0054797517224137405], "ACC": [{"max": 0.17004122401112542, "min": 0.0, "sm": 0.008097201143386926, "value": [136, 0, 0, 0, 0, 0, 0, 0, 1, 3, 7, 22, 45, 48, 66, 71, 60, 28, 25, 16, 5, 1]}, 0.0910849508051131], "LCC": [{"max": 1.0, "min": 0, "sm": 0.047619047619047616, "value": [400, 21, 17, 18, 8, 3, 0, 39, 3, 0, 4, 0, 1, 0, 5, 0, 0, 0, 0, 0, 0, 15]}, 0.08210934924418076]}, "rate-30": {"ANB": [{"max": 0.0922627719221537, "min": 0.0, "sm": 0.004393465329626366, "value": [456, 67, 47, 20, 14, 9, 10, 4, 2, 2, 3, 3, 0, 1, 0, 1, 0, 0, 0, 1, 0, 1]}, 0.004875034790123999], "ACC": [{"max": 0.15263443935926774, "min": 0.0, "sm": 0.007268306636155607, "value": [178, 0, 0, 0, 0, 0, 0, 2, 2, 8, 18, 44, 45, 61, 63, 72, 68, 45, 22, 9, 3, 1]}, 0.07720670104283438], "LCC": [{"max": 1.0, "min": 0, "sm": 0.047619047619047616, "value": [453, 14, 20, 20, 16, 5, 10, 38, 4, 0, 7, 0, 1, 0, 13, 0, 0, 0, 0, 0, 0, 40]}, 0.12617099899306977]}, "rate-35": {"ANB": [{"max": 0.06932074544485294, "min": 0.0, "sm": 0.00330098787832633, "value": [499, 80, 56, 31, 18, 22, 7, 9, 5, 0, 4, 4, 4, 2, 1, 0, 1, 1, 0, 1, 1, 1]}, 0.004755793179495367], "ACC": [{"max": 0.18158319980052226, "min": 0.0, "sm": 0.008646819038120108, "value": [133, 0, 0, 0, 0, 0, 0, 0, 1, 5, 13, 29, 46, 50, 89, 87, 111, 90, 52, 30, 10, 1]}, 0.11095491122210034], "LCC": [{"max": 1.0, "min": 0, "sm": 0.047619047619047616, "value": [486, 29, 41, 30, 19, 10, 14, 56, 7, 1, 10, 0, 0, 0, 14, 0, 0, 1, 0, 0, 0, 29]}, 0.11836738615432335]}, "rate-40": {"ANB": [{"max": 0.05664105305156389, "min": 0.0, "sm": 0.002697193002455423, "value": [578, 106, 61, 32, 13, 17, 8, 10, 6, 5, 7, 2, 2, 1, 0, 2, 1, 2, 0, 0, 0, 1]}, 0.0035926969320132845], "ACC": [{"max": 0.2056008760137379, "min": 0.0, "sm": 0.00979051790541609, "value": [165, 0, 0, 0, 0, 0, 0, 5, 9, 8, 15, 37, 50, 93, 123, 149, 101, 55, 30, 10, 3, 1]}, 0.11719017739087523], "LCC": [{"max": 1.0, "min": 0, "sm": 0.047619047619047616, "value": [525, 41, 55, 48, 35, 8, 9, 66, 4, 2, 7, 1, 0, 0, 18, 0, 0, 0, 0, 0, 0, 35]}, 0.12201279437985604]}}