{"rate-5": {"ANB": [{"max": 0.001282051282051282, "min": 0.0, "sm": 6.105006105006105e-05, "value": [100, 0, 0, 3, 0, 0, 1, 0, 0, 0, 0, 0, 0, 0, 0, 0, 0, 0, 0, 0, 0, 2]}, 3.282880641371207e-05], "ACC": [{"max": 0.03401360544217687, "min": 0.0, "sm": 0.0016196954972465174, "value": [69, 0, 0, 0, 0, 18, 0, 6, 0, 0, 1, 3, 0, 6, 0, 0, 0, 1, 0, 0, 0, 2]}, 0.005169251233941262], "LCC": [{"max": 1.0, "min": 0, "sm": 0.047619047619047616, "value": [103, 0, 0, 0, 0, 0, 0, 1, 0, 0, 0, 0, 0, 0, 0, 0, 0, 0, 0, 0, 0, 2]}, 0.022012578616352203]}, "rate-10": {"ANB": [{"max": 0.006259501028346597, "min": 0.0, "sm": 0.00029807147754031416, "value": [165, 20, 4, 5, 2, 4, 1, 2, 2, 0, 2, 1, 0, 0, 1, 2, 1, 0, 0, 0, 0, 1]}, 0.0003417326517152337], "ACC": [{"max": 0.0315180102915952, "min": 0.0, "sm": 0.0015008576329331048, "value": [89, 0, 0, 16, 8, 7, 9, 4, 12, 11, 11, 8, 8, 9, 8, 2, 2, 4, 1, 3, 0, 1]}, 0.00839594146748051], "LCC": [{"max": 1.0, "min": 0, "sm": 0.047619047619047616, "value": [207, 0, 1, 1, 0, 0, 0, 3, 0, 0, 0, 0, 0, 0, 0, 0, 0, 0, 0, 0, 0, 1]}, 0.010641627543035994]}, "rate-15": {"ANB": [{"max": 0.02656394787169022, "min": 0.0, "sm": 0.0012649498986519153, "value": [256, 16, 11, 5, 3, 5, 4, 1, 3, 2, 4, 1, 2, 0, 3, 1, 1, 0, 0, 0, 1, 1]}, 0.0015436160564657637], "ACC": [{"max": 0.057105795512454254, "min": 0.0, "sm": 0.002719323595831155, "value": [121, 38, 17, 12, 8, 9, 9, 3, 15, 4, 7, 6, 8, 10, 10, 6, 13, 11, 3, 3, 6, 1]}, 0.014762059386484375], "LCC": [{"max": 1.0, "min": 0, "sm": 0.047619047619047616, "value": [291, 0, 1, 5, 0, 0, 0, 12, 0, 0, 0, 0, 0, 0, 2, 0, 0, 0, 0, 0, 0, 9]}, 0.04770833333333333]}, "rate-20": {"ANB": [{"max": 0.14264021682082997, "min": 0.0, "sm": 0.0067923912771823795, "value": [350, 28, 16, 7, 4, 4, 0, 2, 0, 0, 0, 1, 3, 3, 1, 0, 1, 0, 0, 4, 2, 1]}, 0.007096671963636524], "ACC": [{"max": 0.06551732984427512, "min": 0.0, "sm": 0.0031198728497273866, "value": [164, 26, 6, 4, 0, 0, 0, 0, 0, 3, 16, 24, 10, 23, 33, 30, 30, 25, 18, 9, 5, 1]}, 0.025557867679657925], "LCC": [{"max": 1.0, "min": 0, "sm": 0.047619047619047616, "value": [367, 2, 5, 18, 3, 1, 1, 12, 3, 1, 1, 0, 0, 0, 1, 0, 0, 0, 0, 0, 0, 12]}, 0.055288817349707274]}, "rate-25": {"ANB": [{"max": 0.10615556112744445, "min": 0.0, "sm": 0.005055026720354498, "value": [378, 68, 25, 17, 18, 8, 7, 2, 4, 1, 0, 0, 1, 1, 0, 2, 0, 0, 0, 1, 0, 1]}, 0.0056901613816990725], "ACC": [{"max": 0.1682860961373792, "min": 0.0, "sm": 0.008013623625589486, "value": [129, 6, 0, 0, 0, 0, 0, 0, 0, 1, 13, 30, 45, 61, 69, 50, 60, 41, 14, 9, 5, 1]}, 0.08914478266259407], "LCC": [{"max": 1.0, "min": 0, "sm": 0.047619047619047616, "value": [379, 9, 24, 24, 16, 2, 4, 32, 2, 0, 3, 0, 2, 0, 8, 1, 1, 0, 3, 0, 0, 24]}, 0.11213702028308768]}, "rate-30": {"ANB": [{"max": 0.07338871301248343, "min": 0.0, "sm": 0.003494700619642068, "value": [454, 77, 34, 19, 9, 9, 6, 3, 2, 10, 1, 6, 3, 2, 2, 0, 0, 1, 2, 0, 0, 1]}, 0.00451298861813627], "ACC": [{"max": 0.14021876435461644, "min": 0.0, "sm": 0.006677084016886497, "value": [198, 0, 0, 0, 0, 0, 0, 0, 0, 10, 11, 22, 41, 75, 46, 78, 63, 48, 31, 10, 7, 1]}, 0.06985829404905544], "LCC": [{"max": 1.0, "min": 0, "sm": 0.047619047619047616, "value": [497, 16, 22, 24, 14, 3, 3, 32, 2, 0, 4, 0, 0, 0, 4, 0, 0, 0, 0, 0, 0, 20]}, 0.0749007712174784]}, "rate-35": {"ANB": [{"max": 0.08999302606618112, "min": 0.0, "sm": 0.004285382193627672, "value": [588, 70, 24, 23, 15, 8, 6, 1, 2, 4, 1, 2, 0, 2, 0, 0, 0, 0, 0, 0, 0, 1]}, 0.0037003451607438616], "ACC": [{"max": 0.1747755250940403, "min": 0.0, "sm": 0.008322644052097157, "value": [189, 5, 0, 0, 0, 0, 0, 0, 0, 3, 9, 30, 57, 67, 100, 109, 81, 54, 34, 6, 2, 1]}, 0.09297198663536518], "LCC": [{"max": 1.0, "min": 0, "sm": 0.047619047619047616, "value": [502, 24, 40, 30, 18, 11, 13, 50, 5, 0, 6, 1, 0, 0, 15, 0, 0, 0, 0, 0, 0, 32]}, 0.11444567039298911]}, "rate-40": {"ANB": [{"max": 0.0527269684840988, "min": 0.0, "sm": 0.0025108080230523237, "value": [515, 112, 74, 44, 26, 12, 19, 9, 10, 8, 4, 5, 6, 3, 2, 2, 1, 0, 1, 0, 0, 1]}, 0.004301434975170467], "ACC": [{"max": 0.19086599724756614, "min": 0.0, "sm": 0.009088857011788864, "value": [142, 0, 0, 0, 0, 0, 0, 2, 7, 9, 22, 42, 59, 76, 97, 128, 113, 79, 57, 15, 5, 1]}, 0.11421993221034896], "LCC": [{"max": 1.0, "min": 0, "sm": 0.047619047619047616, "value": [519, 44, 54, 45, 38, 10, 12, 58, 9, 1, 7, 0, 0, 0, 16, 0, 1, 0, 0, 0, 0, 40]}, 0.12739219454150474]}}