{"rate-5": {"ANB": [{"max": 0.014652014652014652, "min": 0.0, "sm": 0.0006977149834292691, "value": [100, 0, 0, 1, 0, 0, 1, 1, 0, 0, 0, 0, 1, 0, 0, 1, 0, 0, 0, 0, 0, 1]}, 0.00044059713871034625], "ACC": [{"max": 0.07142857142857142, "min": 0.0, "sm": 0.003401360544217687, "value": [72, 0, 12, 4, 0, 2, 0, 0, 1, 0, 1, 2, 1, 2, 5, 1, 1, 0, 0, 1, 0, 1]}, 0.009186546507952753], "LCC": [{"max": 1.0, "min": 0, "sm": 0.047619047619047616, "value": [103, 1, 0, 0, 0, 0, 0, 0, 0, 0, 0, 0, 0, 0, 0, 0, 0, 0, 0, 0, 0, 2]}, 0.019317160826594786]}, "rate-10": {"ANB": [{"max": 0.0018778503085039792, "min": 0.0, "sm": 8.942144326209425e-05, "value": [188, 8, 4, 2, 2, 2, 1, 1, 0, 2, 0, 0, 1, 0, 1, 0, 0, 0, 0, 0, 0, 1]}, 5.2477372806393326e-05], "ACC": [{"max": 0.024815422477440528, "min": 0.0, "sm": 0.0011816867846400252, "value": [116, 0, 0, 12, 0, 16, 0, 17, 8, 10, 4, 8, 8, 2, 3, 3, 3, 0, 0, 2, 0, 1]}, 0.0049435286223425716], "LCC": [{"max": 1.0, "min": 0, "sm": 0.047619047619047616, "value": [198, 0, 1, 1, 0, 0, 0, 2, 0, 0, 0, 0, 0, 0, 0, 0, 0, 0, 0, 0, 0, 11]}, 0.05602503912363067]}, "rate-15": {"ANB": [{"max": 0.05292515263237451, "min": 0.0, "sm": 0.0025202453634464053, "value": [259, 12, 6, 8, 9, 3, 2, 3, 0, 1, 4, 1, 4, 4, 0, 1, 0, 0, 2, 0, 0, 1]}, 0.003260976715758759], "ACC": [{"max": 0.06746481691456013, "min": 0.0, "sm": 0.003212610329264768, "value": [134, 24, 16, 10, 9, 3, 4, 0, 1, 6, 8, 12, 13, 12, 15, 12, 17, 11, 8, 2, 2, 1]}, 0.019587942327549613], "LCC": [{"max": 1.0, "min": 0, "sm": 0.047619047619047616, "value": [290, 3, 4, 2, 2, 1, 0, 5, 0, 0, 2, 0, 0, 0, 5, 0, 0, 0, 0, 0, 0, 6]}, 0.04245535714285714]}, "rate-20": {"ANB": [{"max": 0.0855816619604816, "min": 0.0, "sm": 0.004075317236213409, "value": [340, 29, 18, 8, 7, 7, 5, 2, 1, 3, 1, 0, 1, 0, 1, 1, 0, 1, 0, 0, 1, 1]}, 0.003904157830299056], "ACC": [{"max": 0.13447733426840433, "min": 0.0, "sm": 0.00640368258420973, "value": [182, 9, 0, 0, 0, 0, 0, 1, 6, 12, 15, 28, 28, 29, 36, 25, 22, 17, 9, 6, 1, 1]}, 0.049962632378439474], "LCC": [{"max": 1.0, "min": 0, "sm": 0.047619047619047616, "value": [354, 8, 11, 6, 7, 2, 4, 12, 1, 0, 2, 0, 1, 0, 3, 0, 0, 2, 0, 0, 0, 14]}, 0.06902899338496528]}, "rate-25": {"ANB": [{"max": 0.0963611074391161, "min": 0.0, "sm": 0.004588624163767434, "value": [384, 56, 29, 13, 19, 10, 6, 3, 4, 3, 2, 0, 2, 1, 1, 0, 0, 0, 0, 0, 0, 1]}, 0.00512929349957519], "ACC": [{"max": 0.14433570863726075, "min": 0.0, "sm": 0.006873128982726702, "value": [172, 0, 0, 0, 0, 0, 0, 0, 0, 7, 21, 40, 30, 53, 53, 43, 45, 35, 18, 13, 3, 1]}, 0.06841460920817603], "LCC": [{"max": 1.0, "min": 0, "sm": 0.047619047619047616, "value": [410, 8, 23, 14, 8, 2, 2, 27, 1, 0, 2, 0, 0, 0, 8, 0, 0, 0, 0, 0, 0, 29]}, 0.09921194078497453]}, "rate-30": {"ANB": [{"max": 0.07368950853881907, "min": 0.0, "sm": 0.0035090242161342415, "value": [446, 69, 41, 27, 14, 15, 8, 2, 2, 3, 1, 3, 3, 1, 1, 0, 0, 3, 0, 1, 0, 1]}, 0.004480502576910586], "ACC": [{"max": 0.1507912139820501, "min": 0.0, "sm": 0.0071805339991452425, "value": [188, 0, 0, 0, 0, 0, 0, 0, 0, 6, 12, 29, 51, 59, 66, 74, 71, 40, 26, 15, 3, 1]}, 0.07618325547553674], "LCC": [{"max": 1.0, "min": 0, "sm": 0.047619047619047616, "value": [480, 10, 24, 21, 17, 6, 4, 39, 3, 0, 8, 0, 1, 0, 7, 0, 0, 0, 0, 0, 0, 21]}, 0.08939402597748941]}, "rate-35": {"ANB": [{"max": 0.07174889831976465, "min": 0.0, "sm": 0.003416614205703079, "value": [533, 80, 49, 27, 14, 11, 11, 9, 4, 1, 3, 1, 0, 1, 0, 2, 0, 0, 0, 0, 0, 1]}, 0.003823073691145577], "ACC": [{"max": 0.17290082626466838, "min": 0.0, "sm": 0.008233372679269923, "value": [184, 1, 0, 0, 0, 0, 0, 0, 0, 0, 3, 25, 41, 74, 99, 112, 81, 68, 39, 13, 6, 1]}, 0.09566851763076416], "LCC": [{"max": 1.0, "min": 0, "sm": 0.047619047619047616, "value": [518, 22, 47, 27, 20, 6, 8, 41, 1, 0, 10, 0, 0, 0, 11, 0, 0, 0, 0, 0, 0, 36]}, 0.10908258543741661]}, "rate-40": {"ANB": [{"max": 0.0521638245671833, "min": 0.0, "sm": 0.0024839916460563474, "value": [569, 103, 61, 30, 26, 14, 12, 5, 11, 8, 2, 1, 4, 1, 1, 1, 2, 1, 0, 0, 1, 1]}, 0.0035011831409729514], "ACC": [{"max": 0.2003224989156994, "min": 0.0, "sm": 0.009539166615033304, "value": [170, 0, 0, 0, 0, 0, 0, 3, 9, 15, 17, 22, 44, 59, 102, 126, 115, 99, 43, 22, 7, 1]}, 0.1171809926262486], "LCC": [{"max": 1.0, "min": 0, "sm": 0.047619047619047616, "value": [502, 34, 65, 62, 33, 17, 11, 49, 8, 4, 9, 1, 4, 0, 10, 0, 0, 2, 0, 0, 0, 43]}, 0.1343411089856337]}}