{"rate-5": {"ANB": [{"max": 0.0005494505494505495, "min": 0.0, "sm": 2.6164311878597592e-05, "value": [100, 0, 0, 0, 0, 0, 0, 2, 0, 0, 0, 0, 0, 0, 2, 0, 0, 0, 0, 0, 0, 2]}, 2.073398299813394e-05], "ACC": [{"max": 0.02857142857142857, "min": 0.0, "sm": 0.0013605442176870747, "value": [68, 0, 0, 0, 0, 0, 0, 20, 0, 4, 2, 0, 6, 0, 2, 2, 0, 0, 0, 0, 0, 2]}, 0.004818808026355197], "LCC": [{"max": 0, "min": 0, "sm": 0.0, "value": [106, 0, 0, 0, 0, 0, 0, 0, 0, 0, 0, 0, 0, 0, 0, 0, 0, 0, 0, 0, 0, 0]}, 0.0]}, "rate-10": {"ANB": [{"max": 0.005365286595725655, "min": 0.0, "sm": 0.00025548983789169783, "value": [179, 4, 2, 10, 1, 4, 4, 1, 1, 0, 0, 0, 0, 0, 1, 1, 2, 0, 0, 1, 1, 1]}, 0.00028736609348780994], "ACC": [{"max": 0.03773584905660378, "min": 0.0, "sm": 0.0017969451931716086, "value": [97, 0, 34, 6, 5, 9, 2, 6, 4, 7, 5, 7, 3, 8, 8, 4, 1, 2, 2, 1, 1, 1]}, 0.008023095587384812], "LCC": [{"max": 1.0, "min": 0, "sm": 0.047619047619047616, "value": [201, 0, 1, 0, 0, 0, 0, 4, 0, 0, 0, 0, 0, 0, 2, 0, 0, 0, 0, 0, 0, 5]}, 0.036619718309859155]}, "rate-15": {"ANB": [{"max": 0.03315852079677714, "min": 0.0, "sm": 0.0015789771807989115, "value": [273, 23, 6, 1, 2, 2, 5, 0, 0, 3, 0, 2, 0, 0, 0, 0, 1, 0, 1, 0, 0, 1]}, 0.0010554060448335015], "ACC": [{"max": 0.06712856657947806, "min": 0.0, "sm": 0.0031965984085465743, "value": [159, 40, 26, 8, 4, 0, 0, 1, 1, 2, 7, 12, 5, 17, 11, 7, 9, 2, 4, 4, 0, 1]}, 0.013679553093384972], "LCC": [{"max": 1.0, "min": 0, "sm": 0.047619047619047616, "value": [306, 1, 1, 2, 2, 0, 0, 6, 0, 0, 0, 0, 0, 0, 0, 0, 0, 0, 0, 0, 0, 2]}, 0.015496031746031744]}, "rate-20": {"ANB": [{"max": 0.09546944411567446, "min": 0.0, "sm": 0.0045461640055083075, "value": [344, 18, 14, 13, 4, 3, 0, 2, 2, 8, 5, 0, 3, 0, 2, 0, 3, 3, 2, 0, 0, 1]}, 0.0057823508068662694], "ACC": [{"max": 0.04609039024156288, "min": 0.0, "sm": 0.0021947804876934706, "value": [135, 56, 28, 13, 7, 1, 0, 3, 6, 12, 3, 9, 15, 10, 18, 23, 26, 25, 17, 9, 10, 1]}, 0.01574658857173833], "LCC": [{"max": 1.0, "min": 0, "sm": 0.047619047619047616, "value": [370, 4, 1, 6, 3, 1, 2, 17, 2, 0, 5, 0, 0, 0, 3, 0, 0, 0, 0, 0, 0, 13]}, 0.0628415300546448]}, "rate-25": {"ANB": [{"max": 0.08327575863881558, "min": 0.0, "sm": 0.003965512316134075, "value": [370, 58, 27, 22, 11, 11, 8, 4, 4, 4, 3, 1, 3, 0, 2, 2, 0, 2, 1, 0, 0, 1]}, 0.005551631783043413], "ACC": [{"max": 0.1385770114168889, "min": 0.0, "sm": 0.006598905305566139, "value": [169, 1, 0, 0, 0, 0, 0, 2, 3, 9, 13, 22, 45, 57, 71, 59, 32, 24, 21, 3, 2, 1]}, 0.06508678090000541], "LCC": [{"max": 1.0, "min": 0, "sm": 0.047619047619047616, "value": [423, 8, 17, 16, 5, 2, 7, 27, 1, 0, 3, 0, 0, 0, 6, 0, 0, 1, 0, 0, 0, 18]}, 0.07933809843922207]}, "rate-30": {"ANB": [{"max": 0.07098961024315138, "min": 0.0, "sm": 0.0033804576306262564, "value": [415, 78, 43, 29, 13, 16, 16, 5, 8, 5, 2, 2, 2, 3, 0, 0, 0, 2, 1, 0, 0, 1]}, 0.005096806571793385], "ACC": [{"max": 0.17075962830273175, "min": 0.0, "sm": 0.008131410871558655, "value": [146, 0, 0, 0, 0, 0, 0, 0, 2, 7, 10, 30, 39, 68, 77, 88, 79, 52, 28, 10, 4, 1]}, 0.09465945763362278], "LCC": [{"max": 1.0, "min": 0, "sm": 0.047619047619047616, "value": [452, 15, 40, 33, 18, 4, 6, 29, 4, 0, 8, 0, 0, 0, 9, 0, 0, 3, 0, 0, 0, 20]}, 0.09501590453228526]}, "rate-35": {"ANB": [{"max": 0.08643178174247043, "min": 0.0, "sm": 0.00411579913059383, "value": [533, 93, 53, 19, 10, 10, 11, 3, 3, 4, 2, 2, 1, 0, 1, 1, 0, 0, 0, 0, 0, 1]}, 0.004350079905301135], "ACC": [{"max": 0.19581977993884572, "min": 0.0, "sm": 0.00932475142565932, "value": [155, 0, 0, 0, 0, 0, 0, 0, 3, 11, 33, 54, 87, 102, 100, 80, 59, 41, 14, 7, 0, 1]}, 0.10456653960681828], "LCC": [{"max": 1.0, "min": 0, "sm": 0.047619047619047616, "value": [506, 19, 32, 43, 35, 7, 10, 38, 6, 0, 12, 0, 1, 0, 11, 0, 0, 0, 0, 0, 0, 27]}, 0.10679625998517683]}, "rate-40": {"ANB": [{"max": 0.06408700344146928, "min": 0.0, "sm": 0.003051762068641394, "value": [587, 115, 60, 27, 14, 12, 7, 8, 3, 4, 3, 3, 0, 3, 2, 1, 1, 1, 1, 0, 1, 1]}, 0.0038154409644820804], "ACC": [{"max": 0.2046590220703342, "min": 0.0, "sm": 0.009745667717634961, "value": [149, 0, 0, 0, 0, 0, 0, 0, 1, 6, 21, 39, 72, 94, 95, 137, 112, 60, 46, 17, 4, 1]}, 0.12095700969305999], "LCC": [{"max": 1.0, "min": 0, "sm": 0.047619047619047616, "value": [510, 40, 61, 57, 30, 11, 7, 64, 4, 0, 11, 0, 1, 0, 13, 0, 0, 4, 0, 0, 0, 41]}, 0.1311476793587654]}}