{"rate-5": {"ANB": [{"max": 0.00035938903863432165, "min": 0.0, "sm": 1.711376374449151e-05, "value": [102, 0, 0, 0, 0, 0, 0, 0, 0, 0, 3, 0, 0, 0, 0, 0, 0, 0, 0, 0, 2, 0]}, 1.175571621701052e-05], "ACC": [{"max": 0.021226415094339625, "min": 0.009433962264150943, "sm": 0.0005615453728661277, "value": [94, 0, 0, 0, 0, 6, 0, 0, 2, 0, 0, 0, 0, 0, 0, 0, 3, 0, 0, 0, 0, 2]}, 0.010183389172985374], "LCC": [{"max": 0, "min": 0, "sm": 0.0, "value": [107, 0, 0, 0, 0, 0, 0, 0, 0, 0, 0, 0, 0, 0, 0, 0, 0, 0, 0, 0, 0, 0]}, 0.0]}, "rate-10": {"ANB": [{"max": 0.00022145451324297988, "min": 0.0, "sm": 1.054545301157047e-05, "value": [203, 0, 0, 0, 9, 0, 0, 0, 0, 0, 0, 0, 1, 0, 0, 0, 0, 0, 0, 0, 0, 1]}, 3.5184361917108946e-06], "ACC": [{"max": 0.015023474178403757, "min": 0.004694835680751174, "sm": 0.0004918399284596468, "value": [182, 0, 0, 18, 0, 0, 0, 1, 0, 11, 0, 0, 0, 0, 0, 1, 0, 0, 0, 0, 0, 1]}, 0.005169681989479271], "LCC": [{"max": 0, "min": 0, "sm": 0.0, "value": [214, 0, 0, 0, 0, 0, 0, 0, 0, 0, 0, 0, 0, 0, 0, 0, 0, 0, 0, 0, 0, 0]}, 0.0]}, "rate-15": {"ANB": [{"max": 0.00022673054553340826, "min": 0.0, "sm": 1.0796692644448012e-05, "value": [277, 31, 0, 6, 0, 1, 0, 2, 0, 1, 0, 0, 0, 0, 1, 0, 0, 0, 0, 0, 0, 1]}, 4.867313341613925e-06], "ACC": [{"max": 0.014106583072100314, "min": 0.003134796238244514, "sm": 0.0005224660397074191, "value": [202, 62, 0, 4, 3, 33, 0, 6, 0, 1, 3, 0, 1, 3, 0, 1, 0, 0, 0, 0, 0, 1]}, 0.003989237588865326], "LCC": [{"max": 0, "min": 0, "sm": 0.0, "value": [320, 0, 0, 0, 0, 0, 0, 0, 0, 0, 0, 0, 0, 0, 0, 0, 0, 0, 0, 0, 0, 0]}, 0.0]}, "rate-20": {"ANB": [{"max": 0.00028721347694007183, "min": 0.0, "sm": 1.3676832235241516e-05, "value": [391, 12, 9, 0, 7, 0, 4, 0, 0, 1, 0, 1, 0, 0, 0, 0, 1, 0, 0, 0, 0, 1]}, 5.665623441711015e-06], "ACC": [{"max": 0.011184755592377795, "min": 0.002347417840375587, "sm": 0.00042082560723820037, "value": [256, 56, 12, 0, 17, 39, 12, 5, 5, 6, 0, 6, 6, 0, 2, 1, 2, 0, 1, 0, 0, 1]}, 0.003242095978464043], "LCC": [{"max": 0, "min": 0, "sm": 0.0, "value": [427, 0, 0, 0, 0, 0, 0, 0, 0, 0, 0, 0, 0, 0, 0, 0, 0, 0, 0, 0, 0, 0]}, 0.0]}, "rate-25": {"ANB": [{"max": 0.0008675534991324466, "min": 0.0, "sm": 4.1312071387259365e-05, "value": [508, 8, 5, 3, 1, 0, 0, 0, 0, 1, 0, 1, 0, 1, 0, 1, 0, 1, 2, 0, 1, 1]}, 1.624632020847276e-05], "ACC": [{"max": 0.01165341014190207, "min": 0.001876172607879925, "sm": 0.00046558273971534017, "value": [292, 52, 34, 13, 36, 41, 11, 5, 12, 9, 2, 3, 9, 3, 1, 4, 1, 1, 0, 1, 3, 1]}, 0.0029662742176561584], "LCC": [{"max": 0, "min": 0, "sm": 0.0, "value": [534, 0, 0, 0, 0, 0, 0, 0, 0, 0, 0, 0, 0, 0, 0, 0, 0, 0, 0, 0, 0, 0]}, 0.0]}, "rate-30": {"ANB": [{"max": 0.0007335680751173709, "min": 0.0, "sm": 3.493181310082718e-05, "value": [582, 18, 14, 14, 0, 1, 0, 1, 1, 1, 1, 0, 2, 0, 0, 1, 0, 0, 3, 1, 0, 1]}, 1.7272991389139137e-05], "ACC": [{"max": 0.012121212121212123, "min": 0.0015625, "sm": 0.0005027958152958153, "value": [294, 100, 21, 80, 10, 26, 25, 19, 7, 14, 14, 9, 6, 6, 3, 1, 3, 0, 2, 0, 0, 1]}, 0.0029004012885259947], "LCC": [{"max": 1.0, "min": 0, "sm": 0.047619047619047616, "value": [635, 1, 0, 0, 0, 0, 0, 1, 0, 0, 0, 0, 0, 0, 0, 0, 0, 0, 0, 0, 0, 4]}, 0.00686427457098284]}, "rate-35": {"ANB": [{"max": 0.002414667938175864, "min": 0.0, "sm": 0.00011498418753218399, "value": [690, 24, 6, 4, 3, 1, 4, 0, 1, 1, 3, 0, 3, 1, 0, 0, 3, 1, 1, 0, 0, 1]}, 5.218226728338278e-05], "ACC": [{"max": 0.014036399257578882, "min": 0.0013404825737265416, "sm": 0.0006045674611358258, "value": [404, 65, 113, 26, 15, 7, 11, 7, 12, 14, 12, 10, 12, 13, 8, 5, 3, 4, 4, 1, 0, 1]}, 0.0029541844199998803], "LCC": [{"max": 0, "min": 0, "sm": 0.0, "value": [747, 0, 0, 0, 0, 0, 0, 0, 0, 0, 0, 0, 0, 0, 0, 0, 0, 0, 0, 0, 0, 0]}, 0.0]}, "rate-40": {"ANB": [{"max": 0.0036848680987841857, "min": 0.0, "sm": 0.0001754699094659136, "value": [815, 14, 13, 2, 2, 1, 1, 2, 1, 0, 0, 1, 1, 0, 0, 0, 0, 0, 0, 0, 0, 1]}, 4.0367381258576205e-05], "ACC": [{"max": 0.021365921324797605, "min": 0.0011723329425556857, "sm": 0.0009615994467734248, "value": [426, 135, 94, 52, 42, 23, 13, 10, 6, 10, 8, 9, 8, 3, 8, 1, 1, 2, 2, 0, 0, 1]}, 0.0032770966089519077], "LCC": [{"max": 1.0, "min": 0, "sm": 0.047619047619047616, "value": [845, 1, 0, 2, 0, 0, 0, 2, 0, 0, 0, 0, 0, 0, 0, 0, 0, 0, 0, 0, 0, 4]}, 0.005932864949258392]}}