{"rate-5": {"ANB": [{"max": 0.005311355311355312, "min": 0.0, "sm": 0.00025292168149311007, "value": [95, 0, 0, 0, 1, 0, 0, 3, 0, 1, 0, 0, 2, 1, 0, 1, 0, 1, 0, 0, 0, 1]}, 0.0003092819130554979], "ACC": [{"max": 0.04666666666666666, "min": 0.0, "sm": 0.002222222222222222, "value": [63, 0, 0, 0, 14, 6, 0, 0, 3, 1, 1, 3, 1, 2, 3, 1, 1, 2, 1, 2, 1, 1]}, 0.008864327942130082], "LCC": [{"max": 1.0, "min": 0, "sm": 0.047619047619047616, "value": [103, 0, 0, 1, 0, 0, 0, 1, 0, 0, 0, 0, 0, 0, 0, 0, 0, 0, 0, 0, 0, 1]}, 0.014150943396226415]}, "rate-10": {"ANB": [{"max": 0.0027720647411249217, "min": 0.0, "sm": 0.00013200308291071055, "value": [185, 3, 2, 3, 5, 1, 0, 0, 2, 2, 1, 0, 0, 0, 0, 2, 1, 0, 2, 3, 0, 1]}, 0.00016184021773491707], "ACC": [{"max": 0.028891509433962265, "min": 0.0, "sm": 0.0013757861635220127, "value": [102, 0, 0, 26, 4, 4, 4, 13, 6, 2, 8, 11, 5, 11, 3, 2, 3, 3, 4, 0, 1, 1]}, 0.00668641470950639], "LCC": [{"max": 1.0, "min": 0, "sm": 0.047619047619047616, "value": [207, 0, 1, 0, 0, 0, 0, 2, 0, 0, 0, 0, 0, 0, 0, 0, 0, 0, 0, 0, 0, 3]}, 0.017683881064162753]}, "rate-15": {"ANB": [{"max": 0.07128868384561292, "min": 0.0, "sm": 0.0033946992307434722, "value": [278, 8, 7, 4, 3, 2, 3, 3, 3, 1, 1, 3, 2, 1, 0, 0, 0, 0, 0, 0, 0, 1]}, 0.0027539751779341896], "ACC": [{"max": 0.06000437910207047, "min": 0.0, "sm": 0.002857351385812879, "value": [130, 46, 18, 16, 2, 1, 0, 0, 2, 9, 15, 11, 10, 12, 11, 13, 6, 11, 2, 3, 1, 1]}, 0.014623544905801575], "LCC": [{"max": 1.0, "min": 0, "sm": 0.047619047619047616, "value": [291, 3, 0, 4, 0, 0, 0, 8, 0, 0, 0, 0, 0, 0, 1, 0, 0, 0, 0, 0, 0, 13]}, 0.053705357142857145]}, "rate-20": {"ANB": [{"max": 0.11274261354957277, "min": 0.0, "sm": 0.005368695883312989, "value": [325, 38, 16, 12, 8, 6, 3, 7, 3, 2, 0, 2, 1, 0, 0, 0, 0, 0, 0, 2, 1, 1]}, 0.00579132784492232], "ACC": [{"max": 0.1239123878879941, "min": 0.0, "sm": 0.00590058989942829, "value": [162, 6, 0, 0, 0, 0, 0, 4, 9, 15, 17, 21, 28, 37, 20, 47, 29, 16, 10, 3, 2, 1]}, 0.05027194122322605], "LCC": [{"max": 1.0, "min": 0, "sm": 0.047619047619047616, "value": [346, 3, 6, 14, 6, 2, 1, 20, 2, 0, 5, 0, 0, 0, 1, 0, 0, 0, 0, 0, 0, 21]}, 0.08638205406355287]}, "rate-25": {"ANB": [{"max": 0.08276025984029277, "min": 0.0, "sm": 0.003940964754299656, "value": [377, 53, 29, 21, 13, 9, 2, 3, 5, 3, 5, 3, 1, 3, 2, 1, 0, 1, 0, 1, 1, 1]}, 0.005386223109896509], "ACC": [{"max": 0.12256391034736996, "min": 0.0, "sm": 0.005836376683208093, "value": [188, 0, 0, 0, 0, 0, 0, 0, 6, 8, 14, 28, 38, 41, 50, 46, 58, 31, 13, 10, 2, 1]}, 0.055610507863768824], "LCC": [{"max": 1.0, "min": 0, "sm": 0.047619047619047616, "value": [438, 3, 14, 14, 4, 1, 1, 28, 0, 0, 2, 0, 0, 0, 5, 0, 0, 2, 0, 0, 0, 22]}, 0.0803969230935523]}, "rate-30": {"ANB": [{"max": 0.07430255583625808, "min": 0.0, "sm": 0.0035382169445837184, "value": [422, 87, 33, 32, 20, 13, 12, 4, 2, 6, 0, 1, 1, 1, 2, 2, 1, 0, 0, 0, 1, 1]}, 0.004898365535560388], "ACC": [{"max": 0.16952383642114777, "min": 0.0, "sm": 0.008072563639102274, "value": [150, 0, 0, 0, 0, 0, 0, 0, 0, 2, 10, 18, 47, 58, 86, 83, 80, 60, 27, 15, 4, 1]}, 0.09455032655828131], "LCC": [{"max": 1.0, "min": 0, "sm": 0.047619047619047616, "value": [459, 23, 19, 29, 12, 1, 11, 42, 4, 0, 4, 0, 1, 0, 11, 0, 0, 0, 0, 0, 0, 25]}, 0.10117711612087182]}, "rate-35": {"ANB": [{"max": 0.09565488455777243, "min": 0.0, "sm": 0.004554994502751068, "value": [530, 89, 43, 21, 22, 9, 9, 6, 7, 3, 3, 2, 0, 2, 0, 0, 0, 0, 0, 0, 0, 1]}, 0.005132202102518545], "ACC": [{"max": 0.17042151981436005, "min": 0.0, "sm": 0.008115310467350478, "value": [131, 0, 0, 0, 0, 0, 0, 0, 7, 12, 13, 14, 25, 53, 88, 86, 117, 97, 70, 26, 7, 1]}, 0.10547519071193542], "LCC": [{"max": 1.0, "min": 0, "sm": 0.047619047619047616, "value": [471, 26, 41, 50, 22, 8, 7, 57, 6, 1, 6, 2, 0, 0, 17, 0, 0, 1, 0, 0, 0, 32]}, 0.12469249457729698]}, "rate-40": {"ANB": [{"max": 0.12056751879192554, "min": 0.0, "sm": 0.005741310418663121, "value": [660, 113, 40, 16, 10, 5, 7, 1, 0, 1, 0, 0, 0, 0, 0, 0, 0, 0, 0, 0, 0, 1]}, 0.003972479648195199], "ACC": [{"max": 0.2073742189722126, "min": 0.0, "sm": 0.0098749628082006, "value": [152, 0, 0, 0, 0, 0, 0, 0, 7, 19, 29, 61, 79, 114, 151, 105, 55, 63, 16, 2, 0, 1]}, 0.11541677088725809], "LCC": [{"max": 1.0, "min": 0, "sm": 0.047619047619047616, "value": [562, 25, 46, 51, 27, 16, 9, 54, 8, 3, 5, 2, 0, 0, 17, 0, 0, 3, 0, 0, 0, 26]}, 0.10947003807600053]}}