{"rate_5": {"ANB": [{"max": 0.23906671664167922, "min": 0.0, "sm": 0.011384129363889486, "value": [50, 12, 6, 9, 8, 5, 7, 4, 0, 2, 3, 2, 1, 2, 1, 2, 0, 1, 1, 0, 0, 1]}, 0.0412165712015787], "ACC": [{"max": 0.23293172690763053, "min": 0.10265486725663717, "sm": 0.006203659983380637, "value": [1, 2, 0, 2, 1, 1, 6, 3, 7, 13, 11, 9, 9, 10, 9, 6, 14, 4, 3, 2, 3, 1]}, 0.1784699867963581], "LCC": [{"max": 1.0, "min": 0, "sm": 0.047619047619047616, "value": [84, 2, 5, 5, 1, 1, 2, 8, 1, 0, 1, 0, 0, 0, 1, 0, 0, 0, 0, 0, 0, 6]}, 0.10866232532899196]}, "rate_10": {"ANB": [{"max": 0.1630568192868386, "min": 0.0, "sm": 0.007764610442230409, "value": [81, 39, 24, 16, 6, 13, 6, 4, 4, 3, 1, 2, 4, 1, 0, 0, 1, 0, 0, 0, 0, 1]}, 0.02059845013070349], "ACC": [{"max": 0.2777777777777778, "min": 0.11458915595304639, "sm": 0.0077708867535586385, "value": [1, 2, 1, 3, 9, 14, 7, 17, 19, 20, 15, 21, 19, 14, 20, 10, 7, 2, 1, 3, 0, 1]}, 0.19709437938954952], "LCC": [{"max": 1.0, "min": 0, "sm": 0.047619047619047616, "value": [153, 8, 11, 6, 6, 0, 1, 15, 0, 0, 0, 0, 0, 0, 1, 0, 0, 0, 0, 0, 0, 5]}, 0.07222222222222223]}, "rate_15": {"ANB": [{"max": 0.09273449283906131, "min": 0.0, "sm": 0.004415928230431491, "value": [146, 47, 37, 20, 20, 15, 10, 7, 5, 2, 3, 4, 2, 2, 4, 1, 0, 0, 0, 1, 0, 1]}, 0.011488368669659832], "ACC": [{"max": 0.291331546023235, "min": 0.1290067273446775, "sm": 0.007729753270407501, "value": [2, 3, 6, 4, 7, 9, 12, 25, 22, 27, 28, 35, 39, 30, 26, 12, 22, 9, 5, 2, 1, 1]}, 0.21580929916499855], "LCC": [{"max": 1.0, "min": 0, "sm": 0.047619047619047616, "value": [205, 18, 35, 24, 9, 2, 1, 19, 0, 0, 2, 0, 0, 0, 2, 0, 0, 0, 0, 0, 0, 10]}, 0.0940228816375605]}, "rate_20": {"ANB": [{"max": 0.08912206644835911, "min": 0.0, "sm": 0.004243907926112339, "value": [219, 73, 39, 35, 20, 17, 7, 7, 4, 3, 1, 2, 2, 1, 1, 0, 0, 0, 0, 0, 0, 1]}, 0.008184649604009666], "ACC": [{"max": 0.2914131169709263, "min": 0.13774368807925855, "sm": 0.007317591851984179, "value": [1, 3, 2, 5, 9, 12, 17, 22, 22, 29, 47, 42, 44, 48, 40, 31, 24, 17, 10, 2, 4, 1]}, 0.2248930406925192], "LCC": [{"max": 1.0, "min": 0, "sm": 0.047619047619047616, "value": [227, 38, 49, 36, 21, 5, 2, 33, 4, 0, 4, 0, 0, 0, 4, 0, 0, 0, 0, 0, 0, 9]}, 0.1076307936949277]}, "rate_25": {"ANB": [{"max": 0.0725750457317778, "min": 0.0, "sm": 0.0034559545586560856, "value": [273, 104, 63, 34, 17, 20, 7, 6, 6, 5, 2, 3, 1, 1, 0, 0, 2, 0, 0, 0, 0, 1]}, 0.0064020293605809705], "ACC": [{"max": 0.29549158066268333, "min": 0.1140222175644519, "sm": 0.008641398242772925, "value": [2, 1, 1, 4, 0, 7, 12, 9, 22, 27, 41, 62, 58, 61, 76, 60, 47, 25, 18, 6, 5, 1]}, 0.22750366470791059], "LCC": [{"max": 1.0, "min": 0, "sm": 0.047619047619047616, "value": [265, 61, 74, 51, 30, 11, 13, 26, 1, 0, 1, 0, 0, 0, 3, 0, 0, 0, 0, 0, 0, 9]}, 0.0995635527431437]}, "rate_30": {"ANB": [{"max": 0.06321732281230756, "min": 0.0, "sm": 0.003010348705347979, "value": [351, 117, 64, 40, 25, 21, 11, 5, 5, 2, 4, 1, 2, 1, 1, 1, 0, 0, 1, 0, 0, 1]}, 0.005136012580076406], "ACC": [{"max": 0.30353817504655495, "min": 0.1179876945349258, "sm": 0.008835737167220435, "value": [2, 1, 1, 0, 7, 5, 5, 15, 27, 36, 52, 68, 77, 83, 92, 69, 50, 31, 18, 7, 6, 1]}, 0.234011974795442], "LCC": [{"max": 1.0, "min": 0, "sm": 0.047619047619047616, "value": [273, 59, 115, 73, 43, 15, 13, 38, 5, 0, 3, 0, 0, 0, 6, 0, 0, 0, 0, 0, 0, 10]}, 0.11673292768259619]}, "rate_35": {"ANB": [{"max": 0.05981148355496597, "min": 0.0, "sm": 0.002848165883569808, "value": [414, 140, 71, 39, 27, 16, 11, 9, 2, 5, 0, 3, 2, 2, 0, 0, 1, 0, 0, 0, 0, 1]}, 0.004534632872472568], "ACC": [{"max": 0.30322844299141805, "min": 0.11655670750863965, "sm": 0.008889130261084685, "value": [2, 1, 0, 1, 4, 7, 8, 22, 32, 37, 55, 80, 91, 103, 92, 83, 57, 33, 23, 5, 6, 1]}, 0.2330454308162237], "LCC": [{"max": 1.0, "min": 0, "sm": 0.047619047619047616, "value": [302, 76, 110, 81, 57, 24, 14, 45, 1, 1, 5, 1, 0, 0, 8, 0, 0, 0, 0, 0, 0, 18]}, 0.1284089285529459]}, "rate_40": {"ANB": [{"max": 0.05689648606235584, "min": 0.0, "sm": 0.0027093564791598017, "value": [518, 140, 91, 42, 18, 17, 6, 9, 4, 3, 3, 3, 0, 1, 1, 0, 1, 0, 0, 0, 0, 1]}, 0.0038171913982991473], "ACC": [{"max": 0.3135748261983169, "min": 0.10904695253849091, "sm": 0.00973942255522981, "value": [1, 2, 1, 1, 1, 5, 5, 10, 31, 43, 73, 81, 119, 142, 127, 90, 68, 32, 16, 9, 0, 1]}, 0.23776309341413682], "LCC": [{"max": 1.0, "min": 0, "sm": 0.047619047619047616, "value": [317, 109, 135, 103, 66, 21, 22, 50, 5, 1, 6, 1, 0, 0, 3, 0, 1, 0, 0, 0, 0, 18]}, 0.12706934055553445]}}