{"rate-5": {"ANB": [{"max": 0.2693864538948402, "min": 0.0, "sm": 0.012827926375944773, "value": [43, 17, 10, 5, 6, 7, 5, 1, 3, 3, 1, 1, 1, 0, 0, 1, 0, 0, 0, 0, 1, 1]}, 0.0402964959568733], "ACC": [{"max": 0.2900552486187845, "min": 0.12665862484921592, "sm": 0.007780791608074695, "value": [2, 2, 5, 3, 10, 6, 8, 11, 9, 8, 8, 6, 3, 5, 3, 7, 4, 0, 3, 2, 0, 1]}, 0.1992596104446323], "LCC": [{"max": 1.0, "min": 0, "sm": 0.047619047619047616, "value": [50, 1, 0, 9, 9, 3, 0, 13, 6, 0, 2, 0, 3, 0, 3, 0, 0, 1, 0, 0, 0, 6]}, 0.21216681641209945]}, "rate-10": {"ANB": [{"max": 0.2099998432577534, "min": 0.0, "sm": 0.009999992536083495, "value": [106, 45, 14, 19, 4, 7, 5, 2, 1, 1, 0, 3, 2, 0, 1, 0, 1, 1, 0, 0, 0, 1]}, 0.021145232598608128], "ACC": [{"max": 0.2548076923076923, "min": 0.11240721102863202, "sm": 0.00678097529900287, "value": [4, 1, 2, 9, 2, 10, 6, 6, 17, 22, 21, 18, 20, 23, 16, 13, 11, 5, 3, 2, 1, 1]}, 0.18777094059964736], "LCC": [{"max": 1.0, "min": 0, "sm": 0.047619047619047616, "value": [68, 5, 18, 17, 16, 12, 7, 22, 4, 2, 15, 1, 3, 0, 9, 0, 0, 1, 0, 0, 0, 13]}, 0.2492419161433247]}, "rate-15": {"ANB": [{"max": 0.09570716086462516, "min": 0.0, "sm": 0.004557483850696436, "value": [130, 72, 37, 27, 11, 10, 6, 7, 2, 7, 4, 3, 1, 0, 0, 0, 0, 0, 0, 1, 1, 1]}, 0.01093075353403915], "ACC": [{"max": 0.31335952848722987, "min": 0.13821490467937608, "sm": 0.008340220181326371, "value": [1, 1, 2, 9, 7, 19, 17, 17, 17, 33, 40, 31, 42, 38, 15, 11, 11, 3, 1, 4, 0, 1]}, 0.22751421260963473], "LCC": [{"max": 1.0, "min": 0, "sm": 0.047619047619047616, "value": [92, 19, 48, 45, 23, 8, 13, 36, 8, 3, 1, 0, 4, 0, 12, 0, 0, 0, 0, 0, 0, 8]}, 0.1875445931079156]}, "rate-20": {"ANB": [{"max": 0.097338931384482, "min": 0.0, "sm": 0.004635187208784857, "value": [211, 69, 55, 38, 22, 4, 7, 2, 3, 6, 3, 2, 0, 2, 0, 0, 0, 0, 1, 0, 1, 1]}, 0.00916007132476634], "ACC": [{"max": 0.2720306513409962, "min": 0.13958060288335516, "sm": 0.006307145164649573, "value": [4, 3, 14, 6, 11, 17, 20, 27, 37, 40, 32, 35, 51, 40, 30, 18, 14, 14, 6, 5, 2, 1]}, 0.20772151932798946], "LCC": [{"max": 1.0, "min": 0, "sm": 0.047619047619047616, "value": [107, 12, 48, 45, 48, 18, 28, 47, 13, 4, 8, 6, 3, 1, 17, 0, 2, 2, 0, 0, 0, 18]}, 0.2373945571210676]}, "rate-25": {"ANB": [{"max": 0.061319341292377295, "min": 0.0, "sm": 0.0029199686329703474, "value": [240, 104, 66, 33, 21, 16, 17, 6, 9, 4, 6, 1, 2, 3, 1, 1, 1, 0, 2, 0, 0, 1]}, 0.006562918986654401], "ACC": [{"max": 0.3024971623155505, "min": 0.13617782319877364, "sm": 0.007919968529370328, "value": [2, 3, 4, 6, 10, 18, 27, 26, 30, 41, 55, 69, 57, 60, 40, 39, 25, 13, 5, 3, 1, 0]}, 0.22648175683969646], "LCC": [{"max": 1.0, "min": 0, "sm": 0.047619047619047616, "value": [112, 28, 67, 69, 56, 26, 25, 69, 16, 5, 20, 5, 3, 1, 12, 0, 1, 0, 1, 0, 0, 18]}, 0.22663177031093712]}, "rate-30": {"ANB": [{"max": 0.07606358624617429, "min": 0.0, "sm": 0.0036220755355321093, "value": [386, 110, 54, 30, 17, 13, 7, 3, 6, 3, 3, 1, 3, 0, 2, 0, 0, 1, 1, 0, 0, 1]}, 0.005604841564554596], "ACC": [{"max": 0.29643353404353867, "min": 0.11942526590781863, "sm": 0.008428965149320003, "value": [1, 1, 0, 2, 7, 6, 15, 33, 30, 43, 76, 91, 86, 81, 70, 38, 27, 16, 11, 4, 2, 1]}, 0.22146211609923735], "LCC": [{"max": 1.0, "min": 0, "sm": 0.047619047619047616, "value": [120, 37, 84, 64, 78, 43, 32, 81, 27, 8, 12, 5, 7, 1, 17, 0, 0, 5, 0, 0, 0, 20]}, 0.23403834444191368]}, "rate-35": {"ANB": [{"max": 0.08050309845770713, "min": 0.0, "sm": 0.003833480878938435, "value": [479, 149, 52, 22, 17, 9, 5, 3, 2, 2, 1, 3, 1, 1, 0, 0, 0, 0, 0, 0, 0, 1]}, 0.004512648479132838], "ACC": [{"max": 0.30424143556280586, "min": 0.1386874883807399, "sm": 0.007883521294384093, "value": [2, 2, 2, 8, 11, 17, 25, 37, 36, 52, 92, 85, 82, 78, 74, 64, 33, 24, 11, 8, 3, 1]}, 0.23276617709925798], "LCC": [{"max": 1.0, "min": 0, "sm": 0.047619047619047616, "value": [163, 47, 100, 98, 82, 49, 39, 63, 23, 9, 20, 8, 9, 1, 10, 1, 3, 2, 2, 0, 0, 18]}, 0.21176027960630936]}, "rate-40": {"ANB": [{"max": 0.04921017099619262, "min": 0.0, "sm": 0.0023433414760091723, "value": [494, 150, 84, 40, 20, 25, 9, 7, 3, 2, 3, 6, 3, 1, 3, 1, 1, 0, 0, 1, 0, 1]}, 0.0037627187864049966], "ACC": [{"max": 0.31510897672700405, "min": 0.13709418193506911, "sm": 0.00847689499009214, "value": [1, 1, 5, 1, 5, 13, 14, 31, 35, 61, 91, 134, 120, 116, 84, 68, 39, 15, 13, 3, 4, 0]}, 0.24060180074244264], "LCC": [{"max": 1.0, "min": 0, "sm": 0.047619047619047616, "value": [150, 63, 137, 127, 113, 56, 36, 72, 30, 9, 21, 2, 9, 1, 15, 0, 0, 0, 1, 0, 0, 12]}, 0.19909258280035277]}}