{"rate-5": {"ANB": [{"max": 0.33275846748735693, "min": 0.0, "sm": 0.01584564130892176, "value": [45, 18, 16, 3, 2, 3, 6, 4, 3, 1, 0, 0, 0, 1, 0, 0, 2, 0, 0, 1, 1, 0]}, 0.04563549657889282], "ACC": [{"max": 0.2511961722488038, "min": 0.11254019292604502, "sm": 0.006602665682036134, "value": [2, 4, 8, 4, 7, 5, 3, 3, 6, 6, 3, 8, 9, 4, 7, 3, 7, 6, 5, 3, 2, 1]}, 0.18211020646136983], "LCC": [{"max": 1.0, "min": 0, "sm": 0.047619047619047616, "value": [41, 5, 2, 4, 9, 2, 1, 16, 5, 2, 3, 2, 1, 0, 5, 0, 0, 3, 0, 0, 0, 5]}, 0.24708132538321212]}, "rate-10": {"ANB": [{"max": 0.19456887490963046, "min": 0.0, "sm": 0.009265184519506212, "value": [94, 57, 15, 16, 12, 3, 5, 2, 0, 1, 0, 1, 2, 0, 0, 1, 0, 0, 3, 0, 0, 1]}, 0.020020117725639063], "ACC": [{"max": 0.2760416666666667, "min": 0.13375394321766562, "sm": 0.00677560587852386, "value": [2, 5, 10, 12, 14, 12, 10, 24, 19, 14, 21, 19, 8, 11, 9, 8, 6, 4, 2, 0, 2, 1]}, 0.19585245010285418], "LCC": [{"max": 1.0, "min": 0, "sm": 0.047619047619047616, "value": [60, 5, 9, 17, 21, 10, 15, 33, 9, 4, 6, 0, 6, 0, 7, 0, 0, 2, 0, 0, 0, 9]}, 0.2519426322243225]}, "rate-15": {"ANB": [{"max": 0.12278683266025804, "min": 0.0, "sm": 0.005846992031440859, "value": [166, 61, 31, 14, 11, 11, 7, 3, 1, 4, 2, 0, 1, 1, 2, 2, 2, 0, 0, 0, 0, 1]}, 0.011875320380118681], "ACC": [{"max": 0.29, "min": 0.1326955074875208, "sm": 0.007490690119641866, "value": [2, 2, 5, 5, 10, 14, 13, 20, 41, 26, 29, 28, 25, 32, 22, 23, 8, 4, 5, 2, 3, 1]}, 0.2135855800579689], "LCC": [{"max": 1.0, "min": 0, "sm": 0.047619047619047616, "value": [77, 15, 28, 44, 39, 14, 14, 40, 10, 5, 6, 1, 2, 0, 9, 1, 2, 0, 0, 0, 0, 13]}, 0.22635986522185267]}, "rate-20": {"ANB": [{"max": 0.08664462655314903, "min": 0.0, "sm": 0.004125934597769001, "value": [193, 75, 54, 35, 22, 13, 8, 9, 6, 2, 3, 2, 0, 2, 0, 1, 1, 0, 0, 0, 0, 1]}, 0.008934119018191434], "ACC": [{"max": 0.2751937984496124, "min": 0.14504596527068436, "sm": 0.00619751586566324, "value": [4, 6, 6, 10, 14, 16, 24, 19, 44, 38, 38, 31, 48, 34, 30, 24, 19, 9, 3, 8, 1, 1]}, 0.21162025187573172], "LCC": [{"max": 1.0, "min": 0, "sm": 0.047619047619047616, "value": [133, 25, 43, 33, 42, 21, 14, 70, 12, 3, 6, 0, 1, 0, 13, 0, 0, 1, 0, 0, 0, 10]}, 0.19432024368944797]}, "rate-25": {"ANB": [{"max": 0.08783033647376419, "min": 0.0, "sm": 0.004182396974941152, "value": [316, 100, 43, 24, 16, 8, 10, 3, 2, 4, 5, 0, 0, 1, 1, 0, 0, 0, 0, 0, 0, 1]}, 0.006283680404924872], "ACC": [{"max": 0.3111500291885581, "min": 0.15364658402997983, "sm": 0.007500164055170394, "value": [2, 6, 7, 10, 12, 25, 28, 31, 48, 48, 58, 58, 55, 49, 31, 27, 16, 12, 6, 3, 1, 1]}, 0.23379262744643142], "LCC": [{"max": 1.0, "min": 0, "sm": 0.047619047619047616, "value": [128, 36, 68, 73, 64, 27, 23, 58, 12, 7, 9, 5, 4, 2, 7, 0, 1, 1, 2, 0, 0, 7]}, 0.19152847892589372]}, "rate-30": {"ANB": [{"max": 0.05684450596052477, "min": 0.0, "sm": 0.002706881236215465, "value": [332, 134, 65, 26, 23, 13, 10, 10, 8, 5, 3, 1, 1, 2, 1, 2, 2, 2, 0, 0, 0, 1]}, 0.0051145983632772535], "ACC": [{"max": 0.3053435114503817, "min": 0.14065934065934066, "sm": 0.007842103371001954, "value": [1, 0, 2, 1, 6, 12, 19, 16, 47, 45, 81, 62, 81, 69, 69, 39, 31, 29, 13, 10, 7, 1]}, 0.23736187153447635], "LCC": [{"max": 1.0, "min": 0, "sm": 0.047619047619047616, "value": [118, 40, 89, 86, 89, 39, 42, 64, 15, 13, 9, 2, 9, 0, 10, 0, 0, 1, 0, 0, 0, 15]}, 0.210522212691965]}, "rate-35": {"ANB": [{"max": 0.055449052606350184, "min": 0.0, "sm": 0.002640431076492866, "value": [404, 148, 56, 48, 33, 16, 11, 11, 5, 4, 1, 1, 1, 3, 4, 0, 0, 0, 0, 0, 0, 1]}, 0.004549993100253663], "ACC": [{"max": 0.2948616600790514, "min": 0.12684917531032136, "sm": 0.00800059451279667, "value": [1, 0, 1, 3, 4, 8, 12, 13, 32, 41, 61, 81, 94, 123, 85, 64, 63, 35, 17, 7, 2, 0]}, 0.2305734147524995], "LCC": [{"max": 1.0, "min": 0, "sm": 0.047619047619047616, "value": [152, 52, 99, 87, 106, 48, 46, 66, 16, 11, 17, 5, 4, 3, 18, 0, 2, 1, 2, 0, 0, 12]}, 0.20664507990291708]}, "rate-40": {"ANB": [{"max": 0.05060032369325437, "min": 0.0, "sm": 0.0024095392234883034, "value": [486, 162, 79, 36, 29, 17, 6, 11, 4, 6, 6, 4, 4, 0, 1, 1, 0, 0, 0, 1, 0, 1]}, 0.003897268130786782], "ACC": [{"max": 0.3127979464613128, "min": 0.12204893403920447, "sm": 0.009083286305814684, "value": [1, 2, 1, 4, 10, 8, 15, 31, 42, 51, 65, 122, 115, 127, 87, 87, 43, 23, 15, 4, 0, 1]}, 0.23505121486401154], "LCC": [{"max": 1.0, "min": 0, "sm": 0.047619047619047616, "value": [165, 66, 117, 119, 95, 57, 43, 84, 24, 7, 23, 10, 7, 0, 16, 1, 5, 4, 0, 0, 0, 11]}, 0.20644762999039412]}}