{"rate-5": {"ANB": [{"max": 0.09835164835164835, "min": 0.0, "sm": 0.004683411826268969, "value": [74, 9, 3, 6, 1, 3, 0, 3, 0, 0, 0, 0, 1, 1, 0, 2, 1, 0, 0, 0, 1, 1]}, 0.009155781325592645], "ACC": [{"max": 0.1457142857142857, "min": 0.009523809523809525, "sm": 0.006485260770975057, "value": [30, 9, 5, 3, 3, 3, 0, 0, 1, 4, 1, 7, 6, 8, 8, 4, 5, 2, 3, 2, 1, 1]}, 0.06021050961848848], "LCC": [{"max": 1.0, "min": 0, "sm": 0.047619047619047616, "value": [77, 1, 2, 4, 1, 0, 0, 6, 0, 0, 2, 0, 0, 0, 2, 0, 0, 0, 0, 0, 0, 11]}, 0.15597484276729562]}, "rate-10": {"ANB": [{"max": 0.22507378848419285, "min": 0.0, "sm": 0.010717799451628231, "value": [138, 24, 17, 11, 10, 0, 2, 1, 4, 1, 0, 1, 1, 0, 1, 0, 0, 1, 0, 1, 0, 1]}, 0.01773002087053561], "ACC": [{"max": 0.22754983087125194, "min": 0.004694835680751174, "sm": 0.010612142628119084, "value": [24, 0, 0, 0, 0, 0, 0, 0, 0, 4, 13, 14, 30, 20, 33, 23, 24, 16, 5, 4, 3, 1]}, 0.14080716494454046], "LCC": [{"max": 1.0, "min": 0, "sm": 0.047619047619047616, "value": [141, 6, 12, 14, 9, 3, 1, 16, 1, 0, 0, 0, 0, 0, 0, 0, 0, 0, 0, 0, 0, 11]}, 0.1102625048886731]}, "rate-15": {"ANB": [{"max": 0.16049752844643922, "min": 0.0, "sm": 0.007642739449830439, "value": [190, 55, 21, 19, 4, 14, 3, 3, 1, 6, 1, 0, 2, 0, 0, 1, 0, 0, 0, 0, 0, 1]}, 0.01239739890037989], "ACC": [{"max": 0.24767564273049644, "min": 0.003125, "sm": 0.011645268701452213, "value": [21, 0, 0, 0, 0, 0, 0, 0, 9, 15, 15, 18, 21, 27, 32, 41, 46, 30, 27, 13, 5, 1]}, 0.16522535988357678], "LCC": [{"max": 1.0, "min": 0, "sm": 0.047619047619047616, "value": [152, 12, 25, 40, 19, 11, 9, 28, 5, 0, 3, 0, 1, 0, 4, 0, 0, 0, 0, 0, 0, 12]}, 0.1486590138929481]}, "rate-20": {"ANB": [{"max": 0.11145940759271142, "min": 0.0, "sm": 0.0053075908377481626, "value": [231, 80, 49, 18, 13, 8, 11, 5, 2, 2, 1, 2, 2, 1, 0, 1, 0, 0, 0, 0, 0, 1]}, 0.009065877101244565], "ACC": [{"max": 0.2580700090004622, "min": 0.002347417840375587, "sm": 0.01217726624571841, "value": [14, 0, 0, 0, 0, 0, 0, 0, 1, 3, 9, 16, 19, 38, 61, 79, 66, 62, 41, 11, 6, 1]}, 0.18680585126276808], "LCC": [{"max": 1.0, "min": 0, "sm": 0.047619047619047616, "value": [183, 23, 39, 45, 27, 18, 14, 46, 5, 2, 11, 0, 0, 0, 7, 0, 0, 1, 0, 0, 0, 6]}, 0.1469121791163034]}, "rate-25": {"ANB": [{"max": 0.08365412817960452, "min": 0.0, "sm": 0.003983529913314501, "value": [306, 95, 50, 26, 18, 10, 7, 4, 5, 4, 3, 1, 2, 2, 0, 0, 0, 1, 0, 0, 0, 1]}, 0.0064473641610381174], "ACC": [{"max": 0.27165196639698697, "min": 0.0018726591760299626, "sm": 0.012846633677188428, "value": [25, 0, 0, 0, 0, 0, 0, 0, 1, 3, 11, 14, 21, 45, 86, 91, 99, 79, 40, 15, 4, 1]}, 0.1938994331507507], "LCC": [{"max": 1.0, "min": 0, "sm": 0.047619047619047616, "value": [178, 23, 65, 65, 43, 25, 26, 49, 9, 1, 20, 2, 2, 0, 12, 0, 0, 1, 0, 0, 0, 14]}, 0.1831595894000993]}, "rate-30": {"ANB": [{"max": 0.048304438713611744, "min": 0.0, "sm": 0.002300211367314845, "value": [309, 126, 62, 31, 29, 21, 12, 8, 6, 5, 6, 8, 3, 3, 5, 2, 0, 1, 1, 1, 1, 1]}, 0.005195264148594114], "ACC": [{"max": 0.27423590028024286, "min": 0.0015625, "sm": 0.012984447632392516, "value": [27, 0, 0, 0, 0, 0, 0, 0, 2, 3, 6, 11, 26, 42, 65, 116, 123, 95, 77, 34, 13, 1]}, 0.2026172323650406], "LCC": [{"max": 1.0, "min": 0, "sm": 0.047619047619047616, "value": [192, 30, 77, 75, 69, 26, 33, 55, 21, 8, 10, 4, 3, 0, 10, 1, 1, 2, 0, 0, 0, 24]}, 0.1976139221381596]}, "rate-35": {"ANB": [{"max": 0.043336029543859955, "min": 0.0, "sm": 0.002063620454469522, "value": [392, 137, 60, 45, 28, 17, 19, 7, 5, 7, 5, 3, 6, 2, 4, 1, 4, 2, 1, 1, 1, 0]}, 0.004319248432755558], "ACC": [{"max": 0.3014111349494127, "min": 0.0013404825737265416, "sm": 0.014289078684556483, "value": [14, 0, 0, 0, 0, 0, 0, 0, 0, 1, 8, 6, 40, 56, 89, 163, 156, 112, 69, 26, 6, 1]}, 0.22507269461638413], "LCC": [{"max": 1.0, "min": 0, "sm": 0.047619047619047616, "value": [173, 47, 109, 75, 95, 42, 44, 57, 21, 10, 18, 0, 4, 0, 20, 0, 4, 3, 0, 0, 0, 25]}, 0.21335947095348903]}, "rate-40": {"ANB": [{"max": 0.061857059873637515, "min": 0.0, "sm": 0.0029455742796970245, "value": [523, 154, 74, 44, 21, 9, 10, 4, 4, 2, 5, 0, 0, 1, 0, 1, 1, 0, 0, 0, 0, 1]}, 0.003876264331709317], "ACC": [{"max": 0.28717496313365604, "min": 0.0011723329425556857, "sm": 0.013619172866242873, "value": [26, 0, 0, 0, 0, 0, 0, 0, 2, 4, 11, 20, 33, 66, 102, 141, 180, 130, 95, 32, 11, 1]}, 0.21235763414888134], "LCC": [{"max": 1.0, "min": 0, "sm": 0.047619047619047616, "value": [210, 80, 137, 98, 74, 39, 42, 76, 17, 6, 20, 2, 5, 0, 18, 0, 0, 1, 0, 0, 0, 29]}, 0.1940388094920385]}}