{"rate-5": {"ANB": [{"max": 0.0005494505494505495, "min": 0.0, "sm": 2.6164311878597592e-05, "value": [99, 0, 0, 0, 0, 0, 0, 2, 0, 0, 0, 0, 0, 0, 4, 0, 0, 0, 0, 0, 0, 1]}, 2.24618149146451e-05], "ACC": [{"max": 0.02857142857142857, "min": 0.009523809523809525, "sm": 0.0009070294784580498, "value": [88, 0, 0, 4, 0, 4, 0, 0, 3, 0, 2, 0, 0, 4, 0, 0, 0, 0, 0, 0, 0, 1]}, 0.01084755914944593], "LCC": [{"max": 0, "min": 0, "sm": 0.0, "value": [106, 0, 0, 0, 0, 0, 0, 0, 0, 0, 0, 0, 0, 0, 0, 0, 0, 0, 0, 0, 0, 0]}, 0.0]}, "rate-10": {"ANB": [{"max": 8.858180529719195e-05, "min": 0.0, "sm": 4.218181204628188e-06, "value": [200, 0, 0, 0, 0, 0, 0, 0, 0, 0, 10, 0, 0, 0, 0, 0, 0, 0, 0, 0, 0, 4]}, 3.7254030265174174e-06], "ACC": [{"max": 0.01056338028169014, "min": 0.004694835680751174, "sm": 0.00027945450480661746, "value": [176, 0, 0, 0, 0, 20, 0, 0, 4, 0, 0, 0, 0, 0, 0, 0, 10, 0, 0, 0, 0, 4]}, 0.005214046480335797], "LCC": [{"max": 0, "min": 0, "sm": 0.0, "value": [214, 0, 0, 0, 0, 0, 0, 0, 0, 0, 0, 0, 0, 0, 0, 0, 0, 0, 0, 0, 0, 0]}, 0.0]}, "rate-15": {"ANB": [{"max": 0.0002957354941740108, "min": 0.0, "sm": 1.4082642579714798e-05, "value": [277, 22, 6, 0, 3, 2, 0, 2, 2, 0, 0, 1, 2, 0, 0, 1, 1, 0, 0, 0, 0, 1]}, 8.440783896216558e-06], "ACC": [{"max": 0.012800417972831766, "min": 0.003134796238244514, "sm": 0.00046026770164701197, "value": [208, 0, 44, 6, 2, 8, 24, 2, 8, 3, 0, 4, 2, 4, 1, 1, 0, 1, 0, 0, 0, 2]}, 0.004089800247542725], "LCC": [{"max": 0, "min": 0, "sm": 0.0, "value": [320, 0, 0, 0, 0, 0, 0, 0, 0, 0, 0, 0, 0, 0, 0, 0, 0, 0, 0, 0, 0, 0]}, 0.0]}, "rate-20": {"ANB": [{"max": 0.00013256006628003316, "min": 0.0, "sm": 6.312384108573007e-06, "value": [357, 27, 0, 16, 0, 15, 0, 6, 3, 0, 0, 0, 0, 0, 1, 1, 0, 0, 0, 0, 0, 1]}, 4.449713388010479e-06], "ACC": [{"max": 0.009780907668231613, "min": 0.002347417840375587, "sm": 0.0003539757060883822, "value": [254, 0, 54, 26, 0, 11, 32, 1, 26, 3, 3, 8, 0, 3, 3, 0, 0, 1, 0, 1, 0, 1]}, 0.0031755444226170136], "LCC": [{"max": 0, "min": 0, "sm": 0.0, "value": [427, 0, 0, 0, 0, 0, 0, 0, 0, 0, 0, 0, 0, 0, 0, 0, 0, 0, 0, 0, 0, 0]}, 0.0]}, "rate-25": {"ANB": [{"max": 0.00016161786509827068, "min": 0.0, "sm": 7.696088814203366e-06, "value": [465, 30, 6, 6, 6, 0, 2, 8, 5, 0, 3, 0, 1, 0, 0, 0, 0, 0, 2, 0, 0, 1]}, 5.306267167793685e-06], "ACC": [{"max": 0.008426966292134831, "min": 0.0018726591760299626, "sm": 0.00031210986267166043, "value": [282, 0, 104, 4, 7, 5, 43, 43, 3, 6, 15, 7, 0, 2, 1, 6, 1, 3, 2, 0, 0, 1]}, 0.002736655485489234], "LCC": [{"max": 0, "min": 0, "sm": 0.0, "value": [535, 0, 0, 0, 0, 0, 0, 0, 0, 0, 0, 0, 0, 0, 0, 0, 0, 0, 0, 0, 0, 0]}, 0.0]}, "rate-30": {"ANB": [{"max": 0.00022985133020344287, "min": 0.0, "sm": 1.0945301438259185e-05, "value": [554, 32, 14, 5, 17, 1, 1, 3, 5, 0, 1, 0, 4, 2, 0, 0, 1, 0, 0, 0, 0, 1]}, 7.026689518284941e-06], "ACC": [{"max": 0.010503472222222223, "min": 0.0015625, "sm": 0.00042576058201058205, "value": [266, 114, 32, 69, 38, 17, 27, 25, 15, 7, 6, 9, 2, 4, 8, 1, 0, 0, 0, 0, 0, 1]}, 0.0027003036949950375], "LCC": [{"max": 0, "min": 0, "sm": 0.0, "value": [641, 0, 0, 0, 0, 0, 0, 0, 0, 0, 0, 0, 0, 0, 0, 0, 0, 0, 0, 0, 0, 0]}, 0.0]}, "rate-35": {"ANB": [{"max": 0.0006081652482141894, "min": 0.0, "sm": 2.8960249914961397e-05, "value": [689, 29, 9, 3, 1, 3, 1, 1, 1, 1, 0, 1, 0, 1, 3, 0, 0, 2, 0, 1, 0, 1]}, 1.2327771600644083e-05], "ACC": [{"max": 0.008390427961473539, "min": 0.0013404825737265416, "sm": 0.0003357116851308094, "value": [328, 108, 12, 79, 38, 47, 17, 30, 14, 16, 13, 11, 10, 3, 7, 4, 3, 2, 3, 1, 0, 1]}, 0.0023752228387963954], "LCC": [{"max": 0, "min": 0, "sm": 0.0, "value": [747, 0, 0, 0, 0, 0, 0, 0, 0, 0, 0, 0, 0, 0, 0, 0, 0, 0, 0, 0, 0, 0]}, 0.0]}, "rate-40": {"ANB": [{"max": 0.006372329647943201, "min": 0.0, "sm": 0.00030344426894967627, "value": [794, 21, 10, 6, 4, 2, 1, 0, 1, 1, 0, 5, 4, 3, 1, 1, 0, 0, 0, 0, 0, 1]}, 0.00012867613206264694], "ACC": [{"max": 0.015755360802107727, "min": 0.00117096018735363, "sm": 0.0006944952673692427, "value": [390, 100, 88, 43, 18, 32, 15, 15, 18, 23, 21, 21, 13, 19, 9, 8, 8, 8, 2, 3, 0, 1]}, 0.003558584327809805], "LCC": [{"max": 1.0, "min": 0, "sm": 0.047619047619047616, "value": [852, 0, 1, 0, 0, 0, 0, 0, 0, 0, 0, 0, 0, 0, 0, 0, 0, 0, 0, 0, 0, 2]}, 0.002456140350877193]}}