{"rate-5": {"ANB": [{"max": 0.00018315018315018315, "min": 0.0, "sm": 8.721437292865864e-06, "value": [104, 0, 0, 0, 0, 0, 0, 0, 0, 0, 0, 0, 0, 0, 0, 0, 0, 0, 0, 0, 0, 2]}, 3.4556638330223238e-06], "ACC": [{"max": 0.01904761904761905, "min": 0.009523809523809525, "sm": 0.00045351473922902497, "value": [100, 0, 0, 0, 0, 0, 4, 0, 0, 0, 0, 0, 0, 0, 0, 0, 0, 0, 0, 0, 0, 2]}, 0.009823300389338114], "LCC": [{"max": 0, "min": 0, "sm": 0.0, "value": [106, 0, 0, 0, 0, 0, 0, 0, 0, 0, 0, 0, 0, 0, 0, 0, 0, 0, 0, 0, 0, 0]}, 0.0]}, "rate-10": {"ANB": [{"max": 0.00013287270794578793, "min": 0.0, "sm": 6.327271806942283e-06, "value": [193, 0, 0, 0, 0, 0, 0, 16, 0, 0, 0, 0, 0, 0, 4, 0, 0, 0, 0, 0, 0, 1]}, 5.588104539776128e-06], "ACC": [{"max": 0.014084507042253521, "min": 0.004694835680751174, "sm": 0.000447127207690588, "value": [154, 0, 0, 32, 0, 4, 0, 0, 3, 0, 16, 0, 0, 4, 0, 0, 0, 0, 0, 0, 0, 1]}, 0.00552996065698448], "LCC": [{"max": 0, "min": 0, "sm": 0.0, "value": [214, 0, 0, 0, 0, 0, 0, 0, 0, 0, 0, 0, 0, 0, 0, 0, 0, 0, 0, 0, 0, 0]}, 0.0]}, "rate-15": {"ANB": [{"max": 9.796238244514108e-05, "min": 0.0, "sm": 4.664875354530527e-06, "value": [280, 0, 0, 0, 20, 0, 0, 0, 6, 0, 0, 0, 10, 0, 0, 0, 2, 0, 0, 0, 0, 3]}, 5.188038945692829e-06], "ACC": [{"max": 0.010000000000000002, "min": 0.003125, "sm": 0.0003273809523809525, "value": [212, 0, 0, 40, 6, 4, 0, 12, 0, 26, 0, 6, 4, 0, 0, 5, 0, 0, 0, 3, 0, 3]}, 0.003980168001780168], "LCC": [{"max": 0, "min": 0, "sm": 0.0, "value": [321, 0, 0, 0, 0, 0, 0, 0, 0, 0, 0, 0, 0, 0, 0, 0, 0, 0, 0, 0, 0, 0]}, 0.0]}, "rate-20": {"ANB": [{"max": 0.00028721347694007183, "min": 0.0, "sm": 1.3676832235241516e-05, "value": [383, 14, 10, 4, 3, 1, 3, 2, 1, 0, 1, 1, 0, 0, 1, 1, 1, 0, 0, 0, 0, 1]}, 7.52829416227354e-06], "ACC": [{"max": 0.011737089201877934, "min": 0.002347417840375587, "sm": 0.000447127207690588, "value": [236, 62, 14, 6, 11, 36, 21, 4, 6, 5, 9, 7, 0, 2, 1, 2, 0, 1, 1, 1, 1, 1]}, 0.00340915023985077], "LCC": [{"max": 1.0, "min": 0, "sm": 0.047619047619047616, "value": [424, 0, 1, 0, 0, 0, 0, 0, 0, 0, 0, 0, 0, 0, 0, 0, 0, 0, 0, 0, 0, 2]}, 0.004918032786885246]}, "rate-25": {"ANB": [{"max": 0.0005148894750948667, "min": 0.0, "sm": 2.451854643308889e-05, "value": [502, 14, 4, 2, 6, 0, 0, 1, 0, 0, 1, 0, 1, 1, 0, 0, 1, 0, 0, 0, 0, 1]}, 8.096743323409594e-06], "ACC": [{"max": 0.011108916757183765, "min": 0.001876172607879925, "sm": 0.0004396544833001829, "value": [298, 68, 30, 14, 42, 38, 5, 9, 6, 5, 7, 1, 3, 1, 3, 0, 1, 1, 0, 1, 0, 1]}, 0.002738127441546345], "LCC": [{"max": 0, "min": 0, "sm": 0.0, "value": [534, 0, 0, 0, 0, 0, 0, 0, 0, 0, 0, 0, 0, 0, 0, 0, 0, 0, 0, 0, 0, 0]}, 0.0]}, "rate-30": {"ANB": [{"max": 0.0004205790297339593, "min": 0.0, "sm": 2.0027572844474252e-05, "value": [606, 14, 7, 5, 1, 0, 1, 3, 0, 0, 1, 0, 0, 0, 0, 0, 0, 0, 1, 0, 1, 1]}, 6.233230549879263e-06], "ACC": [{"max": 0.01026278409090909, "min": 0.0015625, "sm": 0.0004142992424242424, "value": [342, 118, 11, 64, 32, 14, 16, 3, 12, 6, 5, 5, 1, 3, 2, 3, 1, 0, 1, 1, 0, 1]}, 0.002372528622263577], "LCC": [{"max": 0, "min": 0, "sm": 0.0, "value": [641, 0, 0, 0, 0, 0, 0, 0, 0, 0, 0, 0, 0, 0, 0, 0, 0, 0, 0, 0, 0, 0]}, 0.0]}, "rate-35": {"ANB": [{"max": 0.000453424977958508, "min": 0.0, "sm": 2.159166561707181e-05, "value": [657, 33, 18, 10, 4, 5, 3, 4, 5, 0, 1, 1, 1, 0, 1, 1, 1, 0, 0, 1, 0, 1]}, 1.2091718138967033e-05], "ACC": [{"max": 0.010194722731762383, "min": 0.0013404825737265416, "sm": 0.00042163048371599243, "value": [288, 116, 42, 89, 38, 30, 40, 18, 26, 11, 11, 8, 6, 8, 7, 3, 0, 1, 2, 2, 0, 1]}, 0.002619493897224222], "LCC": [{"max": 0.3333333333333333, "min": 0, "sm": 0.015873015873015872, "value": [744, 0, 0, 0, 0, 0, 0, 0, 0, 0, 0, 0, 0, 0, 0, 0, 0, 0, 0, 0, 0, 3]}, 0.0013386880856760374]}, "rate-40": {"ANB": [{"max": 0.0010817310992200005, "min": 0.0, "sm": 5.151100472476193e-05, "value": [744, 43, 7, 14, 6, 3, 5, 4, 4, 7, 1, 3, 4, 2, 2, 1, 1, 1, 0, 1, 1, 1]}, 3.8067866480402294e-05], "ACC": [{"max": 0.011158561785369885, "min": 0.00117096018735363, "sm": 0.00047560007609601215, "value": [380, 66, 64, 69, 34, 20, 18, 32, 15, 30, 26, 19, 16, 25, 9, 10, 9, 6, 2, 2, 2, 1]}, 0.002996635757106149], "LCC": [{"max": 0, "min": 0, "sm": 0.0, "value": [855, 0, 0, 0, 0, 0, 0, 0, 0, 0, 0, 0, 0, 0, 0, 0, 0, 0, 0, 0, 0, 0]}, 0.0]}}