{"rate-5": {"ANB": [{"max": 0.4524725274725275, "min": 0.0, "sm": 0.021546310832025118, "value": [22, 9, 13, 15, 11, 8, 5, 0, 3, 2, 2, 1, 2, 3, 0, 6, 1, 0, 0, 1, 1, 1]}, 0.11036871933098345], "ACC": [{"max": 0.12252042007001167, "min": 0.03978779840848806, "sm": 0.003939648650548743, "value": [4, 2, 2, 2, 2, 1, 3, 7, 8, 8, 8, 8, 6, 7, 8, 8, 6, 5, 6, 2, 2, 1]}, 0.085601566056287], "LCC": [{"max": 0, "min": 0, "sm": 0.0, "value": [106, 0, 0, 0, 0, 0, 0, 0, 0, 0, 0, 0, 0, 0, 0, 0, 0, 0, 0, 0, 0, 0]}, 0.0]}, "rate-10": {"ANB": [{"max": 0.3464380458433933, "min": 0.0, "sm": 0.01649704980206635, "value": [58, 38, 36, 30, 13, 7, 4, 1, 4, 2, 9, 4, 1, 1, 0, 1, 1, 1, 1, 0, 1, 0]}, 0.054357532119300764], "ACC": [{"max": 0.12183908045977011, "min": 0.053, "sm": 0.0032780514504652434, "value": [10, 5, 6, 6, 16, 12, 18, 19, 16, 19, 17, 12, 13, 9, 7, 8, 4, 5, 4, 5, 1, 1]}, 0.08309547723183026], "LCC": [{"max": 1.0, "min": 0, "sm": 0.047619047619047616, "value": [196, 0, 1, 6, 1, 0, 0, 2, 0, 0, 0, 0, 0, 0, 0, 0, 0, 0, 0, 0, 0, 7]}, 0.04209702660406886]}, "rate-15": {"ANB": [{"max": 0.31333657547060256, "min": 0.0, "sm": 0.014920789308123931, "value": [146, 58, 43, 19, 19, 7, 1, 9, 5, 6, 3, 0, 1, 1, 0, 0, 1, 0, 0, 0, 0, 1]}, 0.032263325348474994], "ACC": [{"max": 0.1313838550247117, "min": 0.05468883936224927, "sm": 0.003652143602974401, "value": [2, 3, 6, 10, 10, 15, 25, 29, 33, 32, 34, 34, 24, 17, 17, 8, 7, 7, 2, 3, 1, 1]}, 0.09098038020945255], "LCC": [{"max": 1.0, "min": 0, "sm": 0.047619047619047616, "value": [279, 2, 4, 13, 1, 0, 0, 8, 0, 0, 0, 0, 0, 0, 0, 0, 0, 0, 0, 0, 0, 13]}, 0.05807291666666666]}, "rate-20": {"ANB": [{"max": 0.21828907306236922, "min": 0.0, "sm": 0.010394717764874726, "value": [201, 91, 53, 23, 15, 18, 4, 5, 3, 1, 1, 2, 1, 2, 1, 1, 1, 0, 0, 1, 2, 1]}, 0.021482155549820955], "ACC": [{"max": 0.14333781965006728, "min": 0.051989260434464245, "sm": 0.004349931391219192, "value": [2, 1, 2, 4, 13, 25, 16, 28, 20, 35, 32, 43, 38, 52, 41, 29, 24, 11, 3, 4, 3, 1]}, 0.10173902063009622], "LCC": [{"max": 1.0, "min": 0, "sm": 0.047619047619047616, "value": [389, 2, 7, 7, 1, 0, 0, 7, 0, 0, 0, 0, 0, 0, 0, 0, 0, 0, 0, 0, 0, 14]}, 0.04343147094903534]}, "rate-25": {"ANB": [{"max": 0.2676106581401278, "min": 0.0, "sm": 0.012743364673339419, "value": [364, 79, 32, 26, 13, 2, 2, 0, 2, 1, 2, 6, 1, 1, 0, 1, 0, 0, 0, 1, 0, 1]}, 0.016301927532113167], "ACC": [{"max": 0.1566265060240964, "min": 0.05010340289528107, "sm": 0.005072528720419777, "value": [6, 7, 12, 15, 17, 13, 20, 23, 16, 24, 39, 42, 71, 66, 56, 52, 24, 20, 6, 4, 0, 1]}, 0.10860389363599714], "LCC": [{"max": 1.0, "min": 0, "sm": 0.047619047619047616, "value": [485, 5, 6, 10, 1, 0, 0, 15, 0, 0, 1, 0, 0, 0, 0, 0, 0, 0, 0, 0, 0, 11]}, 0.03635904253881782]}, "rate-30": {"ANB": [{"max": 0.30047503211035653, "min": 0.0, "sm": 0.01430833486239793, "value": [468, 109, 24, 17, 11, 6, 4, 0, 1, 0, 0, 0, 0, 0, 0, 0, 0, 0, 0, 0, 0, 1]}, 0.012346664054355593], "ACC": [{"max": 0.1724137931034483, "min": 0.06592501030078286, "sm": 0.005070894419174544, "value": [3, 1, 8, 13, 28, 38, 47, 62, 69, 71, 70, 71, 65, 42, 19, 13, 11, 7, 2, 0, 0, 1]}, 0.11500344545915624], "LCC": [{"max": 1.0, "min": 0, "sm": 0.047619047619047616, "value": [557, 5, 14, 15, 4, 0, 0, 26, 2, 0, 0, 0, 1, 0, 3, 0, 0, 0, 0, 0, 0, 14]}, 0.04846593863754551]}, "rate-35": {"ANB": [{"max": 0.099463551542795, "min": 0.0, "sm": 0.0047363595972759525, "value": [339, 138, 102, 52, 15, 22, 16, 12, 9, 9, 4, 5, 1, 2, 4, 6, 4, 3, 2, 1, 0, 1]}, 0.011181500808157932], "ACC": [{"max": 0.14302147239263804, "min": 0.062395449983272, "sm": 0.003839334400446002, "value": [1, 2, 3, 9, 16, 10, 18, 19, 36, 53, 92, 84, 96, 91, 89, 53, 28, 22, 13, 6, 5, 1]}, 0.10885518957974503], "LCC": [{"max": 1.0, "min": 0, "sm": 0.047619047619047616, "value": [643, 11, 14, 24, 9, 0, 0, 15, 2, 0, 1, 1, 1, 2, 3, 1, 0, 0, 1, 0, 0, 19]}, 0.0526664619034097]}, "rate-40": {"ANB": [{"max": 0.15653803068137637, "min": 0.0, "sm": 0.007454191937208398, "value": [604, 119, 67, 22, 14, 9, 5, 4, 4, 4, 0, 0, 1, 0, 0, 0, 0, 0, 0, 0, 0, 1]}, 0.0077327751672012545], "ACC": [{"max": 0.18942926937597157, "min": 0.08978002315545731, "sm": 0.004745202200976869, "value": [5, 22, 26, 36, 39, 49, 62, 75, 68, 79, 83, 87, 58, 49, 47, 35, 11, 14, 8, 0, 0, 1]}, 0.13448381752232944], "LCC": [{"max": 1.0, "min": 0, "sm": 0.047619047619047616, "value": [683, 29, 27, 36, 7, 0, 3, 28, 1, 1, 1, 3, 2, 0, 5, 0, 0, 0, 0, 0, 0, 28]}, 0.0680314026332762]}}