{"rate-5": {"ANB": [{"max": 0.08706199460916442, "min": 0.0, "sm": 0.004145809267103067, "value": [80, 9, 0, 4, 3, 1, 0, 0, 0, 1, 1, 1, 1, 3, 0, 1, 1, 0, 0, 0, 0, 1]}, 0.00733220814335256], "ACC": [{"max": 0.09493295360151893, "min": 0.009433962264150943, "sm": 0.004071380539874666, "value": [30, 0, 4, 4, 4, 8, 4, 5, 5, 3, 9, 8, 2, 2, 3, 5, 4, 2, 2, 2, 0, 1]}, 0.03896953377482661], "LCC": [{"max": 1.0, "min": 0, "sm": 0.047619047619047616, "value": [84, 0, 0, 4, 2, 0, 0, 7, 0, 0, 0, 0, 0, 0, 1, 0, 0, 0, 0, 0, 0, 9]}, 0.12211838006230527]}, "rate-10": {"ANB": [{"max": 0.16431190199409818, "min": 0.0, "sm": 0.007824376285433246, "value": [131, 28, 14, 8, 5, 5, 5, 1, 2, 2, 2, 3, 0, 0, 1, 2, 1, 0, 0, 0, 2, 1]}, 0.0159589987988979], "ACC": [{"max": 0.20890294881934243, "min": 0.0047169811320754715, "sm": 0.009723141318441283, "value": [35, 5, 0, 0, 0, 0, 1, 4, 6, 7, 14, 13, 27, 13, 25, 12, 20, 15, 12, 3, 0, 1]}, 0.11477573375169046], "LCC": [{"max": 1.0, "min": 0, "sm": 0.047619047619047616, "value": [131, 2, 9, 9, 10, 2, 5, 24, 3, 1, 5, 0, 1, 0, 3, 0, 0, 0, 0, 0, 0, 8]}, 0.13776992438964267]}, "rate-15": {"ANB": [{"max": 0.10054929499827171, "min": 0.0, "sm": 0.004788061666584367, "value": [166, 58, 24, 16, 10, 16, 6, 7, 1, 2, 2, 3, 0, 2, 3, 3, 1, 0, 0, 0, 0, 1]}, 0.010259194425726814], "ACC": [{"max": 0.23622305529522025, "min": 0.003125, "sm": 0.011099907395010489, "value": [36, 0, 0, 0, 0, 0, 0, 0, 0, 2, 9, 11, 23, 30, 42, 37, 49, 36, 24, 13, 8, 1]}, 0.1571967486392206], "LCC": [{"max": 1.0, "min": 0, "sm": 0.047619047619047616, "value": [164, 15, 21, 19, 16, 5, 5, 32, 5, 1, 3, 2, 2, 0, 10, 0, 1, 0, 0, 0, 0, 20]}, 0.17683623057454836]}, "rate-20": {"ANB": [{"max": 0.16469995937702495, "min": 0.0, "sm": 0.007842855208429759, "value": [277, 63, 32, 17, 10, 13, 3, 1, 5, 1, 0, 2, 1, 1, 0, 0, 0, 0, 0, 0, 0, 1]}, 0.010222181691887098], "ACC": [{"max": 0.22463520243093862, "min": 0.002347417840375587, "sm": 0.01058513259955062, "value": [29, 0, 0, 0, 0, 0, 0, 1, 6, 6, 13, 18, 34, 57, 61, 69, 69, 33, 23, 6, 1, 1]}, 0.14889791571641114], "LCC": [{"max": 1.0, "min": 0, "sm": 0.047619047619047616, "value": [187, 16, 35, 25, 35, 12, 11, 41, 4, 1, 6, 0, 2, 0, 23, 0, 0, 1, 1, 0, 0, 27]}, 0.20314945038736193]}, "rate-25": {"ANB": [{"max": 0.12295786279234312, "min": 0.0, "sm": 0.005855136323444911, "value": [361, 79, 39, 21, 8, 5, 7, 1, 4, 1, 1, 1, 2, 0, 2, 0, 0, 0, 0, 1, 0, 1]}, 0.007267388489352691], "ACC": [{"max": 0.26362427221238627, "min": 0.001876172607879925, "sm": 0.012464195219262206, "value": [14, 0, 0, 0, 0, 0, 0, 6, 5, 2, 10, 12, 23, 45, 58, 102, 112, 88, 39, 12, 5, 1]}, 0.1917211880190361], "LCC": [{"max": 1.0, "min": 0, "sm": 0.047619047619047616, "value": [167, 27, 63, 53, 49, 22, 22, 58, 11, 2, 12, 1, 5, 1, 12, 2, 0, 1, 1, 0, 0, 25]}, 0.20771976426291608]}, "rate-30": {"ANB": [{"max": 0.052984444326797955, "min": 0.0, "sm": 0.0025230687774665693, "value": [325, 133, 48, 28, 28, 18, 13, 14, 8, 5, 3, 2, 5, 2, 3, 1, 1, 0, 1, 1, 1, 1]}, 0.005253377388616665], "ACC": [{"max": 0.2854978838817358, "min": 0.0015625, "sm": 0.013520732565796941, "value": [21, 0, 0, 0, 0, 0, 0, 0, 0, 3, 11, 18, 37, 41, 75, 145, 109, 107, 47, 24, 2, 1]}, 0.20773405430661956], "LCC": [{"max": 1.0, "min": 0, "sm": 0.047619047619047616, "value": [203, 35, 80, 74, 64, 33, 26, 57, 18, 5, 11, 1, 3, 1, 13, 0, 0, 0, 0, 0, 0, 17]}, 0.17968100902861472]}, "rate-35": {"ANB": [{"max": 0.058888365720137927, "min": 0.0, "sm": 0.002804207891435139, "value": [425, 121, 76, 43, 28, 14, 16, 6, 2, 2, 3, 1, 2, 2, 3, 1, 1, 0, 0, 0, 0, 1]}, 0.004571859358673095], "ACC": [{"max": 0.296345683234822, "min": 0.0013404825737265416, "sm": 0.014047866698147404, "value": [6, 0, 0, 0, 0, 0, 0, 2, 0, 9, 4, 17, 30, 54, 78, 144, 136, 146, 81, 28, 11, 1]}, 0.22505568261078604], "LCC": [{"max": 1.0, "min": 0, "sm": 0.047619047619047616, "value": [193, 58, 96, 101, 73, 42, 31, 64, 20, 9, 13, 2, 3, 1, 15, 2, 3, 1, 1, 0, 0, 19]}, 0.19363626880509932]}, "rate-40": {"ANB": [{"max": 0.07346759373082573, "min": 0.0, "sm": 0.003498456844325035, "value": [562, 157, 60, 31, 14, 11, 6, 7, 1, 3, 0, 0, 1, 0, 0, 0, 0, 0, 0, 0, 0, 1]}, 0.0038394190664973343], "ACC": [{"max": 0.3176199898186259, "min": 0.0011723329425556857, "sm": 0.015068936041717627, "value": [10, 0, 0, 0, 0, 0, 0, 0, 1, 3, 14, 34, 49, 87, 151, 204, 157, 101, 34, 8, 0, 1]}, 0.2282454918744209], "LCC": [{"max": 1.0, "min": 0, "sm": 0.047619047619047616, "value": [212, 55, 125, 107, 98, 63, 31, 67, 28, 10, 13, 4, 7, 1, 13, 2, 0, 1, 0, 0, 0, 17]}, 0.18912765203267717]}}