{"rate-5": {"ANB": [{"max": 0.0009157509157509158, "min": 0.0, "sm": 4.360718646432932e-05, "value": [101, 0, 0, 0, 1, 0, 0, 0, 2, 0, 0, 0, 1, 0, 0, 0, 0, 0, 0, 0, 0, 1]}, 2.24618149146451e-05], "ACC": [{"max": 0.03047619047619048, "min": 0.0, "sm": 0.00145124716553288, "value": [82, 0, 0, 0, 0, 0, 12, 0, 2, 2, 0, 1, 0, 3, 2, 0, 0, 1, 0, 0, 0, 1]}, 0.0032175301986622743], "LCC": [{"max": 0, "min": 0, "sm": 0.0, "value": [106, 0, 0, 0, 0, 0, 0, 0, 0, 0, 0, 0, 0, 0, 0, 0, 0, 0, 0, 0, 0, 0]}, 0.0]}, "rate-10": {"ANB": [{"max": 0.002593221854600733, "min": 0.0, "sm": 0.0001234867549809873, "value": [180, 9, 8, 8, 0, 1, 0, 3, 2, 0, 0, 0, 1, 0, 0, 0, 0, 0, 0, 0, 0, 1]}, 8.459352496390607e-05], "ACC": [{"max": 0.033962264150943396, "min": 0.0, "sm": 0.0016172506738544475, "value": [100, 0, 28, 10, 6, 9, 15, 9, 4, 8, 7, 5, 1, 5, 2, 2, 1, 0, 0, 0, 0, 1]}, 0.005961562980587908], "LCC": [{"max": 1.0, "min": 0, "sm": 0.047619047619047616, "value": [203, 0, 0, 0, 0, 0, 0, 4, 0, 0, 0, 0, 0, 0, 2, 0, 0, 0, 0, 0, 0, 4]}, 0.03129890453834115]}, "rate-15": {"ANB": [{"max": 0.08462964058279608, "min": 0.0, "sm": 0.004029982884895052, "value": [272, 13, 7, 5, 4, 4, 2, 1, 4, 1, 0, 0, 1, 1, 0, 0, 0, 1, 1, 0, 3, 0]}, 0.0037030396679876205], "ACC": [{"max": 0.07162054525891182, "min": 0.0, "sm": 0.003410502155186277, "value": [154, 23, 15, 3, 0, 0, 0, 0, 3, 4, 11, 24, 16, 24, 6, 12, 8, 8, 2, 3, 3, 1]}, 0.019317455606957367], "LCC": [{"max": 1.0, "min": 0, "sm": 0.047619047619047616, "value": [290, 2, 4, 3, 2, 0, 1, 9, 0, 0, 0, 0, 0, 0, 1, 0, 0, 0, 0, 0, 0, 8]}, 0.04188988095238094]}, "rate-20": {"ANB": [{"max": 0.03513629927714437, "min": 0.0, "sm": 0.0016731571084354464, "value": [346, 19, 13, 18, 10, 5, 1, 1, 4, 0, 2, 1, 1, 0, 1, 2, 0, 1, 0, 0, 1, 1]}, 0.0016717987125582168], "ACC": [{"max": 0.09398025161646031, "min": 0.0, "sm": 0.0044752500769743, "value": [166, 39, 36, 26, 9, 0, 0, 2, 3, 8, 12, 8, 23, 13, 34, 13, 13, 14, 3, 1, 3, 1]}, 0.025319814459893016], "LCC": [{"max": 1.0, "min": 0, "sm": 0.047619047619047616, "value": [375, 4, 9, 9, 1, 0, 0, 10, 0, 0, 1, 0, 0, 0, 2, 0, 0, 0, 0, 0, 0, 16]}, 0.05645143303222928]}, "rate-25": {"ANB": [{"max": 0.11122104660103377, "min": 0.0, "sm": 0.0052962403143349416, "value": [402, 52, 30, 12, 12, 5, 4, 1, 3, 0, 1, 1, 1, 4, 4, 0, 1, 0, 0, 0, 0, 1]}, 0.005637671238196252], "ACC": [{"max": 0.12766488131430248, "min": 0.0, "sm": 0.006079280062585833, "value": [166, 10, 0, 0, 0, 0, 0, 0, 3, 9, 14, 24, 35, 44, 47, 70, 48, 38, 13, 9, 3, 1]}, 0.06058444993834079], "LCC": [{"max": 1.0, "min": 0, "sm": 0.047619047619047616, "value": [403, 8, 21, 21, 10, 0, 4, 30, 2, 0, 3, 0, 0, 0, 7, 0, 0, 0, 0, 0, 0, 25]}, 0.09679290227043039]}, "rate-30": {"ANB": [{"max": 0.0908262825244881, "min": 0.0, "sm": 0.004325061072594671, "value": [478, 73, 22, 21, 16, 7, 4, 3, 3, 3, 0, 1, 1, 1, 7, 0, 0, 0, 0, 0, 0, 1]}, 0.004539905187756801], "ACC": [{"max": 0.13355359864982577, "min": 0.0, "sm": 0.006359695173801227, "value": [197, 0, 0, 0, 0, 0, 0, 0, 0, 1, 8, 16, 28, 41, 60, 79, 76, 67, 40, 16, 11, 1]}, 0.0697013796328084], "LCC": [{"max": 1.0, "min": 0, "sm": 0.047619047619047616, "value": [460, 18, 29, 30, 10, 6, 4, 39, 0, 0, 2, 0, 0, 0, 5, 0, 0, 2, 0, 0, 0, 36]}, 0.10757403456311421]}, "rate-35": {"ANB": [{"max": 0.08356608103179648, "min": 0.0, "sm": 0.0039793371919903085, "value": [518, 106, 49, 21, 17, 11, 10, 3, 3, 4, 1, 0, 0, 1, 2, 0, 0, 0, 0, 0, 0, 1]}, 0.004274099595146638], "ACC": [{"max": 0.18902773239731926, "min": 0.0, "sm": 0.009001320590348536, "value": [150, 0, 0, 0, 0, 0, 0, 0, 1, 8, 11, 31, 50, 73, 94, 112, 87, 74, 34, 18, 3, 1]}, 0.10925984027332543], "LCC": [{"max": 1.0, "min": 0, "sm": 0.047619047619047616, "value": [510, 24, 31, 39, 24, 9, 9, 56, 1, 1, 5, 0, 1, 0, 11, 0, 0, 1, 0, 0, 0, 25]}, 0.10331124233949168]}, "rate-40": {"ANB": [{"max": 0.07277416767995855, "min": 0.0, "sm": 0.0034654365561885025, "value": [569, 126, 54, 31, 23, 13, 9, 8, 5, 2, 4, 4, 1, 0, 1, 2, 0, 1, 0, 0, 0, 1]}, 0.00433707505154309], "ACC": [{"max": 0.19034246555167397, "min": 0.0, "sm": 0.009063926931032093, "value": [134, 0, 0, 0, 0, 0, 0, 0, 3, 10, 19, 24, 46, 77, 125, 122, 119, 101, 50, 18, 5, 1]}, 0.11740586168030859], "LCC": [{"max": 1.0, "min": 0, "sm": 0.047619047619047616, "value": [519, 28, 55, 52, 34, 15, 14, 60, 6, 5, 11, 2, 5, 1, 14, 0, 1, 1, 0, 0, 0, 31]}, 0.1263912141340162]}}