{"rate-5": {"ANB": [{"max": 0.14791853848457617, "min": 0.0, "sm": 0.00704373992783696, "value": [72, 17, 7, 0, 3, 0, 1, 0, 4, 1, 0, 1, 0, 0, 0, 0, 0, 0, 0, 0, 0, 1]}, 0.009308847855841334], "ACC": [{"max": 0.1543253826984692, "min": 0.009433962264150943, "sm": 0.006899591449253251, "value": [26, 5, 8, 8, 4, 2, 2, 1, 2, 3, 9, 5, 8, 5, 3, 7, 3, 4, 1, 0, 0, 1]}, 0.06006310649624327], "LCC": [{"max": 1.0, "min": 0, "sm": 0.047619047619047616, "value": [83, 1, 0, 4, 0, 0, 0, 10, 0, 0, 1, 0, 0, 0, 0, 0, 0, 0, 0, 0, 0, 8]}, 0.11750212404418012]}, "rate-10": {"ANB": [{"max": 0.12577456417068544, "min": 0.0, "sm": 0.005989264960508831, "value": [90, 20, 14, 18, 10, 11, 13, 9, 4, 1, 5, 5, 3, 3, 0, 0, 3, 0, 1, 1, 1, 1]}, 0.021152159611818565], "ACC": [{"max": 0.19241019081121416, "min": 0.0047169811320754715, "sm": 0.008937771889482795, "value": [22, 0, 0, 0, 0, 0, 0, 0, 2, 3, 7, 13, 12, 18, 29, 25, 30, 23, 15, 13, 0, 1]}, 0.12712358164787743], "LCC": [{"max": 1.0, "min": 0, "sm": 0.047619047619047616, "value": [129, 2, 10, 15, 12, 1, 1, 19, 2, 0, 2, 0, 0, 0, 8, 0, 0, 0, 0, 0, 0, 12]}, 0.15115778848173214]}, "rate-15": {"ANB": [{"max": 0.15680804450090544, "min": 0.0, "sm": 0.007467049738138354, "value": [191, 58, 21, 18, 10, 3, 5, 1, 1, 3, 2, 2, 1, 1, 0, 1, 0, 0, 0, 1, 0, 1]}, 0.012008524575619564], "ACC": [{"max": 0.23680435347973566, "min": 0.003134796238244514, "sm": 0.01112712177340434, "value": [28, 0, 0, 0, 0, 0, 0, 0, 0, 7, 19, 14, 35, 32, 37, 57, 36, 23, 16, 12, 3, 1]}, 0.15374910041690174], "LCC": [{"max": 1.0, "min": 0, "sm": 0.047619047619047616, "value": [145, 15, 13, 35, 13, 4, 12, 31, 8, 1, 12, 0, 1, 0, 7, 0, 0, 1, 0, 0, 0, 22]}, 0.19844521797646802]}, "rate-20": {"ANB": [{"max": 0.08362369417486921, "min": 0.0, "sm": 0.0039820806749937725, "value": [211, 68, 40, 23, 21, 10, 10, 11, 6, 5, 9, 3, 0, 4, 1, 3, 1, 0, 1, 0, 1, 0]}, 0.009545038989362348], "ACC": [{"max": 0.24476655416264864, "min": 0.00234192037470726, "sm": 0.01154403018037816, "value": [14, 0, 0, 0, 0, 0, 0, 0, 0, 2, 6, 12, 30, 29, 59, 81, 63, 65, 37, 25, 4, 1]}, 0.17865682363960064], "LCC": [{"max": 1.0, "min": 0, "sm": 0.047619047619047616, "value": [164, 24, 35, 44, 33, 11, 12, 45, 11, 3, 10, 0, 1, 0, 15, 0, 0, 1, 0, 0, 0, 19]}, 0.19183254516542075]}, "rate-25": {"ANB": [{"max": 0.07632510423550548, "min": 0.0, "sm": 0.0036345287731193087, "value": [283, 86, 61, 29, 17, 14, 10, 11, 9, 2, 1, 3, 3, 0, 1, 2, 0, 0, 0, 1, 0, 1]}, 0.006992086007966347], "ACC": [{"max": 0.256228068798229, "min": 0.001876172607879925, "sm": 0.01211199505668329, "value": [22, 0, 0, 0, 0, 0, 0, 0, 0, 3, 8, 10, 35, 41, 69, 90, 106, 71, 50, 26, 2, 1]}, 0.18573498676044034], "LCC": [{"max": 1.0, "min": 0, "sm": 0.047619047619047616, "value": [194, 29, 50, 58, 37, 26, 16, 56, 11, 5, 9, 3, 3, 0, 14, 0, 0, 0, 0, 0, 0, 23]}, 0.19063739968541385]}, "rate-30": {"ANB": [{"max": 0.043801058076188, "min": 0.0, "sm": 0.0020857646702946665, "value": [295, 124, 61, 54, 27, 14, 10, 13, 4, 6, 7, 7, 2, 4, 2, 3, 1, 3, 1, 1, 2, 1]}, 0.004995054942384609], "ACC": [{"max": 0.28993928913783057, "min": 0.0015600624024961, "sm": 0.013732344130254022, "value": [20, 0, 0, 0, 0, 0, 0, 0, 0, 3, 4, 23, 18, 43, 70, 110, 121, 106, 76, 31, 16, 1]}, 0.21704898526092234], "LCC": [{"max": 1.0, "min": 0, "sm": 0.047619047619047616, "value": [183, 51, 74, 80, 62, 29, 28, 56, 20, 5, 15, 0, 4, 0, 11, 0, 1, 1, 0, 0, 0, 22]}, 0.19176992036618964]}, "rate-35": {"ANB": [{"max": 0.042881043861389884, "min": 0.0, "sm": 0.0020419544695899944, "value": [379, 143, 68, 45, 31, 12, 20, 8, 3, 4, 7, 3, 7, 2, 3, 3, 4, 0, 0, 3, 1, 1]}, 0.004342559916450562], "ACC": [{"max": 0.3026793920748603, "min": 0.0013404825737265416, "sm": 0.014349471881006368, "value": [12, 0, 0, 0, 0, 0, 0, 0, 1, 3, 4, 21, 24, 56, 100, 143, 156, 121, 78, 19, 8, 1]}, 0.22667075904303446], "LCC": [{"max": 1.0, "min": 0, "sm": 0.047619047619047616, "value": [163, 52, 106, 107, 92, 38, 36, 70, 17, 7, 15, 1, 5, 1, 12, 1, 0, 1, 0, 0, 0, 23]}, 0.20151859260504412]}, "rate-40": {"ANB": [{"max": 0.05001615337501037, "min": 0.0, "sm": 0.002381721589286208, "value": [500, 148, 72, 48, 28, 9, 17, 7, 4, 4, 6, 3, 3, 2, 1, 1, 0, 1, 0, 0, 0, 1]}, 0.003815861282428545], "ACC": [{"max": 0.2925741884549296, "min": 0.00117096018735363, "sm": 0.013876344203217903, "value": [14, 0, 0, 0, 0, 0, 0, 0, 0, 1, 6, 14, 29, 50, 68, 143, 187, 178, 103, 46, 15, 1]}, 0.22514169724040914], "LCC": [{"max": 1.0, "min": 0, "sm": 0.047619047619047616, "value": [225, 78, 107, 95, 98, 46, 33, 82, 27, 14, 13, 2, 4, 0, 15, 0, 1, 1, 1, 0, 0, 13]}, 0.18136521346100132]}}