{"rate-5": {"ANB": [{"max": 0.0034798534798534796, "min": 0.0, "sm": 0.0001657073085644514, "value": [99, 1, 0, 1, 0, 0, 0, 0, 2, 0, 1, 0, 0, 0, 0, 0, 0, 0, 1, 0, 0, 1]}, 0.00011230907457322551], "ACC": [{"max": 0.05142857142857143, "min": 0.0, "sm": 0.0024489795918367346, "value": [83, 0, 0, 10, 0, 2, 0, 1, 0, 0, 2, 1, 0, 0, 1, 2, 2, 0, 0, 1, 0, 1]}, 0.004828171333636771], "LCC": [{"max": 1.0, "min": 0, "sm": 0.047619047619047616, "value": [103, 0, 0, 2, 0, 0, 0, 0, 0, 0, 0, 0, 0, 0, 0, 0, 0, 0, 0, 0, 0, 1]}, 0.012578616352201259]}, "rate-10": {"ANB": [{"max": 0.0225789144236788, "min": 0.0, "sm": 0.0010751864011275618, "value": [194, 9, 0, 0, 1, 2, 2, 2, 1, 1, 0, 0, 0, 0, 0, 0, 0, 0, 0, 0, 0, 1]}, 0.000523934090099031], "ACC": [{"max": 0.06644790812141099, "min": 0.0, "sm": 0.003164186101019571, "value": [103, 26, 13, 7, 13, 5, 5, 5, 3, 4, 4, 3, 4, 3, 1, 6, 5, 2, 0, 0, 0, 1]}, 0.01091164220571677], "LCC": [{"max": 1.0, "min": 0, "sm": 0.047619047619047616, "value": [193, 1, 0, 3, 1, 0, 0, 3, 0, 0, 2, 0, 0, 0, 3, 0, 0, 0, 0, 0, 0, 7]}, 0.055290718671000355]}, "rate-15": {"ANB": [{"max": 0.08780058227032854, "min": 0.0, "sm": 0.004180980108110883, "value": [270, 16, 7, 4, 2, 2, 3, 2, 1, 2, 0, 0, 1, 0, 1, 0, 3, 0, 2, 2, 1, 1]}, 0.004563691567595276], "ACC": [{"max": 0.06803854068503952, "min": 0.0, "sm": 0.0032399305088114056, "value": [141, 12, 0, 0, 3, 8, 8, 9, 1, 11, 11, 11, 12, 12, 21, 12, 15, 12, 12, 4, 4, 1]}, 0.022832006086545033], "LCC": [{"max": 1.0, "min": 0, "sm": 0.047619047619047616, "value": [279, 3, 3, 9, 1, 0, 1, 12, 0, 0, 0, 0, 0, 0, 0, 0, 0, 0, 0, 0, 0, 12]}, 0.05787450396825396]}, "rate-20": {"ANB": [{"max": 0.15162352086098765, "min": 0.0, "sm": 0.007220167660047031, "value": [328, 35, 24, 16, 6, 5, 4, 2, 0, 1, 2, 2, 1, 0, 0, 0, 0, 0, 0, 0, 0, 1]}, 0.006533214070666362], "ACC": [{"max": 0.13593586677296482, "min": 0.0, "sm": 0.006473136512998324, "value": [145, 4, 0, 0, 0, 0, 0, 0, 11, 13, 22, 25, 39, 34, 37, 40, 26, 19, 6, 5, 0, 1]}, 0.05854040810039313], "LCC": [{"max": 1.0, "min": 0, "sm": 0.047619047619047616, "value": [346, 5, 11, 10, 7, 1, 0, 22, 0, 0, 3, 0, 0, 0, 4, 0, 0, 0, 0, 0, 0, 18]}, 0.08058537871184236]}, "rate-25": {"ANB": [{"max": 0.12327819178785786, "min": 0.0, "sm": 0.005870390085136089, "value": [397, 47, 30, 16, 14, 7, 6, 4, 3, 0, 3, 0, 2, 2, 0, 1, 1, 0, 0, 0, 0, 1]}, 0.006522078643496196], "ACC": [{"max": 0.12360008323002436, "min": 0.0, "sm": 0.005885718249048779, "value": [153, 4, 0, 0, 0, 0, 0, 1, 2, 7, 12, 14, 22, 34, 61, 57, 58, 48, 36, 15, 9, 1]}, 0.06463298223611147], "LCC": [{"max": 1.0, "min": 0, "sm": 0.047619047619047616, "value": [418, 7, 12, 9, 11, 1, 2, 39, 1, 0, 1, 0, 0, 0, 10, 0, 0, 0, 0, 0, 0, 23]}, 0.09344312574649662]}, "rate-30": {"ANB": [{"max": 0.0788312122442136, "min": 0.0, "sm": 0.0037538672497244574, "value": [408, 95, 44, 27, 22, 10, 9, 8, 5, 2, 3, 2, 1, 1, 0, 0, 1, 1, 1, 0, 0, 1]}, 0.005170674549986692], "ACC": [{"max": 0.16164205039096438, "min": 0.0, "sm": 0.007697240494807828, "value": [152, 0, 0, 0, 0, 0, 0, 0, 0, 2, 11, 22, 41, 66, 87, 84, 78, 49, 30, 10, 8, 1]}, 0.08908157626186905], "LCC": [{"max": 1.0, "min": 0, "sm": 0.047619047619047616, "value": [450, 10, 25, 36, 19, 6, 14, 32, 6, 1, 6, 2, 1, 1, 10, 0, 1, 1, 0, 0, 0, 20]}, 0.10338697530585203]}, "rate-35": {"ANB": [{"max": 0.08190111842841345, "min": 0.0, "sm": 0.003900053258495879, "value": [517, 100, 50, 25, 14, 8, 10, 7, 3, 2, 3, 0, 1, 3, 1, 1, 1, 0, 0, 0, 0, 1]}, 0.004516815545344075], "ACC": [{"max": 0.17327218117868887, "min": 0.0, "sm": 0.008251056246604231, "value": [156, 0, 0, 0, 0, 0, 0, 0, 2, 6, 21, 32, 36, 56, 76, 99, 105, 86, 44, 20, 7, 1]}, 0.10080179229383136], "LCC": [{"max": 1.0, "min": 0, "sm": 0.047619047619047616, "value": [523, 27, 33, 29, 19, 2, 11, 38, 6, 0, 10, 1, 1, 0, 18, 0, 0, 1, 0, 0, 0, 28]}, 0.10733410856845778]}, "rate-40": {"ANB": [{"max": 0.07318783454535693, "min": 0.0, "sm": 0.00348513497835033, "value": [571, 90, 81, 46, 19, 15, 10, 4, 4, 1, 2, 4, 2, 2, 0, 1, 0, 1, 0, 0, 0, 1]}, 0.0043967222318014336], "ACC": [{"max": 0.2068112006547253, "min": 0.0, "sm": 0.009848152412129777, "value": [119, 0, 0, 0, 0, 0, 0, 0, 2, 9, 38, 47, 63, 102, 114, 117, 119, 66, 42, 12, 3, 1]}, 0.12562752124002005], "LCC": [{"max": 1.0, "min": 0, "sm": 0.047619047619047616, "value": [511, 42, 42, 51, 43, 6, 13, 70, 10, 1, 6, 3, 3, 0, 13, 0, 4, 0, 1, 0, 0, 35]}, 0.13125279642856433]}}