{"rate-5": {"ANB": [{"max": 0.4827936963511629, "min": 0.0, "sm": 0.022990176016722045, "value": [768, 19, 3, 3, 2, 4, 0, 1, 1, 0, 0, 0, 0, 0, 0, 0, 0, 0, 1, 0, 0, 1]}, 0.005892738268739931], "ACC": [{"max": 0.29714709151537605, "min": 0.11308516638465876, "sm": 0.008764853577653204, "value": [7, 13, 5, 93, 16, 103, 227, 44, 45, 119, 37, 15, 0, 25, 40, 11, 1, 0, 0, 0, 1, 1]}, 0.1789618439339824], "LCC": [{"max": 1.0, "min": 0, "sm": 0.047619047619047616, "value": [588, 16, 23, 28, 11, 1, 3, 100, 3, 0, 0, 0, 0, 0, 1, 0, 0, 0, 0, 0, 0, 29]}, 0.09441562351483489]}, "rate-10": {"ANB": [{"max": 0.6144877514109833, "min": 0.0, "sm": 0.029261321495761113, "value": [1576, 15, 5, 2, 0, 0, 0, 0, 0, 0, 4, 1, 0, 1, 0, 1, 0, 0, 0, 0, 0, 1]}, 0.003589133275910453], "ACC": [{"max": 0.26123046875, "min": 0.09791361639824304, "sm": 0.007776992969131284, "value": [29, 48, 126, 249, 34, 125, 157, 71, 129, 77, 454, 22, 34, 1, 45, 0, 2, 1, 1, 0, 0, 1]}, 0.15289046676595608], "LCC": [{"max": 1.0, "min": 0, "sm": 0.047619047619047616, "value": [1311, 16, 31, 49, 8, 0, 3, 134, 0, 1, 1, 2, 3, 1, 2, 0, 1, 2, 0, 0, 0, 41]}, 0.0679245660333303]}, "rate-15": {"ANB": [{"max": 0.2647371654268332, "min": 0.0, "sm": 0.012606531686992056, "value": [2381, 13, 6, 1, 0, 1, 1, 1, 0, 0, 2, 2, 0, 0, 0, 0, 0, 0, 0, 0, 0, 1]}, 0.0009905050660397733], "ACC": [{"max": 0.2115122357568679, "min": 0.0029854878431761463, "sm": 0.009929845138747225, "value": [86, 0, 0, 0, 6, 113, 484, 88, 27, 43, 585, 357, 329, 157, 7, 86, 37, 2, 0, 1, 0, 1]}, 0.10062290749214503], "LCC": [{"max": 1.0, "min": 0, "sm": 0.047619047619047616, "value": [1651, 46, 49, 77, 18, 3, 7, 329, 5, 3, 5, 1, 2, 1, 65, 0, 0, 0, 6, 0, 0, 141]}, 0.13953785657352125]}, "rate-20": {"ANB": [{"max": 0.5852322745638467, "min": 0.0, "sm": 0.02786820355065937, "value": [3197, 8, 2, 3, 0, 0, 0, 0, 0, 0, 0, 0, 0, 0, 0, 0, 0, 0, 0, 0, 1, 1]}, 0.0011860564064271409], "ACC": [{"max": 0.3226201949380087, "min": 0.0011131290643857285, "sm": 0.015309860279696334, "value": [178, 0, 0, 0, 0, 9, 14, 48, 61, 93, 924, 85, 1411, 68, 66, 224, 28, 0, 1, 0, 1, 1]}, 0.17451013993814696], "LCC": [{"max": 1.0, "min": 0, "sm": 0.047619047619047616, "value": [2490, 33, 32, 39, 14, 3, 10, 103, 20, 7, 23, 11, 7, 1, 64, 6, 7, 10, 4, 3, 35, 290]}, 0.1495197002254126]}, "rate-25": {"ANB": [{"max": 0.2605746063285066, "min": 0.0, "sm": 0.012408314587071742, "value": [3977, 15, 5, 4, 1, 2, 3, 0, 0, 0, 0, 1, 1, 4, 0, 0, 0, 0, 1, 0, 0, 1]}, 0.0008484536354927255], "ACC": [{"max": 0.15353602625220147, "min": 0.0336484040202032, "sm": 0.005708934391999918, "value": [32, 163, 146, 319, 198, 610, 73, 195, 273, 95, 796, 138, 787, 61, 10, 64, 49, 4, 0, 0, 1, 1]}, 0.08138296536141842], "LCC": [{"max": 1.0, "min": 0, "sm": 0.047619047619047616, "value": [3192, 44, 49, 64, 26, 4, 8, 282, 7, 5, 11, 7, 5, 9, 46, 3, 6, 19, 5, 0, 0, 223]}, 0.10608510894093107]}, "rate-30": {"ANB": [{"max": 0.43195348047280036, "min": 0.0, "sm": 0.020569213355847635, "value": [4784, 13, 4, 2, 2, 2, 1, 0, 0, 0, 6, 2, 0, 0, 0, 0, 0, 0, 0, 1, 0, 1]}, 0.0010612725299547834], "ACC": [{"max": 0.1589442724669254, "min": 0.017757357459204728, "sm": 0.00672318642893908, "value": [226, 495, 213, 7, 5, 17, 177, 193, 487, 502, 495, 77, 101, 78, 632, 920, 29, 158, 4, 0, 1, 1]}, 0.08535054120880341], "LCC": [{"max": 1.0, "min": 0, "sm": 0.047619047619047616, "value": [3598, 34, 33, 41, 13, 8, 7, 142, 12, 6, 21, 16, 32, 18, 69, 9, 8, 10, 22, 0, 0, 719]}, 0.19325971423562516]}, "rate-35": {"ANB": [{"max": 0.17450089980327682, "min": 0.0, "sm": 0.008309566657298897, "value": [5583, 21, 5, 4, 0, 1, 1, 1, 1, 0, 0, 0, 0, 1, 0, 0, 1, 0, 1, 0, 0, 1]}, 0.0003383796134914151], "ACC": [{"max": 0.181257185146184, "min": 0.00564982206405694, "sm": 0.008362255384863192, "value": [64, 0, 0, 0, 0, 23, 58, 97, 600, 333, 641, 687, 1544, 1193, 119, 245, 9, 4, 1, 2, 0, 1]}, 0.10285566156042565], "LCC": [{"max": 1.0, "min": 0, "sm": 0.047619047619047616, "value": [3968, 22, 29, 36, 12, 7, 16, 115, 25, 12, 38, 10, 14, 7, 207, 10, 8, 7, 17, 6, 33, 1022]}, 0.2392271760263449]}, "rate-40": {"ANB": [{"max": 0.36456192058528597, "min": 0.0, "sm": 0.01736009145644219, "value": [6404, 11, 4, 1, 0, 1, 0, 0, 1, 0, 0, 0, 0, 0, 0, 0, 0, 1, 0, 0, 1, 0]}, 0.00042479385237294764], "ACC": [{"max": 0.26270839559082076, "min": 0.02211571701796764, "sm": 0.01145679421775491, "value": [179, 662, 633, 62, 2, 71, 184, 140, 49, 924, 104, 2813, 107, 136, 146, 207, 0, 0, 3, 0, 1, 1]}, 0.1234542170579092], "LCC": [{"max": 1.0, "min": 0, "sm": 0.047619047619047616, "value": [4890, 75, 66, 89, 30, 9, 13, 335, 25, 9, 32, 4, 23, 6, 135, 16, 10, 18, 12, 17, 43, 567]}, 0.14984056581916533]}}