{"rate-5": {"ANB": [{"max": 0.0029109498413765833, "min": 0.0, "sm": 0.00013861665911317063, "value": [798, 2, 1, 0, 0, 0, 0, 0, 1, 0, 0, 0, 0, 0, 0, 0, 0, 0, 0, 0, 0, 1]}, 7.4750584961129154e-06], "ACC": [{"max": 0.04590795737927908, "min": 0.0012468827930174563, "sm": 0.00212671783744103, "value": [645, 61, 32, 16, 1, 1, 0, 1, 0, 10, 0, 34, 0, 0, 1, 0, 0, 0, 0, 0, 0, 1]}, 0.0034764705087738444], "LCC": [{"max": 0, "min": 0, "sm": 0.0, "value": [803, 0, 0, 0, 0, 0, 0, 0, 0, 0, 0, 0, 0, 0, 0, 0, 0, 0, 0, 0, 0, 0]}, 0.0]}, "rate-10": {"ANB": [{"max": 0.004033141445451791, "min": 0.0, "sm": 0.0001920543545453234, "value": [1602, 0, 0, 2, 0, 0, 0, 0, 0, 0, 1, 0, 0, 0, 0, 0, 0, 0, 0, 0, 0, 1]}, 6.371721367933285e-06], "ACC": [{"max": 0.04724061810154525, "min": 0.0006230529595015577, "sm": 0.002219884054383033, "value": [1277, 147, 69, 2, 2, 1, 0, 8, 0, 1, 27, 0, 67, 3, 0, 1, 0, 0, 0, 0, 0, 1]}, 0.0032506649701944134], "LCC": [{"max": 1.0, "min": 0, "sm": 0.047619047619047616, "value": [1601, 0, 0, 0, 0, 0, 0, 1, 0, 0, 0, 0, 0, 0, 0, 0, 0, 0, 0, 0, 0, 4]}, 0.002701578993434995]}, "rate-15": {"ANB": [{"max": 0.004075357449962526, "min": 0.0, "sm": 0.00019406464047440602, "value": [2398, 4, 2, 0, 0, 3, 0, 0, 0, 0, 0, 0, 0, 0, 0, 1, 0, 0, 0, 0, 0, 1]}, 7.020705715563126e-06], "ACC": [{"max": 0.0359537737195035, "min": 0.0004152823920265781, "sm": 0.0016923091108322341, "value": [1677, 284, 100, 36, 89, 51, 1, 2, 3, 18, 2, 44, 1, 97, 0, 0, 0, 1, 2, 0, 0, 1]}, 0.0032412058343891147], "LCC": [{"max": 1.0, "min": 0, "sm": 0.047619047619047616, "value": [2382, 0, 4, 3, 0, 0, 0, 9, 0, 0, 1, 0, 0, 0, 1, 0, 0, 0, 0, 0, 0, 9]}, 0.005829538562054784]}, "rate-20": {"ANB": [{"max": 0.007992385986256356, "min": 0.0, "sm": 0.00038058980886935027, "value": [3188, 13, 5, 2, 2, 0, 0, 1, 0, 0, 0, 0, 0, 0, 0, 0, 0, 0, 0, 0, 0, 1]}, 1.1676294111995402e-05], "ACC": [{"max": 0.05055974748593301, "min": 0.0003114294612270321, "sm": 0.0023927770487955228, "value": [2197, 388, 145, 179, 1, 2, 4, 15, 32, 60, 3, 2, 1, 175, 2, 5, 0, 0, 0, 0, 0, 1]}, 0.004477194528857692], "LCC": [{"max": 1.0, "min": 0, "sm": 0.047619047619047616, "value": [3168, 7, 3, 7, 1, 1, 1, 15, 0, 0, 0, 0, 0, 0, 0, 0, 0, 0, 0, 0, 0, 9]}, 0.005218810869495802]}, "rate-25": {"ANB": [{"max": 0.011993532231011537, "min": 0.0, "sm": 0.0005711205824291208, "value": [3978, 23, 7, 2, 1, 0, 1, 2, 0, 0, 0, 0, 0, 0, 0, 0, 0, 0, 0, 0, 0, 1]}, 2.150274389001202e-05], "ACC": [{"max": 0.06101612553941065, "min": 0.00024912805181863477, "sm": 0.0028936665470281914, "value": [2553, 277, 319, 178, 175, 50, 6, 8, 83, 76, 46, 4, 1, 213, 11, 14, 0, 0, 0, 0, 0, 1]}, 0.006651017218038573], "LCC": [{"max": 1.0, "min": 0, "sm": 0.047619047619047616, "value": [3951, 6, 7, 11, 2, 1, 0, 16, 0, 0, 0, 0, 0, 0, 0, 0, 0, 0, 0, 0, 0, 21]}, 0.007483881634649017]}, "rate-30": {"ANB": [{"max": 0.012232596762435367, "min": 0.0, "sm": 0.0005825046077350174, "value": [4757, 32, 12, 6, 3, 2, 2, 0, 0, 1, 0, 1, 0, 0, 0, 0, 0, 0, 0, 0, 1, 1]}, 3.4483587377748614e-05], "ACC": [{"max": 0.061627499759092506, "min": 0.00020759809009757111, "sm": 0.002924757222333092, "value": [2456, 456, 468, 274, 109, 179, 199, 113, 113, 88, 63, 2, 1, 266, 12, 18, 0, 0, 0, 0, 0, 1]}, 0.008315637268885581], "LCC": [{"max": 1.0, "min": 0, "sm": 0.047619047619047616, "value": [4659, 10, 16, 29, 19, 4, 7, 30, 2, 0, 5, 0, 0, 0, 7, 0, 0, 0, 0, 0, 0, 30]}, 0.012933661366755665]}, "rate-35": {"ANB": [{"max": 0.022857416032255776, "min": 0.0, "sm": 0.0010884483824883703, "value": [5558, 33, 14, 6, 5, 0, 1, 0, 0, 2, 1, 0, 0, 0, 1, 0, 0, 0, 0, 0, 0, 1]}, 5.815688502737895e-05], "ACC": [{"max": 0.07392949516237186, "min": 0.0001779042874933286, "sm": 0.003511980517851359, "value": [2563, 596, 440, 299, 189, 302, 291, 247, 139, 18, 150, 2, 0, 340, 44, 1, 0, 0, 0, 0, 0, 1]}, 0.01154271705471405], "LCC": [{"max": 1.0, "min": 0, "sm": 0.047619047619047616, "value": [5372, 17, 34, 22, 22, 5, 10, 42, 2, 0, 3, 0, 0, 0, 6, 0, 0, 0, 0, 0, 0, 87]}, 0.022201115367313506]}, "rate-40": {"ANB": [{"max": 0.020797173790642165, "min": 0.0, "sm": 0.0009903416090781983, "value": [6377, 33, 6, 3, 0, 1, 2, 0, 0, 0, 0, 0, 0, 0, 1, 0, 0, 0, 0, 0, 0, 1]}, 3.373601939681431e-05], "ACC": [{"max": 0.07033796090480558, "min": 0.00015569048731122528, "sm": 0.003342012877023541, "value": [2507, 761, 662, 332, 208, 172, 228, 237, 207, 302, 216, 110, 58, 349, 15, 56, 2, 0, 0, 1, 0, 1]}, 0.012878129177727148], "LCC": [{"max": 1.0, "min": 0, "sm": 0.047619047619047616, "value": [6066, 25, 21, 39, 17, 12, 21, 71, 7, 6, 8, 0, 1, 0, 14, 0, 0, 0, 0, 0, 0, 116]}, 0.02856155513153841]}}