{"rate-5": {"ANB": [{"max": 0.2870129747700045, "min": 0.0, "sm": 0.013667284512857356, "value": [746, 28, 13, 9, 1, 5, 0, 0, 0, 0, 0, 0, 0, 0, 0, 0, 0, 0, 0, 0, 0, 1]}, 0.0033997713663410133], "ACC": [{"max": 0.19336274697870712, "min": 0.032578875678103324, "sm": 0.007656374823838276, "value": [39, 32, 78, 108, 36, 21, 34, 25, 84, 91, 41, 118, 37, 6, 4, 40, 8, 0, 0, 0, 0, 1]}, 0.09056091879014713], "LCC": [{"max": 1.0, "min": 0, "sm": 0.047619047619047616, "value": [556, 8, 6, 12, 5, 3, 2, 20, 9, 4, 10, 4, 6, 3, 26, 2, 14, 7, 9, 11, 8, 78]}, 0.2121391773500495]}, "rate-10": {"ANB": [{"max": 0.6060215102186108, "min": 0.0, "sm": 0.028858167153267184, "value": [1574, 15, 2, 4, 1, 0, 0, 2, 0, 1, 1, 0, 1, 0, 0, 0, 0, 3, 1, 0, 0, 1]}, 0.003928970670084226], "ACC": [{"max": 0.20464108121892133, "min": 0.08551790281329923, "sm": 0.005672532305029624, "value": [1, 16, 42, 96, 157, 72, 150, 153, 12, 72, 46, 80, 234, 85, 339, 4, 6, 34, 1, 3, 2, 1]}, 0.14133125255422319], "LCC": [{"max": 1.0, "min": 0, "sm": 0.047619047619047616, "value": [1195, 8, 7, 9, 5, 5, 6, 20, 5, 5, 14, 2, 9, 8, 37, 4, 8, 3, 12, 36, 31, 177]}, 0.20209410643928385]}, "rate-15": {"ANB": [{"max": 0.6462601786595124, "min": 0.0, "sm": 0.03077429422188154, "value": [2386, 5, 6, 3, 0, 3, 0, 0, 0, 0, 1, 0, 0, 2, 1, 1, 0, 0, 0, 0, 0, 1]}, 0.0020623517128017725], "ACC": [{"max": 0.2814728229105786, "min": 0.08369829683698297, "sm": 0.009417834574933125, "value": [113, 181, 63, 3, 193, 110, 11, 37, 1, 38, 50, 251, 51, 72, 1138, 0, 94, 1, 0, 1, 0, 1]}, 0.18481979548742672], "LCC": [{"max": 1.0, "min": 0, "sm": 0.047619047619047616, "value": [1288, 10, 10, 10, 5, 7, 2, 20, 3, 3, 7, 5, 4, 3, 44, 15, 14, 6, 4, 0, 0, 949]}, 0.4301444002929333]}, "rate-20": {"ANB": [{"max": 0.5277850434785706, "min": 0.0, "sm": 0.025132621118027172, "value": [3185, 12, 5, 4, 0, 2, 0, 1, 0, 0, 0, 0, 0, 0, 0, 0, 1, 0, 0, 0, 1, 1]}, 0.0010845936368802857], "ACC": [{"max": 0.34443950985224236, "min": 0.004540964305101983, "sm": 0.016185645026054303, "value": [116, 0, 0, 0, 7, 6, 101, 36, 421, 11, 75, 350, 180, 264, 14, 1483, 0, 144, 2, 0, 1, 1]}, 0.21030408239249243], "LCC": [{"max": 1.0, "min": 0, "sm": 0.047619047619047616, "value": [1736, 10, 13, 8, 6, 1, 3, 31, 4, 1, 13, 0, 1, 0, 71, 0, 3, 4, 0, 5, 0, 1302]}, 0.4313250540340304]}, "rate-25": {"ANB": [{"max": 0.19917253466434373, "min": 0.0, "sm": 0.009484406412587796, "value": [3988, 11, 3, 6, 1, 4, 0, 0, 0, 0, 0, 1, 0, 0, 0, 0, 0, 0, 0, 0, 0, 1]}, 0.00032418694217016726], "ACC": [{"max": 0.2227967769372852, "min": 0.024802862666896113, "sm": 0.00942828163192329, "value": [168, 498, 307, 250, 95, 637, 289, 21, 9, 69, 102, 202, 70, 521, 666, 109, 0, 0, 1, 0, 0, 1]}, 0.09945251849598177], "LCC": [{"max": 1.0, "min": 0, "sm": 0.047619047619047616, "value": [3015, 18, 17, 18, 6, 9, 10, 44, 16, 14, 18, 11, 15, 4, 55, 7, 6, 29, 19, 22, 8, 654]}, 0.20840242789357885]}, "rate-30": {"ANB": [{"max": 0.3331933396877201, "min": 0.0, "sm": 0.015866349508939052, "value": [4784, 15, 6, 4, 0, 0, 0, 2, 1, 0, 0, 0, 0, 0, 0, 2, 1, 1, 1, 0, 0, 1]}, 0.0008012254913709597], "ACC": [{"max": 0.14964241897369948, "min": 0.027717679436186003, "sm": 0.005805939977976833, "value": [116, 96, 597, 392, 8, 85, 24, 146, 404, 522, 176, 235, 106, 415, 209, 1064, 117, 99, 3, 2, 1, 1]}, 0.08550243839756379], "LCC": [{"max": 1.0, "min": 0, "sm": 0.047619047619047616, "value": [3710, 47, 62, 88, 19, 7, 10, 264, 10, 9, 16, 1, 5, 0, 43, 0, 2, 7, 24, 13, 3, 478]}, 0.14371569146996707]}, "rate-35": {"ANB": [{"max": 0.4923412873664892, "min": 0.0, "sm": 0.023444823207928057, "value": [5609, 7, 2, 0, 0, 0, 0, 1, 0, 0, 0, 0, 0, 0, 0, 0, 1, 0, 0, 0, 0, 1]}, 0.0005049740806204733], "ACC": [{"max": 0.3178918307993753, "min": 0.005677820532667631, "sm": 0.014867333822224174, "value": [596, 268, 0, 0, 0, 0, 52, 87, 37, 788, 125, 2423, 820, 88, 115, 215, 3, 1, 1, 1, 0, 1]}, 0.15162826364290052], "LCC": [{"max": 1.0, "min": 0, "sm": 0.047619047619047616, "value": [4194, 45, 34, 52, 35, 6, 13, 173, 21, 22, 55, 18, 24, 10, 149, 12, 28, 31, 16, 39, 59, 585]}, 0.18026811025303818]}, "rate-40": {"ANB": [{"max": 0.3241275312380385, "min": 0.0, "sm": 0.0154346443446685, "value": [6400, 12, 4, 1, 1, 1, 2, 0, 0, 0, 0, 0, 0, 2, 0, 0, 0, 0, 0, 0, 0, 1]}, 0.0004289689611333669], "ACC": [{"max": 0.21133648453077683, "min": 0.005978514712751052, "sm": 0.009778950943715514, "value": [287, 8, 609, 975, 70, 2, 50, 314, 157, 184, 468, 751, 1292, 875, 88, 107, 180, 3, 1, 0, 2, 1]}, 0.09601255164355106], "LCC": [{"max": 1.0, "min": 0, "sm": 0.047619047619047616, "value": [4769, 65, 51, 86, 27, 13, 15, 326, 20, 14, 71, 29, 41, 17, 196, 5, 24, 18, 4, 15, 5, 613]}, 0.16391770083666596]}}