{"rate-5": {"ANB": [{"max": 0.12492815701093264, "min": 0.0, "sm": 0.0059489598576634595, "value": [783, 10, 2, 2, 2, 0, 2, 1, 0, 0, 0, 0, 1, 0, 0, 0, 0, 0, 0, 0, 0, 1]}, 0.0008951277809392186], "ACC": [{"max": 0.16377718935108249, "min": 0.0012453300124533001, "sm": 0.007739612349458532, "value": [230, 52, 49, 9, 24, 24, 59, 28, 19, 45, 18, 108, 33, 27, 24, 50, 1, 0, 2, 1, 0, 1]}, 0.050642906489687535], "LCC": [{"max": 1.0, "min": 0, "sm": 0.047619047619047616, "value": [484, 6, 13, 12, 12, 3, 5, 31, 2, 3, 11, 2, 2, 4, 18, 2, 6, 4, 2, 2, 0, 180]}, 0.2944364471374574]}, "rate-10": {"ANB": [{"max": 0.11776419233757822, "min": 0.0, "sm": 0.00560781868274182, "value": [1589, 7, 4, 1, 0, 2, 0, 1, 0, 0, 0, 1, 0, 0, 0, 0, 0, 0, 0, 0, 0, 1]}, 0.0004899936933889929], "ACC": [{"max": 0.16122797256768628, "min": 0.0006230529595015577, "sm": 0.007647853314675464, "value": [251, 74, 46, 270, 85, 55, 160, 41, 28, 58, 65, 265, 39, 80, 7, 76, 2, 0, 3, 0, 0, 1]}, 0.051967565090188815], "LCC": [{"max": 1.0, "min": 0, "sm": 0.047619047619047616, "value": [895, 20, 32, 32, 16, 8, 15, 71, 7, 6, 16, 6, 7, 1, 41, 11, 13, 14, 2, 8, 5, 380]}, 0.3221992486501565]}, "rate-15": {"ANB": [{"max": 0.11129660324742269, "min": 0.0, "sm": 0.005299838249877271, "value": [2383, 8, 4, 2, 0, 1, 3, 1, 0, 1, 2, 1, 0, 1, 1, 0, 0, 0, 0, 0, 0, 1]}, 0.0005217177603044301], "ACC": [{"max": 0.1521461101367247, "min": 0.0004152823920265781, "sm": 0.007225277511652291, "value": [362, 73, 53, 106, 8, 21, 184, 286, 314, 188, 43, 206, 358, 20, 96, 85, 2, 0, 2, 1, 0, 1]}, 0.057074627254458145], "LCC": [{"max": 1.0, "min": 0, "sm": 0.047619047619047616, "value": [1366, 30, 45, 37, 27, 13, 9, 99, 18, 9, 24, 8, 15, 6, 46, 21, 15, 6, 4, 19, 12, 580]}, 0.32139526522655093]}, "rate-20": {"ANB": [{"max": 0.11250026218197004, "min": 0.0, "sm": 0.005357155341998573, "value": [3179, 14, 4, 1, 2, 0, 0, 3, 1, 0, 0, 0, 3, 1, 0, 2, 0, 1, 0, 0, 0, 1]}, 0.0004916090497153651], "ACC": [{"max": 0.15095590153910424, "min": 0.0003114294612270321, "sm": 0.007173546289422724, "value": [387, 16, 53, 173, 14, 84, 323, 327, 473, 208, 128, 237, 539, 1, 129, 113, 2, 0, 2, 2, 0, 1]}, 0.059750330656650565], "LCC": [{"max": 1.0, "min": 0, "sm": 0.047619047619047616, "value": [1784, 46, 58, 65, 30, 10, 22, 166, 18, 13, 25, 12, 32, 8, 76, 19, 12, 32, 21, 7, 23, 733]}, 0.32028131852974406]}, "rate-25": {"ANB": [{"max": 0.15221973985048534, "min": 0.0, "sm": 0.007248559040499302, "value": [3973, 15, 8, 2, 2, 3, 0, 1, 3, 1, 0, 1, 0, 0, 0, 2, 1, 0, 0, 2, 0, 1]}, 0.0005974840035321029], "ACC": [{"max": 0.15067799734060142, "min": 0.00024912805181863477, "sm": 0.007163279489942036, "value": [292, 62, 0, 0, 1, 81, 148, 429, 469, 468, 666, 424, 680, 4, 159, 125, 3, 0, 2, 1, 0, 1]}, 0.06780420319126916], "LCC": [{"max": 1.0, "min": 0, "sm": 0.047619047619047616, "value": [2249, 63, 62, 68, 47, 10, 17, 194, 21, 11, 45, 14, 24, 13, 105, 23, 21, 21, 28, 7, 23, 949]}, 0.3227246440578038]}, "rate-30": {"ANB": [{"max": 0.11406732556770133, "min": 0.0, "sm": 0.005431777407985778, "value": [4778, 19, 6, 1, 2, 0, 2, 2, 1, 0, 0, 0, 0, 0, 2, 2, 0, 0, 1, 0, 1, 1]}, 0.00036029667203122827], "ACC": [{"max": 0.14956583551209301, "min": 0.00020759809009757111, "sm": 0.007112297020095021, "value": [275, 154, 69, 263, 14, 8, 147, 352, 546, 1039, 381, 375, 849, 9, 167, 163, 3, 0, 2, 1, 0, 1]}, 0.06473366224730802], "LCC": [{"max": 1.0, "min": 0, "sm": 0.047619047619047616, "value": [2699, 62, 64, 91, 55, 15, 27, 254, 23, 16, 36, 13, 36, 14, 148, 19, 32, 25, 30, 15, 29, 1115]}, 0.321872097220423]}, "rate-35": {"ANB": [{"max": 0.5298825265996098, "min": 0.0, "sm": 0.025232501266648083, "value": [5589, 13, 2, 2, 1, 1, 0, 0, 1, 0, 1, 1, 2, 0, 0, 0, 1, 4, 0, 1, 1, 1]}, 0.001420842899025738], "ACC": [{"max": 0.1431855827096753, "min": 0.00017793594306049823, "sm": 0.006809887941267371, "value": [190, 126, 0, 0, 0, 0, 0, 0, 0, 2, 190, 901, 436, 691, 1625, 354, 878, 171, 49, 2, 5, 1]}, 0.09137080275350763], "LCC": [{"max": 1.0, "min": 0, "sm": 0.047619047619047616, "value": [3210, 76, 87, 106, 43, 18, 22, 342, 25, 15, 42, 19, 35, 15, 142, 28, 13, 40, 30, 29, 27, 1257]}, 0.3100055699242704]}, "rate-40": {"ANB": [{"max": 0.12153324045943899, "min": 0.0, "sm": 0.00578729716473519, "value": [6389, 13, 6, 2, 3, 0, 2, 0, 2, 0, 0, 0, 0, 0, 2, 0, 2, 0, 0, 1, 1, 1]}, 0.0002898117568798266], "ACC": [{"max": 0.14496706108453888, "min": 0.00015569048731122528, "sm": 0.006895779552248936, "value": [333, 153, 155, 259, 10, 1, 16, 364, 1049, 472, 1357, 425, 1394, 48, 111, 269, 4, 0, 1, 2, 0, 1]}, 0.06569984446679514], "LCC": [{"max": 1.0, "min": 0, "sm": 0.047619047619047616, "value": [3697, 96, 97, 118, 59, 19, 25, 350, 25, 19, 47, 13, 42, 4, 194, 22, 24, 50, 34, 14, 39, 1436]}, 0.30827329915086593]}}