{"rate-5": {"ANB": [{"max": 1.8679892030224065e-05, "min": 0.0, "sm": 8.895186681059079e-07, "value": [798, 0, 0, 3, 0, 0, 0, 0, 0, 0, 1, 0, 0, 0, 0, 0, 0, 0, 0, 0, 0, 1]}, 4.6525260349250476e-08], "ACC": [{"max": 0.004987531172069825, "min": 0.0, "sm": 0.0002375014843842774, "value": [747, 0, 0, 0, 0, 38, 0, 6, 0, 3, 3, 0, 4, 0, 0, 1, 0, 0, 0, 0, 0, 1]}, 0.00011419591920394713], "LCC": [{"max": 0, "min": 0, "sm": 0.0, "value": [803, 0, 0, 0, 0, 0, 0, 0, 0, 0, 0, 0, 0, 0, 0, 0, 0, 0, 0, 0, 0, 0]}, 0.0]}, "rate-10": {"ANB": [{"max": 0.00017945789731279278, "min": 0.0, "sm": 8.545614157752038e-06, "value": [1590, 9, 1, 1, 0, 0, 1, 0, 0, 1, 1, 0, 1, 0, 0, 0, 0, 0, 0, 0, 0, 1]}, 4.609968466171003e-07], "ACC": [{"max": 0.013707165109034268, "min": 0.0, "sm": 0.0006527221480492508, "value": [1385, 59, 49, 21, 31, 12, 15, 6, 1, 1, 24, 1, 0, 0, 0, 0, 0, 0, 0, 0, 0, 1]}, 0.0004149809963157417], "LCC": [{"max": 1.0, "min": 0, "sm": 0.047619047619047616, "value": [1582, 0, 1, 2, 0, 0, 0, 0, 0, 0, 0, 0, 0, 0, 0, 0, 0, 0, 0, 0, 0, 21]}, 0.013345786633457868]}, "rate-15": {"ANB": [{"max": 0.0014130298257987845, "min": 0.0, "sm": 6.728713456184688e-05, "value": [2405, 2, 1, 0, 0, 0, 0, 0, 0, 0, 0, 0, 0, 0, 0, 0, 0, 0, 0, 0, 0, 1]}, 9.078474073782828e-07], "ACC": [{"max": 0.0377906976744186, "min": 0.0, "sm": 0.0017995570321151714, "value": [2145, 94, 58, 17, 3, 0, 0, 0, 0, 0, 91, 0, 0, 0, 0, 0, 0, 0, 0, 0, 0, 1]}, 0.0011060076275123472], "LCC": [{"max": 1.0, "min": 0, "sm": 0.047619047619047616, "value": [2361, 0, 1, 1, 0, 0, 1, 5, 0, 0, 5, 0, 0, 0, 3, 0, 0, 0, 0, 0, 0, 32]}, 0.016093419518077055]}, "rate-20": {"ANB": [{"max": 0.005808401998193515, "min": 0.0, "sm": 0.00027659057134254837, "value": [3189, 12, 4, 1, 3, 0, 0, 1, 0, 0, 0, 0, 0, 0, 0, 0, 0, 0, 0, 1, 0, 1]}, 9.68403141296449e-06], "ACC": [{"max": 0.039255814440382196, "min": 0.0, "sm": 0.001869324497161057, "value": [2621, 64, 56, 65, 25, 16, 62, 2, 2, 29, 36, 131, 15, 15, 60, 9, 1, 0, 1, 0, 1, 1]}, 0.0028409675772499803], "LCC": [{"max": 1.0, "min": 0, "sm": 0.047619047619047616, "value": [3084, 3, 6, 7, 2, 0, 1, 15, 0, 0, 1, 0, 0, 1, 5, 0, 0, 0, 0, 0, 0, 87]}, 0.03097452796615535]}, "rate-25": {"ANB": [{"max": 0.01180898833483095, "min": 0.0, "sm": 0.0005623327778490929, "value": [4011, 2, 1, 0, 0, 0, 0, 0, 0, 0, 0, 0, 0, 0, 0, 0, 0, 0, 0, 0, 0, 1]}, 4.425309210985882e-06], "ACC": [{"max": 0.10348137952808734, "min": 0.0, "sm": 0.00492768473943273, "value": [3441, 114, 0, 1, 1, 2, 0, 22, 18, 0, 0, 413, 1, 1, 0, 0, 0, 0, 0, 0, 0, 1]}, 0.0067478395307748185], "LCC": [{"max": 1.0, "min": 0, "sm": 0.047619047619047616, "value": [3653, 5, 3, 5, 2, 1, 0, 14, 3, 1, 4, 0, 1, 0, 2, 0, 0, 6, 0, 5, 0, 310]}, 0.08277027229651293]}, "rate-30": {"ANB": [{"max": 0.011991462269909244, "min": 0.0, "sm": 0.0005710220128528212, "value": [4809, 8, 0, 0, 0, 0, 0, 0, 0, 0, 0, 0, 0, 0, 0, 0, 0, 0, 0, 0, 0, 1]}, 5.419893414474037e-06], "ACC": [{"max": 0.10507081713226617, "min": 0.0, "sm": 0.005003372244393627, "value": [3508, 473, 143, 161, 1, 0, 1, 25, 0, 0, 504, 1, 0, 0, 0, 0, 0, 0, 0, 0, 0, 1]}, 0.007831374063284099], "LCC": [{"max": 1.0, "min": 0, "sm": 0.047619047619047616, "value": [4522, 6, 7, 9, 0, 2, 0, 25, 1, 1, 7, 0, 2, 0, 8, 0, 0, 3, 0, 0, 0, 225]}, 0.05197114029651181]}, "rate-35": {"ANB": [{"max": 0.0146244725097043, "min": 0.0, "sm": 0.0006964034528430619, "value": [5602, 9, 2, 6, 0, 0, 1, 0, 0, 0, 0, 0, 0, 0, 0, 0, 0, 0, 0, 0, 0, 1]}, 1.209532236293254e-05], "ACC": [{"max": 0.1098263833463225, "min": 0.0, "sm": 0.0052298277783963095, "value": [3812, 577, 229, 27, 282, 7, 2, 74, 0, 0, 0, 610, 0, 0, 0, 0, 0, 0, 0, 0, 0, 1]}, 0.009680537468271423], "LCC": [{"max": 1.0, "min": 0, "sm": 0.047619047619047616, "value": [5141, 8, 5, 14, 5, 2, 3, 40, 7, 2, 13, 0, 4, 0, 20, 1, 0, 1, 0, 2, 0, 353]}, 0.07151585598052457]}, "rate-40": {"ANB": [{"max": 0.005249964689630215, "min": 0.0, "sm": 0.00024999831855381974, "value": [6380, 21, 7, 6, 3, 1, 2, 0, 2, 1, 0, 0, 0, 0, 0, 0, 0, 0, 0, 0, 0, 1]}, 8.006999686128433e-06], "ACC": [{"max": 0.036120193056204265, "min": 0.0, "sm": 0.001720009193152584, "value": [3944, 471, 377, 144, 154, 269, 117, 265, 209, 18, 442, 3, 7, 2, 0, 0, 0, 0, 1, 0, 0, 1]}, 0.0038041415000969548], "LCC": [{"max": 1.0, "min": 0, "sm": 0.047619047619047616, "value": [6006, 10, 19, 20, 7, 1, 4, 56, 4, 1, 3, 3, 2, 0, 21, 2, 2, 2, 2, 5, 0, 254]}, 0.04878908290813633]}}