{"rate-5": {"ANB": [{"max": 0.00046699730075560166, "min": 0.0, "sm": 2.2237966702647697e-05, "value": [801, 0, 0, 0, 0, 0, 0, 0, 0, 0, 0, 0, 0, 1, 0, 0, 0, 0, 0, 0, 0, 1]}, 1.031309937741719e-06], "ACC": [{"max": 0.018004987531172068, "min": 0.0, "sm": 0.0008573803586272413, "value": [708, 44, 23, 4, 3, 1, 0, 0, 0, 0, 6, 0, 12, 0, 0, 0, 1, 0, 0, 0, 0, 1]}, 0.0004451971246318784], "LCC": [{"max": 1.0, "min": 0, "sm": 0.047619047619047616, "value": [797, 0, 0, 0, 0, 0, 0, 0, 0, 0, 0, 0, 0, 0, 0, 0, 0, 0, 0, 0, 0, 6]}, 0.007471980074719801]}, "rate-10": {"ANB": [{"max": 9.244800770659023e-05, "min": 0.0, "sm": 4.402286081266201e-06, "value": [1585, 5, 3, 2, 2, 0, 1, 2, 0, 1, 0, 2, 0, 0, 1, 0, 1, 0, 0, 0, 0, 1]}, 3.879532749075702e-07], "ACC": [{"max": 0.009968847352024923, "min": 0.0, "sm": 0.00047470701676309156, "value": [1340, 106, 28, 25, 10, 9, 32, 6, 1, 18, 21, 4, 0, 1, 2, 1, 1, 0, 0, 0, 0, 1]}, 0.0003571578987975435], "LCC": [{"max": 1.0, "min": 0, "sm": 0.047619047619047616, "value": [1570, 1, 1, 0, 1, 0, 1, 0, 0, 0, 3, 0, 0, 0, 0, 0, 0, 0, 0, 0, 0, 29]}, 0.01944370317657989]}, "rate-15": {"ANB": [{"max": 0.0004958544223865332, "min": 0.0, "sm": 2.3612115351739676e-05, "value": [2384, 9, 2, 8, 1, 2, 0, 0, 0, 1, 0, 0, 0, 0, 0, 0, 0, 1, 0, 0, 0, 1]}, 1.2136622093272636e-06], "ACC": [{"max": 0.014003500875218806, "min": 0.0, "sm": 0.0006668333750104193, "value": [1967, 132, 54, 39, 43, 31, 3, 24, 2, 22, 48, 1, 16, 16, 8, 0, 1, 0, 0, 0, 1, 1]}, 0.0006821581229525344], "LCC": [{"max": 1.0, "min": 0, "sm": 0.047619047619047616, "value": [2349, 2, 2, 3, 0, 0, 0, 6, 0, 0, 0, 0, 0, 0, 1, 0, 0, 0, 0, 0, 0, 46]}, 0.020569602364843894]}, "rate-20": {"ANB": [{"max": 0.0010050148874924684, "min": 0.0, "sm": 4.785785178535564e-05, "value": [3186, 9, 4, 2, 3, 2, 1, 1, 0, 0, 1, 1, 0, 1, 0, 0, 0, 0, 0, 0, 0, 1]}, 2.185635236087807e-06], "ACC": [{"max": 0.02313101345703093, "min": 0.0, "sm": 0.0011014768312871872, "value": [2608, 123, 61, 171, 36, 14, 11, 24, 75, 6, 5, 72, 4, 0, 1, 0, 0, 0, 0, 0, 0, 1]}, 0.001102229575691358], "LCC": [{"max": 1.0, "min": 0, "sm": 0.047619047619047616, "value": [3086, 8, 2, 5, 1, 1, 3, 9, 1, 0, 0, 0, 0, 0, 2, 0, 1, 3, 4, 0, 0, 86]}, 0.0313462568531296]}, "rate-25": {"ANB": [{"max": 0.0028899598973987253, "min": 0.0, "sm": 0.00013761713797136787, "value": [3990, 10, 6, 2, 1, 1, 1, 1, 1, 0, 0, 0, 1, 0, 0, 0, 0, 0, 0, 0, 0, 1]}, 4.149001837223389e-06], "ACC": [{"max": 0.024367197684815475, "min": 0.0, "sm": 0.001160342746895975, "value": [3058, 210, 49, 135, 31, 106, 52, 9, 30, 30, 4, 150, 104, 9, 15, 19, 1, 0, 1, 1, 0, 1]}, 0.0019130613818433813], "LCC": [{"max": 1.0, "min": 0, "sm": 0.047619047619047616, "value": [3823, 11, 3, 1, 1, 0, 4, 19, 1, 0, 2, 2, 0, 0, 7, 1, 1, 0, 0, 3, 0, 136]}, 0.0390420544073779]}, "rate-30": {"ANB": [{"max": 0.0015369414249229438, "min": 0.0, "sm": 7.318768690109257e-05, "value": [4785, 15, 8, 3, 2, 0, 1, 0, 0, 0, 0, 1, 0, 1, 0, 0, 0, 1, 0, 0, 0, 1]}, 2.4272978717532148e-06], "ACC": [{"max": 0.031139713514635667, "min": 0.0, "sm": 0.0014828435006969366, "value": [3674, 251, 255, 56, 135, 114, 45, 61, 66, 7, 151, 0, 2, 0, 0, 0, 0, 0, 0, 0, 0, 1]}, 0.001779455063201528], "LCC": [{"max": 1.0, "min": 0, "sm": 0.047619047619047616, "value": [4589, 7, 5, 4, 5, 1, 1, 17, 2, 0, 9, 0, 1, 0, 17, 0, 3, 0, 0, 4, 0, 153]}, 0.0384983126427727]}, "rate-35": {"ANB": [{"max": 0.0021936735153585203, "min": 0.0, "sm": 0.00010446064358850097, "value": [5564, 32, 11, 3, 5, 3, 0, 0, 0, 0, 1, 0, 0, 1, 0, 0, 0, 0, 0, 0, 0, 1]}, 4.288932178058203e-06], "ACC": [{"max": 0.032302643421908965, "min": 0.0, "sm": 0.0015382211153289983, "value": [3693, 279, 495, 377, 226, 69, 48, 112, 99, 1, 44, 170, 5, 1, 1, 0, 0, 0, 0, 0, 0, 1]}, 0.0025098829608130517], "LCC": [{"max": 1.0, "min": 0, "sm": 0.047619047619047616, "value": [5223, 15, 12, 23, 2, 3, 0, 44, 4, 1, 8, 1, 1, 1, 34, 2, 0, 2, 0, 1, 0, 244]}, 0.053542356847796346]}, "rate-40": {"ANB": [{"max": 0.02100000906699506, "min": 0.0, "sm": 0.0010000004317616694, "value": [6386, 16, 8, 4, 2, 1, 1, 0, 0, 0, 1, 3, 0, 0, 0, 0, 0, 0, 0, 0, 1, 1]}, 3.227018269239787e-05], "ACC": [{"max": 0.05039600950481848, "min": 0.0, "sm": 0.0023998099764199277, "value": [3731, 118, 35, 263, 70, 301, 362, 339, 106, 206, 83, 24, 36, 356, 284, 2, 99, 6, 1, 0, 2, 0]}, 0.008647831533064445], "LCC": [{"max": 1.0, "min": 0, "sm": 0.047619047619047616, "value": [5891, 16, 18, 22, 8, 4, 2, 60, 6, 1, 14, 0, 9, 2, 31, 1, 7, 2, 2, 0, 0, 328]}, 0.06309424449725758]}}