{"rate-5": {"ANB": [{"max": 0.001612697345276011, "min": 0.0, "sm": 7.679511167981005e-05, "value": [798, 0, 1, 1, 1, 1, 0, 0, 0, 0, 0, 0, 0, 0, 0, 0, 0, 0, 0, 0, 0, 1]}, 4.87352102158399e-06], "ACC": [{"max": 0.033946384039900246, "min": 0.0012468827930174563, "sm": 0.0015571191069944186, "value": [618, 102, 11, 3, 16, 0, 20, 0, 2, 0, 0, 28, 2, 0, 0, 0, 0, 0, 0, 0, 0, 1]}, 0.002919182792077796], "LCC": [{"max": 0, "min": 0, "sm": 0.0, "value": [803, 0, 0, 0, 0, 0, 0, 0, 0, 0, 0, 0, 0, 0, 0, 0, 0, 0, 0, 0, 0, 0]}, 0.0]}, "rate-10": {"ANB": [{"max": 0.006057675126824683, "min": 0.0, "sm": 0.0002884607203249849, "value": [1596, 3, 1, 0, 2, 0, 2, 0, 0, 1, 0, 0, 0, 0, 0, 0, 0, 0, 0, 0, 0, 1]}, 1.3054482580960804e-05], "ACC": [{"max": 0.04224153605585657, "min": 0.0006230529595015577, "sm": 0.001981832528397858, "value": [1235, 154, 33, 21, 27, 1, 1, 4, 5, 15, 41, 0, 1, 62, 2, 1, 2, 0, 0, 0, 0, 1]}, 0.0035489362839318506], "LCC": [{"max": 1.0, "min": 0, "sm": 0.047619047619047616, "value": [1598, 0, 1, 1, 0, 0, 0, 3, 0, 0, 0, 0, 0, 0, 0, 0, 0, 0, 0, 0, 0, 3]}, 0.0026740002767400026]}, "rate-15": {"ANB": [{"max": 0.0070325407483985665, "min": 0.0, "sm": 0.0003348828927808841, "value": [2390, 7, 4, 3, 2, 1, 0, 1, 0, 0, 0, 0, 0, 0, 0, 0, 0, 0, 0, 0, 0, 1]}, 1.3663547521270799e-05], "ACC": [{"max": 0.04837320044296788, "min": 0.0004152823920265781, "sm": 0.0022837103833781573, "value": [1761, 197, 53, 119, 63, 6, 1, 7, 27, 43, 1, 1, 1, 125, 1, 2, 0, 0, 0, 0, 0, 1]}, 0.0041974272912585165], "LCC": [{"max": 1.0, "min": 0, "sm": 0.047619047619047616, "value": [2399, 0, 1, 2, 1, 0, 0, 3, 0, 0, 0, 0, 0, 0, 0, 0, 0, 0, 0, 0, 0, 3]}, 0.0019233430192334303]}, "rate-20": {"ANB": [{"max": 0.009263134610291142, "min": 0.0, "sm": 0.000441101648109102, "value": [3198, 5, 6, 1, 0, 0, 0, 1, 0, 0, 0, 0, 0, 0, 0, 0, 0, 0, 0, 0, 0, 1]}, 1.1582477320352358e-05], "ACC": [{"max": 0.053084377561011746, "min": 0.0003114294612270321, "sm": 0.002512997528561177, "value": [2153, 472, 154, 108, 4, 0, 3, 19, 36, 61, 16, 1, 1, 175, 5, 3, 0, 0, 0, 0, 0, 1]}, 0.004720646966651355], "LCC": [{"max": 1.0, "min": 0, "sm": 0.047619047619047616, "value": [3186, 4, 4, 4, 1, 0, 0, 7, 0, 0, 0, 0, 0, 0, 0, 0, 0, 0, 0, 0, 0, 6]}, 0.003093411880771781]}, "rate-25": {"ANB": [{"max": 0.009797226326465944, "min": 0.0, "sm": 0.0004665345869745687, "value": [3951, 29, 19, 6, 2, 2, 0, 3, 0, 1, 0, 0, 0, 0, 0, 0, 0, 0, 0, 1, 0, 1]}, 3.193398892587535e-05], "ACC": [{"max": 0.05762133417992777, "min": 0.00024912805181863477, "sm": 0.0027320098156242444, "value": [2340, 515, 201, 203, 134, 112, 72, 76, 3, 94, 33, 0, 1, 216, 1, 13, 0, 0, 0, 0, 0, 1]}, 0.006438375164183541], "LCC": [{"max": 1.0, "min": 0, "sm": 0.047619047619047616, "value": [3917, 9, 12, 16, 10, 2, 2, 22, 0, 0, 1, 0, 0, 0, 0, 0, 0, 0, 0, 0, 0, 24]}, 0.009901068924766438]}, "rate-30": {"ANB": [{"max": 0.014473374803510748, "min": 0.0, "sm": 0.0006892083239767023, "value": [4742, 42, 14, 5, 2, 2, 4, 0, 0, 0, 0, 0, 1, 2, 1, 1, 0, 0, 0, 0, 1, 1]}, 5.1334725876936724e-05], "ACC": [{"max": 0.06181591518104837, "min": 0.00020759809009757111, "sm": 0.0029337293852833716, "value": [2477, 348, 321, 212, 312, 210, 177, 156, 111, 145, 29, 3, 2, 275, 17, 22, 0, 0, 0, 0, 0, 1]}, 0.009068473882256074], "LCC": [{"max": 1.0, "min": 0, "sm": 0.047619047619047616, "value": [4669, 11, 18, 20, 13, 3, 4, 36, 1, 0, 1, 0, 0, 0, 5, 0, 0, 0, 0, 0, 0, 37]}, 0.01330106354877852]}, "rate-35": {"ANB": [{"max": 0.034648320999897515, "min": 0.0, "sm": 0.0016499200476141674, "value": [5564, 30, 10, 10, 0, 1, 1, 0, 1, 0, 0, 0, 2, 1, 0, 0, 0, 0, 0, 0, 0, 1]}, 8.052838268016444e-05], "ACC": [{"max": 0.0782186562347359, "min": 0.00017793594306049823, "sm": 0.0037162247757940668, "value": [2657, 416, 221, 283, 117, 337, 359, 371, 130, 74, 103, 167, 3, 331, 40, 10, 1, 0, 0, 0, 0, 1]}, 0.013563680391052393], "LCC": [{"max": 1.0, "min": 0, "sm": 0.047619047619047616, "value": [5382, 18, 18, 22, 16, 4, 10, 44, 1, 1, 4, 0, 0, 0, 2, 0, 0, 0, 0, 0, 0, 99]}, 0.023536558662970535]}, "rate-40": {"ANB": [{"max": 0.03680779774575018, "min": 0.0, "sm": 0.0017527522736071515, "value": [6366, 32, 14, 3, 2, 1, 0, 0, 1, 2, 0, 0, 0, 0, 1, 0, 1, 0, 0, 0, 0, 1]}, 8.399949500531132e-05], "ACC": [{"max": 0.07330972245663016, "min": 0.00015569048731122528, "sm": 0.0034835253318723303, "value": [2356, 273, 481, 604, 338, 30, 138, 289, 554, 472, 325, 49, 56, 407, 50, 1, 0, 0, 0, 0, 0, 1]}, 0.015779193115573582], "LCC": [{"max": 1.0, "min": 0, "sm": 0.047619047619047616, "value": [6077, 23, 37, 36, 15, 13, 21, 75, 8, 1, 4, 0, 0, 0, 5, 0, 0, 0, 0, 0, 0, 109]}, 0.026210641003376518]}}