{"rate-5": {"ANB": [{"max": 0.5687050265129112, "min": 0.0, "sm": 0.02708119173871006, "value": [780, 14, 5, 2, 0, 0, 0, 0, 0, 0, 0, 0, 0, 0, 0, 1, 0, 0, 0, 0, 0, 1]}, 0.004634691351791166], "ACC": [{"max": 0.38631984585741813, "min": 0.14194690265486726, "sm": 0.01163680681916909, "value": [5, 0, 8, 182, 126, 13, 239, 66, 41, 3, 17, 65, 34, 2, 0, 0, 0, 0, 0, 1, 0, 1]}, 0.21656266505938293], "LCC": [{"max": 1.0, "min": 0, "sm": 0.047619047619047616, "value": [333, 29, 42, 63, 26, 0, 3, 270, 1, 1, 1, 5, 10, 8, 1, 0, 0, 0, 0, 0, 0, 10]}, 0.17353415915923417]}, "rate-10": {"ANB": [{"max": 0.7482442059090814, "min": 0.0, "sm": 0.035630676471861016, "value": [1587, 13, 4, 1, 0, 0, 0, 0, 0, 0, 0, 0, 0, 0, 0, 0, 0, 0, 0, 0, 0, 1]}, 0.0017523772030412872], "ACC": [{"max": 0.5048757470902799, "min": 0.17058135827399298, "sm": 0.015918780419823187, "value": [8, 1, 111, 38, 1, 1053, 124, 68, 0, 0, 177, 22, 0, 0, 2, 0, 0, 0, 0, 0, 0, 1]}, 0.2664094307832187], "LCC": [{"max": 1.0, "min": 0, "sm": 0.047619047619047616, "value": [935, 23, 10, 35, 18, 6, 9, 116, 10, 4, 35, 2, 5, 2, 85, 4, 6, 15, 9, 0, 3, 274]}, 0.2780955954853843]}, "rate-15": {"ANB": [{"max": 0.44302363538240325, "min": 0.0, "sm": 0.02109636358963825, "value": [2402, 3, 2, 1, 0, 0, 0, 0, 0, 0, 0, 0, 0, 0, 0, 0, 0, 0, 0, 0, 0, 1]}, 0.0004024984022530198], "ACC": [{"max": 0.5884038005270005, "min": 0.04377830940492591, "sm": 0.025934547196289265, "value": [506, 163, 2, 1, 0, 42, 0, 228, 79, 0, 1231, 154, 0, 2, 0, 0, 0, 0, 0, 0, 0, 1]}, 0.24068034147665018], "LCC": [{"max": 1.0, "min": 0, "sm": 0.047619047619047616, "value": [895, 19, 18, 18, 10, 4, 2, 38, 3, 0, 9, 1, 5, 2, 57, 4, 5, 12, 3, 0, 0, 1304]}, 0.5792447713017439]}, "rate-20": {"ANB": [{"max": 0.2987789695034902, "min": 0.0, "sm": 0.014227569976356677, "value": [3191, 11, 5, 2, 0, 0, 0, 1, 1, 0, 0, 0, 0, 0, 0, 0, 0, 0, 0, 0, 0, 1]}, 0.0005002048546732996], "ACC": [{"max": 0.2788577727766843, "min": 0.06209676215660793, "sm": 0.010321952886670302, "value": [187, 3, 38, 91, 124, 66, 1065, 126, 1085, 176, 80, 0, 143, 22, 3, 2, 0, 0, 0, 0, 0, 1]}, 0.1366379960776448], "LCC": [{"max": 1.0, "min": 0, "sm": 0.047619047619047616, "value": [1457, 24, 26, 46, 24, 4, 10, 118, 14, 11, 44, 11, 10, 6, 138, 8, 12, 36, 13, 4, 17, 1179]}, 0.4539534446097386]}, "rate-25": {"ANB": [{"max": 0.511568417108859, "min": 0.0, "sm": 0.024360400814707573, "value": [3999, 10, 2, 1, 0, 0, 0, 0, 0, 0, 1, 0, 1, 0, 0, 0, 0, 0, 0, 0, 0, 1]}, 0.0007165630497547988], "ACC": [{"max": 0.3350843089258635, "min": 0.01920185668243935, "sm": 0.01504202153540115, "value": [496, 37, 0, 0, 0, 0, 12, 82, 304, 279, 862, 1440, 130, 159, 182, 27, 0, 2, 2, 0, 0, 1]}, 0.16534528067384155], "LCC": [{"max": 1.0, "min": 0, "sm": 0.047619047619047616, "value": [2609, 51, 41, 71, 43, 9, 15, 269, 15, 5, 52, 6, 17, 6, 160, 10, 11, 19, 13, 4, 17, 572]}, 0.22938064310485434]}, "rate-30": {"ANB": [{"max": 0.13207499762393574, "min": 0.0, "sm": 0.006289285601139797, "value": [4781, 17, 5, 1, 3, 2, 0, 3, 1, 1, 0, 1, 1, 0, 0, 0, 0, 0, 1, 0, 0, 1]}, 0.00036239787517154], "ACC": [{"max": 0.14275623465525947, "min": 0.019968035823209756, "sm": 0.005847057087240462, "value": [16, 118, 13, 191, 408, 33, 177, 337, 630, 894, 1164, 254, 326, 171, 20, 57, 5, 2, 1, 0, 0, 1]}, 0.07218738451195601], "LCC": [{"max": 1.0, "min": 0, "sm": 0.047619047619047616, "value": [3262, 98, 99, 141, 45, 13, 14, 598, 10, 9, 17, 7, 12, 7, 39, 13, 18, 16, 16, 6, 5, 373]}, 0.15597143342674755]}, "rate-35": {"ANB": [{"max": 0.13839091524963099, "min": 0.0, "sm": 0.0065900435833157614, "value": [5576, 25, 5, 5, 0, 0, 1, 0, 0, 0, 0, 1, 0, 2, 2, 0, 1, 0, 0, 1, 1, 1]}, 0.00034206764762614996], "ACC": [{"max": 0.2015621265752949, "min": 0.003195987766399561, "sm": 0.009446006609947396, "value": [90, 0, 0, 0, 0, 48, 314, 529, 536, 1380, 301, 175, 643, 75, 1373, 5, 149, 1, 0, 1, 0, 1]}, 0.105804945443852], "LCC": [{"max": 1.0, "min": 0, "sm": 0.047619047619047616, "value": [3062, 46, 36, 44, 26, 9, 8, 101, 19, 5, 39, 8, 22, 8, 217, 13, 11, 26, 20, 14, 18, 1869]}, 0.3938729846985395]}, "rate-40": {"ANB": [{"max": 0.16816424854756762, "min": 0.0, "sm": 0.008007821359407983, "value": [6400, 16, 2, 0, 0, 0, 3, 0, 0, 1, 0, 0, 0, 0, 0, 0, 1, 0, 0, 0, 1, 0]}, 0.00020748846130562692], "ACC": [{"max": 0.19273019316343015, "min": 0.008903249414238567, "sm": 0.008753663988056742, "value": [383, 108, 447, 204, 305, 43, 419, 239, 1111, 415, 399, 1902, 63, 91, 203, 86, 1, 2, 1, 1, 0, 1]}, 0.08325730054242805], "LCC": [{"max": 1.0, "min": 0, "sm": 0.047619047619047616, "value": [3778, 67, 54, 70, 29, 13, 16, 218, 18, 10, 61, 12, 16, 6, 213, 13, 17, 41, 21, 9, 17, 1725]}, 0.33330792534877873]}}