{"rate-5": {"ANB": [{"max": 6.693627977496957e-05, "min": 0.0, "sm": 3.18744189404617e-06, "value": [791, 0, 5, 0, 0, 2, 0, 2, 0, 0, 0, 0, 0, 0, 0, 0, 0, 0, 1, 0, 1, 1]}, 4.226044481723584e-07], "ACC": [{"max": 0.006788584095317262, "min": 0.0, "sm": 0.000323265909300822, "value": [708, 0, 0, 42, 0, 10, 15, 5, 0, 2, 0, 5, 3, 6, 2, 0, 0, 0, 0, 4, 0, 1]}, 0.0002733943663784981], "LCC": [{"max": 1.0, "min": 0, "sm": 0.047619047619047616, "value": [800, 0, 1, 0, 0, 0, 0, 0, 0, 0, 0, 0, 0, 0, 0, 0, 0, 0, 0, 0, 0, 2]}, 0.0026151930261519305]}, "rate-10": {"ANB": [{"max": 0.00021597097598682422, "min": 0.0, "sm": 1.0284332189848772e-05, "value": [1588, 8, 0, 3, 1, 3, 1, 0, 1, 0, 0, 0, 0, 0, 0, 0, 0, 0, 0, 0, 0, 1]}, 5.558083701605962e-07], "ACC": [{"max": 0.009984823068935219, "min": 0.0, "sm": 0.0004754677651873914, "value": [1369, 106, 16, 14, 12, 2, 11, 1, 28, 25, 5, 1, 1, 9, 2, 1, 1, 1, 0, 0, 0, 1]}, 0.0003472665370461505], "LCC": [{"max": 1.0, "min": 0, "sm": 0.047619047619047616, "value": [1597, 1, 0, 0, 0, 0, 0, 1, 0, 0, 0, 0, 0, 0, 0, 0, 0, 2, 0, 0, 0, 5]}, 0.004421211830925405]}, "rate-15": {"ANB": [{"max": 0.0018179603509696938, "min": 0.0, "sm": 8.656954052236637e-05, "value": [2387, 10, 4, 1, 2, 0, 2, 0, 1, 0, 0, 0, 0, 0, 0, 0, 1, 0, 0, 0, 0, 1]}, 4.030166401703277e-06], "ACC": [{"max": 0.03243425868573681, "min": 0.0, "sm": 0.00154448850884461, "value": [1980, 26, 67, 50, 54, 21, 13, 27, 42, 20, 28, 74, 1, 3, 1, 1, 0, 0, 0, 0, 0, 1]}, 0.0018973907661854457], "LCC": [{"max": 1.0, "min": 0, "sm": 0.047619047619047616, "value": [2346, 6, 3, 1, 0, 1, 0, 4, 0, 0, 0, 1, 4, 0, 1, 0, 0, 0, 2, 0, 0, 40]}, 0.019934526205060716]}, "rate-20": {"ANB": [{"max": 0.0008819953993816039, "min": 0.0, "sm": 4.199978092293352e-05, "value": [3188, 11, 5, 3, 1, 0, 0, 1, 0, 0, 0, 0, 1, 0, 0, 0, 0, 0, 0, 1, 0, 1]}, 1.486207796523833e-06], "ACC": [{"max": 0.018141103161346074, "min": 0.0, "sm": 0.000863862055302194, "value": [2559, 176, 111, 29, 48, 94, 26, 45, 5, 2, 21, 9, 22, 43, 17, 2, 0, 1, 0, 1, 0, 1]}, 0.0009497326317520074], "LCC": [{"max": 1.0, "min": 0, "sm": 0.047619047619047616, "value": [3098, 4, 2, 1, 2, 0, 0, 7, 2, 0, 4, 0, 3, 0, 2, 0, 0, 1, 4, 0, 0, 82]}, 0.029813111818209902]}, "rate-25": {"ANB": [{"max": 0.0002932671110867756, "min": 0.0, "sm": 1.3965100527941697e-05, "value": [3946, 25, 8, 7, 3, 6, 5, 5, 3, 1, 2, 0, 0, 0, 1, 1, 0, 0, 1, 0, 0, 1]}, 1.2380796884112752e-06], "ACC": [{"max": 0.010712506228201295, "min": 0.0, "sm": 0.0005101193442000616, "value": [3007, 168, 121, 117, 45, 57, 76, 28, 81, 112, 105, 46, 26, 4, 11, 5, 3, 1, 1, 0, 0, 1]}, 0.0008242714364163967], "LCC": [{"max": 1.0, "min": 0, "sm": 0.047619047619047616, "value": [3862, 1, 4, 3, 0, 2, 2, 16, 0, 0, 4, 0, 1, 0, 3, 0, 2, 0, 1, 0, 0, 114]}, 0.03210684629938708]}, "rate-30": {"ANB": [{"max": 0.014655494073109012, "min": 0.0, "sm": 0.0006978806701480482, "value": [4775, 17, 3, 3, 7, 1, 1, 3, 2, 1, 1, 0, 0, 0, 2, 0, 1, 0, 0, 0, 0, 1]}, 3.640316949500616e-05], "ACC": [{"max": 0.03923603902844094, "min": 0.0, "sm": 0.0018683828108781398, "value": [3324, 180, 169, 67, 24, 33, 31, 64, 312, 79, 362, 40, 103, 22, 5, 2, 0, 0, 0, 0, 0, 1]}, 0.00447277398161581], "LCC": [{"max": 1.0, "min": 0, "sm": 0.047619047619047616, "value": [4591, 8, 9, 8, 3, 0, 0, 24, 0, 0, 4, 1, 4, 0, 8, 0, 0, 5, 1, 0, 0, 152]}, 0.0372150071681508]}, "rate-35": {"ANB": [{"max": 0.009592327506002448, "min": 0.0, "sm": 0.00045677750028583084, "value": [5578, 22, 7, 3, 2, 2, 1, 2, 1, 0, 0, 0, 0, 0, 0, 0, 2, 0, 0, 0, 0, 1]}, 1.5992545769802925e-05], "ACC": [{"max": 0.04801329946723408, "min": 0.0, "sm": 0.0022863475936778133, "value": [3483, 182, 149, 375, 321, 214, 68, 208, 5, 22, 46, 224, 1, 240, 78, 2, 0, 0, 1, 1, 0, 1]}, 0.005913812601534531], "LCC": [{"max": 1.0, "min": 0, "sm": 0.047619047619047616, "value": [5221, 6, 8, 11, 4, 1, 5, 58, 3, 1, 9, 1, 3, 1, 26, 1, 0, 2, 0, 2, 0, 258]}, 0.055922972346090394]}, "rate-40": {"ANB": [{"max": 0.01982311214138722, "min": 0.0, "sm": 0.000943957721018439, "value": [6392, 23, 4, 1, 0, 0, 0, 0, 0, 0, 0, 2, 0, 1, 0, 0, 0, 0, 0, 0, 0, 1]}, 2.2044105692042938e-05], "ACC": [{"max": 0.04952410157274418, "min": 0.0, "sm": 0.0023582905510830562, "value": [3644, 382, 232, 218, 23, 218, 30, 230, 33, 113, 393, 257, 36, 411, 11, 132, 55, 3, 1, 1, 0, 1]}, 0.00838225081108602], "LCC": [{"max": 1.0, "min": 0, "sm": 0.047619047619047616, "value": [5834, 21, 15, 17, 12, 1, 4, 70, 5, 4, 13, 2, 5, 1, 27, 4, 4, 2, 0, 0, 0, 383]}, 0.07127934875083816]}}