{"rate-5": {"ANB": [{"max": 0.0010093073667015525, "min": 0.0, "sm": 4.806225555721678e-05, "value": [794, 5, 2, 1, 0, 1, 0, 0, 0, 0, 0, 0, 0, 0, 0, 0, 0, 0, 0, 0, 0, 1]}, 3.7544843491538755e-06], "ACC": [{"max": 0.0323785803237858, "min": 0.0012453300124533001, "sm": 0.0014825357291110713, "value": [592, 97, 39, 16, 13, 17, 0, 1, 1, 0, 27, 0, 0, 0, 0, 0, 0, 0, 0, 0, 0, 1]}, 0.00278376136454399], "LCC": [{"max": 0, "min": 0, "sm": 0.0, "value": [804, 0, 0, 0, 0, 0, 0, 0, 0, 0, 0, 0, 0, 0, 0, 0, 0, 0, 0, 0, 0, 0]}, 0.0]}, "rate-10": {"ANB": [{"max": 0.006207611811592515, "min": 0.0, "sm": 0.0002956005624567864, "value": [1598, 1, 0, 4, 1, 0, 0, 1, 0, 0, 0, 0, 0, 0, 0, 0, 0, 0, 0, 0, 0, 1]}, 1.0603411204456248e-05], "ACC": [{"max": 0.048822885105051284, "min": 0.0006230529595015577, "sm": 0.0022952301021690346, "value": [1248, 133, 24, 29, 38, 0, 0, 2, 37, 11, 1, 0, 1, 78, 1, 2, 0, 0, 0, 0, 0, 1]}, 0.003967695042646398], "LCC": [{"max": 0, "min": 0, "sm": 0.0, "value": [1606, 0, 0, 0, 0, 0, 0, 0, 0, 0, 0, 0, 0, 0, 0, 0, 0, 0, 0, 0, 0, 0]}, 0.0]}, "rate-15": {"ANB": [{"max": 0.007223015098542871, "min": 0.0, "sm": 0.0003439530999306129, "value": [2399, 5, 2, 0, 0, 1, 0, 1, 0, 0, 0, 0, 0, 0, 0, 0, 0, 0, 0, 0, 0, 1]}, 9.137201974859684e-06], "ACC": [{"max": 0.05317507643089038, "min": 0.0004152823920265781, "sm": 0.0025123711447078, "value": [1865, 176, 64, 88, 1, 6, 4, 12, 17, 7, 42, 1, 0, 120, 4, 1, 0, 0, 0, 0, 0, 1]}, 0.0041962749508450215], "LCC": [{"max": 1.0, "min": 0, "sm": 0.047619047619047616, "value": [2378, 1, 2, 5, 1, 0, 0, 8, 0, 0, 1, 0, 0, 0, 0, 0, 0, 0, 0, 0, 0, 13]}, 0.007256096684433219]}, "rate-20": {"ANB": [{"max": 0.008891521324833214, "min": 0.0, "sm": 0.00042340577737301016, "value": [3191, 12, 5, 0, 0, 2, 0, 1, 0, 0, 0, 0, 0, 0, 0, 0, 0, 0, 0, 0, 0, 1]}, 1.5549665037022437e-05], "ACC": [{"max": 0.05259703383066088, "min": 0.0003114294612270321, "sm": 0.0024897906842587547, "value": [2158, 309, 146, 219, 53, 7, 11, 4, 9, 99, 6, 5, 2, 170, 4, 9, 0, 0, 0, 0, 0, 1]}, 0.0050838503706588135], "LCC": [{"max": 1.0, "min": 0, "sm": 0.047619047619047616, "value": [3167, 1, 4, 3, 3, 0, 0, 13, 0, 0, 0, 0, 0, 0, 1, 0, 0, 0, 0, 0, 0, 20]}, 0.008291568332041555]}, "rate-25": {"ANB": [{"max": 0.01390215193274349, "min": 0.0, "sm": 0.0006620072348925471, "value": [3969, 30, 6, 1, 3, 1, 3, 1, 0, 0, 0, 0, 1, 0, 0, 0, 0, 0, 0, 0, 0, 1]}, 3.346674383823163e-05], "ACC": [{"max": 0.05527843954734961, "min": 0.00024906600249066, "sm": 0.0026204463592789974, "value": [2351, 382, 184, 105, 215, 145, 122, 37, 35, 66, 122, 15, 0, 2, 213, 0, 21, 0, 0, 0, 0, 1]}, 0.007064521573835207], "LCC": [{"max": 1.0, "min": 0, "sm": 0.047619047619047616, "value": [3906, 13, 16, 15, 7, 0, 2, 31, 0, 0, 1, 0, 0, 0, 2, 0, 0, 0, 0, 0, 0, 23]}, 0.010495367633578187]}, "rate-30": {"ANB": [{"max": 0.014140737659468421, "min": 0.0, "sm": 0.0006733684599746867, "value": [4764, 30, 14, 3, 1, 2, 3, 0, 0, 0, 0, 0, 0, 0, 0, 0, 0, 0, 1, 0, 0, 1]}, 3.615500817027961e-05], "ACC": [{"max": 0.06153682694778586, "min": 0.00020755500207555002, "sm": 0.0029204415212243004, "value": [2434, 425, 349, 241, 255, 134, 159, 193, 61, 226, 39, 1, 5, 257, 13, 26, 0, 0, 0, 0, 0, 1]}, 0.008961907917840455], "LCC": [{"max": 1.0, "min": 0, "sm": 0.047619047619047616, "value": [4663, 9, 15, 23, 14, 3, 8, 35, 4, 0, 4, 0, 0, 0, 1, 0, 0, 0, 0, 0, 0, 40]}, 0.014173733386914685]}, "rate-35": {"ANB": [{"max": 0.01373437864188003, "min": 0.0, "sm": 0.0006540180305657157, "value": [5572, 35, 5, 4, 2, 0, 1, 0, 0, 0, 0, 0, 0, 0, 0, 0, 1, 0, 0, 0, 0, 1]}, 2.652432310871158e-05], "ACC": [{"max": 0.06631790685066799, "min": 0.00017793594306049823, "sm": 0.0031495224241717855, "value": [2720, 480, 637, 203, 291, 145, 164, 216, 170, 25, 171, 5, 2, 329, 24, 37, 1, 0, 0, 0, 0, 1]}, 0.009863654023606264], "LCC": [{"max": 1.0, "min": 0, "sm": 0.047619047619047616, "value": [5417, 19, 25, 26, 22, 2, 4, 39, 2, 0, 1, 0, 0, 0, 7, 0, 0, 0, 0, 0, 0, 57]}, 0.01619829786766441]}, "rate-40": {"ANB": [{"max": 0.015415707696981163, "min": 0.0, "sm": 0.0007340813189038649, "value": [6322, 65, 24, 4, 2, 1, 1, 1, 2, 0, 0, 0, 0, 0, 0, 0, 0, 0, 0, 1, 0, 1]}, 4.4431270716501606e-05], "ACC": [{"max": 0.06728539566955352, "min": 0.00015569048731122528, "sm": 0.003196652627725824, "value": [2569, 270, 401, 424, 730, 375, 306, 271, 234, 259, 106, 41, 3, 341, 32, 61, 0, 0, 0, 0, 0, 1]}, 0.01263641792059462], "LCC": [{"max": 1.0, "min": 0, "sm": 0.047619047619047616, "value": [6068, 19, 24, 40, 23, 13, 17, 81, 10, 1, 7, 0, 0, 0, 12, 0, 0, 1, 0, 0, 0, 108]}, 0.027449077908513305]}}