{"rate-5": {"ANB": [{"max": 0.6540912095655859, "min": 0.0, "sm": 0.03114720045550409, "value": [781, 10, 4, 2, 5, 0, 0, 0, 0, 0, 0, 0, 0, 0, 0, 0, 0, 0, 0, 0, 0, 1]}, 0.0030797900111840287], "ACC": [{"max": 0.5276315789473685, "min": 0.1858632676709154, "sm": 0.016274681489354906, "value": [18, 0, 2, 1, 171, 146, 259, 78, 3, 100, 6, 3, 3, 7, 3, 1, 1, 0, 0, 0, 0, 1]}, 0.29272125565563484], "LCC": [{"max": 1.0, "min": 0, "sm": 0.047619047619047616, "value": [766, 4, 5, 2, 1, 1, 0, 0, 1, 3, 1, 1, 0, 0, 4, 0, 0, 2, 0, 0, 0, 12]}, 0.0261522705049642]}, "rate-10": {"ANB": [{"max": 0.5799215661802979, "min": 0.0, "sm": 0.02761531267525228, "value": [1587, 6, 2, 5, 2, 0, 0, 0, 0, 0, 1, 0, 0, 1, 0, 0, 1, 0, 0, 0, 0, 1]}, 0.002520795577425545], "ACC": [{"max": 0.35236004390779363, "min": 0.15330977170694432, "sm": 0.009478584390516635, "value": [7, 54, 388, 183, 181, 133, 475, 43, 6, 64, 3, 57, 6, 2, 1, 0, 2, 0, 0, 0, 1, 0]}, 0.20071547412194113], "LCC": [{"max": 1.0, "min": 0, "sm": 0.047619047619047616, "value": [1032, 39, 53, 85, 31, 0, 2, 331, 0, 2, 3, 5, 9, 0, 1, 3, 0, 0, 0, 0, 0, 10]}, 0.10183371524522192]}, "rate-15": {"ANB": [{"max": 0.6738888191096529, "min": 0.0, "sm": 0.03208994376712633, "value": [2395, 6, 2, 0, 0, 0, 0, 0, 2, 0, 1, 1, 0, 1, 0, 0, 0, 0, 0, 0, 0, 1]}, 0.0014221319342717959], "ACC": [{"max": 0.398213990408467, "min": 0.09034291288361972, "sm": 0.014660527501183204, "value": [4, 19, 219, 151, 59, 16, 65, 3, 45, 22, 235, 74, 2, 1346, 136, 10, 1, 0, 1, 0, 0, 1]}, 0.2477677274131524], "LCC": [{"max": 1.0, "min": 0, "sm": 0.047619047619047616, "value": [810, 23, 31, 51, 19, 1, 3, 128, 2, 1, 3, 4, 11, 8, 28, 0, 0, 9, 0, 0, 0, 1277]}, 0.5733074823354026]}, "rate-20": {"ANB": [{"max": 0.46488067206670525, "min": 0.0, "sm": 0.022137174860319297, "value": [3189, 6, 3, 4, 3, 0, 1, 0, 0, 0, 4, 0, 0, 0, 0, 0, 0, 0, 0, 1, 0, 1]}, 0.001115121306748702], "ACC": [{"max": 0.2898273959261426, "min": 0.02255184947301308, "sm": 0.012727406973958548, "value": [287, 52, 1, 0, 132, 169, 185, 146, 65, 8, 203, 40, 25, 311, 30, 1404, 2, 149, 1, 0, 1, 1]}, 0.16683784432652757], "LCC": [{"max": 1.0, "min": 0, "sm": 0.047619047619047616, "value": [1442, 18, 21, 25, 11, 1, 3, 63, 5, 7, 15, 4, 21, 6, 54, 14, 3, 24, 2, 1, 4, 1468]}, 0.5003901183306566]}, "rate-25": {"ANB": [{"max": 0.2483242738195887, "min": 0.0, "sm": 0.011824965419980413, "value": [3995, 11, 2, 0, 3, 1, 0, 0, 0, 1, 0, 0, 0, 0, 0, 0, 0, 0, 0, 0, 1, 1]}, 0.00042415807333764634], "ACC": [{"max": 0.23360416125230682, "min": 0.03951766446676015, "sm": 0.00924221413264508, "value": [23, 25, 23, 1, 111, 42, 30, 409, 271, 166, 1528, 986, 158, 65, 167, 4, 0, 3, 0, 0, 2, 1]}, 0.1323181850952855], "LCC": [{"max": 1.0, "min": 0, "sm": 0.047619047619047616, "value": [2169, 41, 29, 40, 19, 10, 14, 84, 8, 6, 40, 4, 11, 5, 102, 6, 10, 25, 15, 0, 21, 1356]}, 0.3939115181891924]}, "rate-30": {"ANB": [{"max": 0.337356023394644, "min": 0.0, "sm": 0.016064572542602094, "value": [4799, 9, 4, 0, 0, 0, 1, 1, 1, 1, 1, 0, 0, 0, 0, 0, 0, 0, 0, 0, 0, 1]}, 0.0005044125422695351], "ACC": [{"max": 0.2444648076044171, "min": 0.04450017672632024, "sm": 0.009522125279909375, "value": [136, 208, 308, 658, 76, 399, 38, 321, 129, 567, 1344, 178, 62, 200, 186, 3, 0, 1, 3, 0, 0, 1]}, 0.11957373818854439], "LCC": [{"max": 1.0, "min": 0, "sm": 0.047619047619047616, "value": [2999, 44, 35, 47, 33, 10, 9, 139, 20, 5, 44, 5, 21, 8, 167, 10, 14, 35, 15, 5, 17, 1136]}, 0.30242270380023756]}, "rate-35": {"ANB": [{"max": 0.20641343668292375, "min": 0.0, "sm": 0.009829211270615416, "value": [5595, 16, 3, 2, 1, 2, 0, 0, 0, 0, 0, 0, 0, 1, 0, 0, 0, 0, 0, 0, 0, 1]}, 0.00027010702250596146], "ACC": [{"max": 0.2127899140543581, "min": 0.004999520531889957, "sm": 0.009894780643927055, "value": [138, 6, 175, 486, 256, 1172, 229, 188, 85, 396, 554, 1402, 85, 237, 49, 157, 1, 3, 0, 1, 0, 1]}, 0.087419628456064], "LCC": [{"max": 1.0, "min": 0, "sm": 0.047619047619047616, "value": [3363, 102, 80, 160, 65, 9, 15, 625, 14, 9, 40, 6, 14, 3, 142, 13, 11, 18, 17, 1, 30, 884]}, 0.24434571528438892]}, "rate-40": {"ANB": [{"max": 0.2387470049622283, "min": 0.0, "sm": 0.011368904998201349, "value": [6390, 14, 6, 2, 3, 0, 1, 2, 0, 1, 0, 0, 0, 0, 1, 1, 1, 0, 1, 0, 0, 1]}, 0.0004437177424110676], "ACC": [{"max": 0.1403057985274052, "min": 0.03864641365860455, "sm": 0.004840923088990508, "value": [35, 69, 32, 72, 164, 15, 699, 910, 310, 1702, 114, 34, 749, 1263, 17, 84, 145, 4, 0, 1, 5, 0]}, 0.08613045262527], "LCC": [{"max": 1.0, "min": 0, "sm": 0.047619047619047616, "value": [3532, 98, 103, 133, 53, 9, 14, 578, 17, 14, 44, 14, 29, 15, 142, 11, 17, 29, 28, 13, 25, 1506]}, 0.3158432883388575]}}