{"rate-5": {"ANB": [{"max": 8.717282947437897e-05, "min": 0.0, "sm": 4.1510871178275695e-06, "value": [801, 0, 0, 0, 1, 0, 0, 0, 0, 0, 0, 0, 0, 0, 0, 0, 0, 0, 0, 0, 0, 1]}, 1.434528860768556e-07], "ACC": [{"max": 0.00997506234413965, "min": 0.0, "sm": 0.0004750029687685548, "value": [744, 0, 36, 6, 0, 3, 4, 0, 0, 0, 1, 8, 0, 0, 0, 0, 0, 0, 0, 0, 0, 1]}, 0.00016347082243983838], "LCC": [{"max": 0, "min": 0, "sm": 0.0, "value": [803, 0, 0, 0, 0, 0, 0, 0, 0, 0, 0, 0, 0, 0, 0, 0, 0, 0, 0, 0, 0, 0]}, 0.0]}, "rate-10": {"ANB": [{"max": 0.0001514904327965134, "min": 0.0, "sm": 7.2138301331673045e-06, "value": [1590, 2, 1, 4, 1, 2, 0, 0, 1, 2, 0, 1, 0, 0, 1, 0, 0, 0, 0, 0, 0, 1]}, 5.325892215376993e-07], "ACC": [{"max": 0.010567936736161037, "min": 0.0, "sm": 0.000503235082674335, "value": [1288, 100, 48, 21, 13, 31, 17, 17, 34, 11, 1, 17, 2, 1, 2, 1, 0, 1, 0, 0, 0, 1]}, 0.0004752919755503104], "LCC": [{"max": 1.0, "min": 0, "sm": 0.047619047619047616, "value": [1576, 0, 1, 2, 0, 0, 0, 1, 0, 0, 0, 0, 0, 0, 2, 0, 0, 0, 0, 0, 0, 24]}, 0.01626099098079173]}, "rate-15": {"ANB": [{"max": 0.001974561092347394, "min": 0.0, "sm": 9.402671868320924e-05, "value": [2396, 5, 1, 2, 2, 2, 0, 0, 0, 0, 0, 0, 0, 0, 0, 0, 0, 0, 0, 0, 0, 1]}, 2.5634012626130914e-06], "ACC": [{"max": 0.02741738066095471, "min": 0.0, "sm": 0.0013055895552835576, "value": [2038, 109, 38, 23, 30, 0, 6, 3, 50, 7, 66, 0, 0, 32, 5, 0, 1, 0, 0, 0, 0, 1]}, 0.0012770059247374666], "LCC": [{"max": 1.0, "min": 0, "sm": 0.047619047619047616, "value": [2342, 2, 2, 0, 1, 1, 0, 9, 1, 0, 1, 0, 0, 0, 3, 0, 0, 0, 0, 0, 0, 47]}, 0.02230764420530738]}, "rate-20": {"ANB": [{"max": 0.007079224522256074, "min": 0.0, "sm": 0.0003371059296312416, "value": [3200, 5, 3, 1, 2, 0, 0, 0, 0, 0, 0, 0, 0, 0, 0, 0, 0, 0, 0, 0, 0, 1]}, 7.107724450182947e-06], "ACC": [{"max": 0.04695075630790187, "min": 0.0, "sm": 0.0022357503003762793, "value": [2673, 137, 61, 51, 4, 1, 1, 4, 16, 0, 186, 18, 0, 38, 20, 1, 0, 0, 0, 0, 0, 1]}, 0.0027345705245581877], "LCC": [{"max": 1.0, "min": 0, "sm": 0.047619047619047616, "value": [3078, 6, 4, 7, 0, 0, 0, 6, 0, 0, 0, 0, 0, 0, 5, 3, 0, 0, 4, 2, 0, 97]}, 0.03491666449813157]}, "rate-25": {"ANB": [{"max": 0.0010071900106417967, "min": 0.0, "sm": 4.79614290781808e-05, "value": [3993, 13, 6, 0, 0, 0, 1, 0, 0, 0, 0, 0, 1, 0, 0, 0, 0, 0, 0, 0, 0, 1]}, 1.1894669081589396e-06], "ACC": [{"max": 0.02654714523264958, "min": 0.0, "sm": 0.0012641497729833134, "value": [3287, 234, 141, 105, 23, 65, 10, 15, 4, 29, 1, 96, 0, 3, 1, 0, 0, 0, 0, 0, 0, 1]}, 0.0010766716416658407], "LCC": [{"max": 1.0, "min": 0, "sm": 0.047619047619047616, "value": [3849, 5, 3, 10, 2, 3, 1, 8, 6, 0, 8, 0, 3, 0, 2, 0, 0, 0, 0, 0, 0, 115]}, 0.03271664043556213]}, "rate-30": {"ANB": [{"max": 0.013302830437880237, "min": 0.0, "sm": 0.0006334681160895351, "value": [4809, 8, 0, 0, 0, 0, 0, 0, 0, 0, 0, 0, 0, 0, 0, 0, 0, 0, 0, 0, 0, 1]}, 6.649476687397886e-06], "ACC": [{"max": 0.10375372668561818, "min": 0.0, "sm": 0.004940653651696104, "value": [3674, 581, 4, 0, 0, 0, 0, 65, 0, 0, 0, 493, 0, 0, 0, 0, 0, 0, 0, 0, 0, 1]}, 0.0073319645856385375], "LCC": [{"max": 1.0, "min": 0, "sm": 0.047619047619047616, "value": [4485, 12, 8, 9, 2, 0, 2, 14, 5, 1, 6, 0, 1, 0, 23, 1, 0, 4, 0, 0, 0, 245]}, 0.05800682989970116]}, "rate-35": {"ANB": [{"max": 0.012359818840373188, "min": 0.0, "sm": 0.0005885628019225328, "value": [5603, 10, 6, 1, 0, 0, 0, 0, 0, 0, 0, 0, 0, 0, 0, 0, 0, 0, 0, 0, 0, 1]}, 9.323108180189674e-06], "ACC": [{"max": 0.10678227507316355, "min": 0.0, "sm": 0.005084870241579217, "value": [3844, 691, 326, 132, 0, 1, 0, 27, 0, 0, 598, 1, 0, 0, 0, 0, 0, 0, 0, 0, 0, 1]}, 0.00838958141522549], "LCC": [{"max": 1.0, "min": 0, "sm": 0.047619047619047616, "value": [5239, 8, 10, 13, 1, 3, 1, 43, 5, 3, 14, 0, 2, 0, 12, 6, 4, 5, 0, 3, 0, 249]}, 0.053899363477486424]}, "rate-40": {"ANB": [{"max": 0.011576782926392535, "min": 0.0, "sm": 0.0005512753774472636, "value": [6392, 12, 6, 2, 3, 0, 0, 3, 4, 1, 0, 0, 0, 0, 0, 0, 0, 0, 0, 0, 0, 1]}, 1.51793112297507e-05], "ACC": [{"max": 0.10417914839748842, "min": 0.0, "sm": 0.004960911828451829, "value": [4526, 585, 552, 45, 0, 0, 0, 48, 1, 0, 662, 3, 0, 1, 0, 0, 0, 0, 0, 0, 0, 1]}, 0.00810489880383722], "LCC": [{"max": 1.0, "min": 0, "sm": 0.047619047619047616, "value": [5586, 16, 14, 11, 10, 4, 3, 51, 4, 3, 12, 3, 4, 1, 27, 0, 1, 9, 2, 0, 0, 663]}, 0.11375404263129692]}}