{"rate-5": {"ANB": [{"max": 3.113315338370678e-05, "min": 0.0, "sm": 1.4825311135098466e-06, "value": [795, 0, 3, 0, 1, 0, 2, 0, 0, 0, 0, 0, 1, 0, 0, 0, 0, 0, 0, 0, 0, 1]}, 1.0468183578581358e-07], "ACC": [{"max": 0.006234413965087282, "min": 0.0, "sm": 0.0002968768554803468, "value": [730, 0, 0, 0, 38, 6, 0, 7, 6, 6, 0, 5, 3, 0, 0, 0, 1, 0, 0, 0, 0, 1]}, 0.00018032711811962325], "LCC": [{"max": 1.0, "min": 0, "sm": 0.047619047619047616, "value": [797, 0, 0, 0, 0, 0, 0, 1, 0, 0, 0, 0, 0, 0, 0, 0, 0, 0, 0, 0, 0, 5]}, 0.006641760066417601]}, "rate-10": {"ANB": [{"max": 0.0021558253897965367, "min": 0.0, "sm": 0.00010265835189507317, "value": [1602, 1, 1, 0, 1, 0, 0, 0, 0, 0, 0, 0, 0, 0, 0, 0, 0, 0, 0, 0, 0, 1]}, 2.182116238289337e-06], "ACC": [{"max": 0.04672897196261682, "min": 0.0, "sm": 0.0022251891410769915, "value": [1405, 69, 16, 21, 17, 1, 1, 0, 0, 0, 75, 0, 0, 0, 0, 0, 0, 0, 0, 0, 0, 1]}, 0.0016406616477904208], "LCC": [{"max": 1.0, "min": 0, "sm": 0.047619047619047616, "value": [1576, 1, 1, 1, 0, 0, 0, 1, 0, 0, 0, 0, 0, 0, 4, 0, 0, 0, 0, 0, 0, 22]}, 0.015804018501623072]}, "rate-15": {"ANB": [{"max": 0.0003416116062370688, "min": 0.0, "sm": 1.6267219344622325e-05, "value": [2397, 6, 1, 2, 0, 1, 1, 0, 0, 0, 0, 0, 0, 0, 0, 0, 0, 0, 0, 0, 0, 1]}, 4.1854372425991566e-07], "ACC": [{"max": 0.018687707641196014, "min": 0.0, "sm": 0.0008898908400569531, "value": [2131, 94, 58, 52, 19, 5, 3, 1, 0, 0, 45, 0, 0, 0, 0, 0, 0, 0, 0, 0, 0, 1]}, 0.00045967915781105193], "LCC": [{"max": 1.0, "min": 0, "sm": 0.047619047619047616, "value": [2349, 1, 1, 0, 0, 0, 0, 1, 0, 0, 1, 0, 2, 0, 2, 0, 0, 3, 0, 0, 0, 49]}, 0.02287775183167463]}, "rate-20": {"ANB": [{"max": 0.00044065813485768835, "min": 0.0, "sm": 2.098372070750897e-05, "value": [3184, 7, 4, 1, 2, 4, 2, 3, 0, 0, 1, 0, 2, 0, 0, 0, 0, 0, 0, 1, 0, 1]}, 1.151052896307824e-06], "ACC": [{"max": 0.01884148240423544, "min": 0.0, "sm": 0.0008972134478207353, "value": [2673, 148, 83, 47, 23, 43, 43, 41, 24, 18, 4, 63, 0, 0, 1, 0, 0, 0, 0, 0, 0, 1]}, 0.0007911694269639766], "LCC": [{"max": 1.0, "min": 0, "sm": 0.047619047619047616, "value": [3121, 1, 1, 2, 1, 1, 1, 3, 0, 0, 3, 0, 0, 0, 4, 0, 0, 0, 0, 0, 0, 74]}, 0.025078078842912924]}, "rate-25": {"ANB": [{"max": 0.0013874936352221497, "min": 0.0, "sm": 6.607112548676903e-05, "value": [3979, 19, 10, 1, 1, 3, 0, 0, 0, 1, 0, 0, 0, 0, 0, 0, 0, 0, 0, 0, 0, 1]}, 2.4708713453828907e-06], "ACC": [{"max": 0.03736920777279522, "min": 0.0, "sm": 0.0017794860844188199, "value": [3029, 302, 198, 201, 91, 36, 5, 1, 1, 0, 150, 0, 0, 0, 0, 0, 0, 0, 0, 0, 0, 1]}, 0.0018394697873039792], "LCC": [{"max": 1.0, "min": 0, "sm": 0.047619047619047616, "value": [3836, 6, 5, 7, 2, 3, 1, 20, 1, 0, 5, 0, 0, 0, 9, 0, 0, 0, 0, 0, 0, 120]}, 0.03474144335964954]}, "rate-30": {"ANB": [{"max": 0.012197767182535277, "min": 0.0, "sm": 0.0005808460563112036, "value": [4806, 8, 2, 0, 0, 0, 0, 0, 0, 0, 0, 1, 0, 0, 0, 0, 0, 0, 0, 0, 0, 1]}, 8.210147033185563e-06], "ACC": [{"max": 0.10680003784781507, "min": 0.0, "sm": 0.005085716087991194, "value": [3512, 337, 13, 44, 291, 67, 2, 38, 1, 0, 508, 3, 1, 0, 0, 0, 0, 0, 0, 0, 0, 1]}, 0.008890247287351426], "LCC": [{"max": 1.0, "min": 0, "sm": 0.047619047619047616, "value": [4281, 13, 4, 10, 2, 2, 4, 30, 2, 0, 9, 0, 3, 0, 9, 0, 0, 3, 0, 0, 0, 446]}, 0.09897395853879132]}, "rate-35": {"ANB": [{"max": 0.005868518880927846, "min": 0.0, "sm": 0.00027945328004418314, "value": [5570, 22, 6, 5, 3, 4, 1, 1, 3, 0, 1, 0, 0, 3, 0, 0, 0, 1, 0, 0, 0, 1]}, 1.3624445689963033e-05], "ACC": [{"max": 0.032641440918004215, "min": 0.0, "sm": 0.0015543543294287722, "value": [3830, 266, 130, 76, 119, 153, 48, 168, 292, 247, 44, 205, 38, 1, 2, 1, 0, 0, 0, 0, 0, 1]}, 0.0034022521559306405], "LCC": [{"max": 1.0, "min": 0, "sm": 0.047619047619047616, "value": [5214, 11, 12, 10, 10, 0, 4, 41, 5, 0, 5, 4, 6, 0, 14, 4, 5, 0, 0, 0, 0, 276]}, 0.057566580495825206]}, "rate-40": {"ANB": [{"max": 0.012102498936567545, "min": 0.0, "sm": 0.0005763094731698832, "value": [6399, 16, 5, 1, 0, 0, 0, 1, 0, 0, 0, 0, 0, 0, 0, 0, 0, 1, 0, 0, 0, 1]}, 1.1744868564320449e-05], "ACC": [{"max": 0.1034253853339561, "min": 0.0, "sm": 0.0049250183492360045, "value": [4052, 444, 335, 300, 384, 97, 80, 70, 3, 0, 358, 299, 1, 0, 0, 0, 0, 0, 0, 0, 0, 1]}, 0.010342128352223829], "LCC": [{"max": 1.0, "min": 0, "sm": 0.047619047619047616, "value": [5617, 14, 11, 20, 8, 5, 3, 56, 6, 5, 15, 4, 3, 0, 29, 3, 0, 9, 6, 5, 1, 604]}, 0.10714161153850724]}}