{"rate-5": {"ANB": [{"max": 0.08418714029779997, "min": 0.0, "sm": 0.0040089114427523794, "value": [783, 11, 0, 2, 3, 1, 0, 0, 1, 0, 0, 0, 0, 0, 1, 0, 0, 0, 0, 0, 0, 1]}, 0.0006371905802181885], "ACC": [{"max": 0.14943821112828073, "min": 0.0012468827930174563, "sm": 0.007056729920726822, "value": [191, 48, 31, 89, 40, 35, 65, 24, 13, 34, 42, 100, 0, 44, 40, 4, 0, 0, 1, 1, 0, 1]}, 0.04347102857162552], "LCC": [{"max": 1.0, "min": 0, "sm": 0.047619047619047616, "value": [464, 5, 12, 19, 9, 6, 6, 31, 5, 1, 7, 4, 1, 0, 18, 9, 1, 7, 3, 1, 2, 192]}, 0.314008735348297]}, "rate-10": {"ANB": [{"max": 0.11737374031176977, "min": 0.0, "sm": 0.0055892257291318935, "value": [1580, 12, 0, 1, 3, 2, 0, 1, 2, 1, 0, 2, 0, 1, 0, 0, 0, 0, 0, 0, 0, 1]}, 0.0007165008417957214], "ACC": [{"max": 0.15947564271727008, "min": 0.0006230529595015577, "sm": 0.007564409036084216, "value": [260, 51, 23, 88, 21, 68, 180, 212, 96, 68, 45, 238, 86, 34, 47, 83, 2, 0, 2, 1, 0, 1]}, 0.057148880274793104], "LCC": [{"max": 1.0, "min": 0, "sm": 0.047619047619047616, "value": [884, 23, 22, 37, 16, 14, 7, 73, 6, 5, 23, 5, 13, 1, 42, 6, 5, 11, 1, 2, 9, 401]}, 0.32942733889744436]}, "rate-15": {"ANB": [{"max": 0.11664078128090896, "min": 0.0, "sm": 0.005554322918138522, "value": [2378, 13, 3, 0, 0, 2, 2, 1, 1, 0, 1, 4, 0, 1, 1, 1, 0, 0, 0, 0, 0, 1]}, 0.00062411887987526], "ACC": [{"max": 0.15706828818779253, "min": 0.0004152823920265781, "sm": 0.007459666942655522, "value": [262, 89, 44, 126, 21, 217, 454, 225, 40, 105, 26, 208, 378, 15, 106, 87, 2, 0, 2, 1, 0, 1]}, 0.058011466184995614], "LCC": [{"max": 1.0, "min": 0, "sm": 0.047619047619047616, "value": [1404, 26, 36, 39, 27, 13, 11, 91, 11, 10, 22, 8, 13, 6, 67, 12, 19, 11, 26, 5, 12, 540]}, 0.31092675098404954]}, "rate-20": {"ANB": [{"max": 0.11660682942881798, "min": 0.0, "sm": 0.0055527061632770465, "value": [3180, 12, 6, 1, 2, 0, 2, 1, 1, 0, 0, 2, 1, 1, 1, 0, 1, 0, 0, 0, 0, 1]}, 0.00047881927775175005], "ACC": [{"max": 0.1527763397819599, "min": 0.0003114294612270321, "sm": 0.007260233824796803, "value": [269, 164, 176, 20, 1, 9, 137, 388, 665, 152, 187, 244, 549, 1, 133, 110, 3, 0, 2, 1, 0, 1]}, 0.061682176517435135], "LCC": [{"max": 1.0, "min": 0, "sm": 0.047619047619047616, "value": [1818, 44, 44, 59, 28, 15, 19, 148, 12, 14, 32, 13, 18, 16, 86, 19, 14, 31, 13, 14, 17, 738]}, 0.319348145276682]}, "rate-25": {"ANB": [{"max": 0.14537041669619105, "min": 0.0, "sm": 0.006922400795056717, "value": [3972, 20, 5, 2, 2, 0, 2, 0, 0, 3, 0, 2, 1, 2, 2, 1, 0, 0, 0, 0, 0, 1]}, 0.0005610014416916245], "ACC": [{"max": 0.13813660920403042, "min": 0.00024912805181863477, "sm": 0.006566070531057703, "value": [207, 168, 0, 0, 0, 3, 26, 282, 510, 466, 648, 394, 135, 858, 41, 138, 131, 3, 1, 2, 1, 1]}, 0.06740701130882445], "LCC": [{"max": 1.0, "min": 0, "sm": 0.047619047619047616, "value": [2274, 52, 59, 57, 34, 15, 19, 209, 16, 17, 45, 12, 33, 9, 98, 17, 14, 30, 18, 11, 31, 945]}, 0.32144305248509936]}, "rate-30": {"ANB": [{"max": 0.11629243591715417, "min": 0.0, "sm": 0.005537735043674008, "value": [4777, 21, 3, 3, 2, 1, 0, 2, 2, 0, 0, 0, 0, 0, 1, 1, 2, 0, 1, 0, 1, 1]}, 0.00038249258620550553], "ACC": [{"max": 0.1474946700989083, "min": 0.00020759809009757111, "sm": 0.007013670095657653, "value": [221, 126, 56, 284, 16, 1, 79, 259, 719, 1087, 279, 492, 877, 7, 158, 149, 3, 0, 2, 2, 0, 1]}, 0.06560930289395103], "LCC": [{"max": 1.0, "min": 0, "sm": 0.047619047619047616, "value": [2670, 72, 65, 95, 53, 14, 16, 298, 26, 13, 45, 20, 45, 7, 108, 32, 21, 36, 26, 13, 41, 1102]}, 0.32141582054882456]}, "rate-35": {"ANB": [{"max": 0.11452771003105083, "min": 0.0, "sm": 0.005453700477669087, "value": [5582, 15, 7, 3, 1, 1, 0, 3, 1, 1, 0, 0, 0, 0, 2, 1, 2, 0, 0, 0, 1, 1]}, 0.0003242606220978717], "ACC": [{"max": 0.1447780025090248, "min": 0.00017793594306049823, "sm": 0.00688571745552211, "value": [261, 218, 91, 290, 14, 4, 151, 310, 753, 1230, 369, 337, 1205, 36, 105, 239, 4, 0, 1, 2, 0, 1]}, 0.06373167908485167], "LCC": [{"max": 1.0, "min": 0, "sm": 0.047619047619047616, "value": [3198, 61, 89, 90, 52, 17, 18, 289, 26, 17, 54, 19, 45, 14, 142, 16, 26, 43, 26, 23, 32, 1324]}, 0.32047265602542474]}, "rate-40": {"ANB": [{"max": 0.11583884722068215, "min": 0.0, "sm": 0.005516135581937245, "value": [6386, 16, 5, 3, 1, 2, 0, 2, 2, 0, 0, 0, 0, 0, 1, 2, 1, 0, 1, 0, 1, 1]}, 0.00028550344581591434], "ACC": [{"max": 0.1455951389196207, "min": 0.00015569048731122528, "sm": 0.006925688020586165, "value": [235, 194, 111, 395, 17, 3, 35, 351, 1058, 1145, 656, 397, 1402, 41, 116, 259, 4, 0, 2, 2, 0, 1]}, 0.06542005310863604], "LCC": [{"max": 1.0, "min": 0, "sm": 0.047619047619047616, "value": [3655, 77, 104, 117, 59, 17, 21, 382, 26, 19, 46, 16, 36, 22, 189, 21, 23, 38, 29, 20, 38, 1469]}, 0.31383378464494555]}}