{"rate-5": {"ANB": [{"max": 0.013013658114389433, "min": 0.0, "sm": 0.0006196980054471159, "value": [801, 1, 0, 0, 0, 0, 0, 0, 0, 0, 0, 0, 0, 0, 0, 0, 0, 0, 0, 0, 0, 1]}, 1.7834683133879352e-05], "ACC": [{"max": 0.11109069431683949, "min": 0.0, "sm": 0.005290033062706642, "value": [686, 23, 0, 1, 0, 0, 0, 3, 0, 0, 88, 1, 0, 0, 0, 0, 0, 0, 0, 0, 0, 1]}, 0.0069963906367807496], "LCC": [{"max": 1.0, "min": 0, "sm": 0.047619047619047616, "value": [799, 0, 0, 0, 0, 0, 0, 0, 0, 0, 0, 0, 0, 0, 0, 0, 0, 0, 0, 0, 0, 4]}, 0.0049813200498132005]}, "rate-10": {"ANB": [{"max": 0.0016578491466038953, "min": 0.0, "sm": 7.894519745732834e-05, "value": [1594, 2, 3, 2, 1, 0, 0, 0, 0, 0, 1, 0, 0, 0, 1, 1, 0, 0, 0, 0, 0, 1]}, 4.418410490032099e-06], "ACC": [{"max": 0.03551401869158879, "min": 0.0, "sm": 0.0016911437472185136, "value": [1279, 29, 36, 49, 27, 6, 1, 10, 46, 17, 102, 0, 0, 0, 0, 1, 1, 1, 0, 0, 0, 1]}, 0.002457712056890562], "LCC": [{"max": 1.0, "min": 0, "sm": 0.047619047619047616, "value": [1582, 0, 1, 0, 0, 0, 0, 5, 0, 0, 0, 0, 0, 0, 3, 0, 0, 0, 0, 0, 0, 15]}, 0.011790427209097142]}, "rate-15": {"ANB": [{"max": 0.004115212137356851, "min": 0.0, "sm": 0.0001959624827312786, "value": [2403, 1, 1, 0, 0, 1, 0, 1, 0, 0, 0, 0, 0, 0, 0, 0, 0, 0, 0, 1, 0, 1]}, 5.091565784580064e-06], "ACC": [{"max": 0.04106809605840614, "min": 0.0, "sm": 0.0019556236218288637, "value": [2031, 108, 46, 40, 3, 0, 1, 0, 0, 0, 56, 0, 0, 119, 2, 1, 0, 0, 0, 0, 0, 2]}, 0.0023115223740533155], "LCC": [{"max": 1.0, "min": 0, "sm": 0.047619047619047616, "value": [2348, 1, 2, 0, 1, 0, 1, 8, 0, 0, 0, 0, 0, 0, 1, 0, 0, 0, 0, 0, 0, 47]}, 0.021228225073086766]}, "rate-20": {"ANB": [{"max": 0.001527847711963645, "min": 0.0, "sm": 7.275465295064977e-05, "value": [3189, 12, 4, 2, 2, 0, 0, 0, 0, 1, 0, 0, 0, 0, 0, 0, 0, 0, 0, 1, 0, 1]}, 2.4337392691063993e-06], "ACC": [{"max": 0.03799439426969791, "min": 0.0, "sm": 0.0018092568699856148, "value": [2672, 135, 66, 5, 71, 50, 57, 19, 12, 1, 122, 1, 0, 0, 0, 0, 0, 0, 0, 0, 0, 1]}, 0.0017716225991424679], "LCC": [{"max": 1.0, "min": 0, "sm": 0.047619047619047616, "value": [3097, 2, 3, 4, 3, 0, 0, 11, 3, 1, 3, 0, 6, 0, 6, 0, 0, 0, 0, 0, 0, 73]}, 0.027791832109633634]}, "rate-25": {"ANB": [{"max": 0.0016211140400574078, "min": 0.0, "sm": 7.719590666940037e-05, "value": [3987, 18, 0, 2, 3, 2, 1, 1, 0, 0, 0, 0, 0, 0, 0, 0, 0, 0, 0, 0, 0, 1]}, 2.397302767634601e-06], "ACC": [{"max": 0.0323254573903618, "min": 0.0, "sm": 0.0015393074947791334, "value": [3075, 261, 189, 143, 139, 32, 0, 4, 1, 51, 1, 0, 111, 5, 1, 1, 0, 0, 0, 0, 0, 1]}, 0.0016693862681759306], "LCC": [{"max": 1.0, "min": 0, "sm": 0.047619047619047616, "value": [3840, 6, 6, 9, 3, 0, 1, 25, 2, 2, 7, 1, 1, 1, 6, 0, 0, 5, 0, 2, 0, 98]}, 0.03165810618637854]}, "rate-30": {"ANB": [{"max": 0.018847731168979566, "min": 0.0, "sm": 0.000897511008046646, "value": [4794, 14, 1, 0, 1, 0, 0, 0, 0, 1, 4, 0, 0, 0, 2, 0, 0, 0, 0, 0, 0, 1]}, 2.9758309381396162e-05], "ACC": [{"max": 0.05039427569154909, "min": 0.0, "sm": 0.00239972741388329, "value": [2985, 123, 223, 120, 7, 36, 123, 275, 199, 29, 64, 71, 6, 5, 31, 29, 435, 54, 1, 1, 0, 1]}, 0.008492637275781933], "LCC": [{"max": 1.0, "min": 0, "sm": 0.047619047619047616, "value": [4287, 11, 10, 7, 3, 4, 3, 28, 4, 1, 7, 1, 7, 0, 15, 0, 0, 7, 0, 0, 0, 423]}, 0.0964224286653271]}, "rate-35": {"ANB": [{"max": 0.002733892822965295, "min": 0.0, "sm": 0.0001301853725221569, "value": [5564, 24, 8, 5, 5, 3, 1, 1, 4, 1, 1, 0, 0, 1, 0, 1, 0, 0, 0, 0, 1, 1]}, 7.116987254516216e-06], "ACC": [{"max": 0.028360402589869414, "min": 0.0, "sm": 0.001350495361422353, "value": [3470, 236, 73, 160, 255, 60, 41, 124, 173, 130, 366, 248, 42, 217, 12, 6, 4, 1, 1, 1, 0, 1]}, 0.004106349554130846], "LCC": [{"max": 1.0, "min": 0, "sm": 0.047619047619047616, "value": [5193, 12, 9, 16, 2, 3, 4, 38, 3, 1, 4, 4, 5, 2, 30, 2, 6, 0, 4, 0, 7, 276]}, 0.06097260522619947]}, "rate-40": {"ANB": [{"max": 0.014679171410398607, "min": 0.0, "sm": 0.0006990081623999337, "value": [6401, 13, 6, 1, 0, 0, 0, 0, 1, 0, 0, 0, 0, 0, 0, 0, 0, 0, 0, 1, 0, 1]}, 1.3099776310527763e-05], "ACC": [{"max": 0.10728261453897812, "min": 0.0, "sm": 0.00510869593042753, "value": [4117, 450, 224, 3, 75, 167, 506, 79, 124, 1, 0, 674, 2, 1, 0, 0, 0, 0, 0, 0, 0, 1]}, 0.01203194440442066], "LCC": [{"max": 1.0, "min": 0, "sm": 0.047619047619047616, "value": [5570, 15, 9, 20, 4, 3, 5, 51, 4, 2, 10, 2, 4, 0, 40, 2, 4, 7, 4, 0, 7, 661]}, 0.11603256672205892]}}