{"rate-5": {"ANB": [{"max": 0.5235778375534313, "min": 0.0, "sm": 0.024932277978734825, "value": [774, 15, 7, 3, 0, 1, 0, 1, 0, 0, 0, 0, 0, 0, 0, 0, 1, 0, 0, 0, 0, 1]}, 0.004586312835238013], "ACC": [{"max": 0.23880066672696498, "min": 0.0443836697319202, "sm": 0.009257952237859276, "value": [7, 13, 115, 5, 13, 11, 30, 90, 100, 135, 17, 175, 16, 11, 29, 31, 1, 2, 0, 1, 0, 1]}, 0.12485972604073911], "LCC": [{"max": 1.0, "min": 0, "sm": 0.047619047619047616, "value": [696, 6, 10, 7, 2, 1, 1, 14, 0, 0, 2, 0, 1, 0, 1, 1, 0, 0, 0, 0, 32, 29]}, 0.08954603360963194]}, "rate-10": {"ANB": [{"max": 0.6580494535397068, "min": 0.0, "sm": 0.03133568826379556, "value": [1581, 11, 2, 1, 2, 0, 0, 7, 0, 0, 0, 0, 0, 0, 0, 0, 0, 1, 0, 0, 0, 1]}, 0.002785111239506562], "ACC": [{"max": 0.3222244529211002, "min": 0.05599944175011339, "sm": 0.012677381484332704, "value": [22, 11, 17, 20, 93, 35, 212, 7, 63, 3, 34, 180, 70, 0, 493, 277, 63, 4, 0, 0, 1, 1]}, 0.20378148542217195], "LCC": [{"max": 1.0, "min": 0, "sm": 0.047619047619047616, "value": [1201, 8, 8, 15, 2, 4, 6, 20, 6, 2, 9, 1, 3, 0, 25, 2, 8, 10, 6, 0, 0, 270]}, 0.20690467310911334]}, "rate-15": {"ANB": [{"max": 0.34368388979714576, "min": 0.0, "sm": 0.0163658995141498, "value": [2381, 16, 9, 0, 0, 1, 0, 0, 0, 1, 0, 0, 0, 0, 0, 0, 0, 0, 0, 0, 0, 1]}, 0.0010169513858049488], "ACC": [{"max": 0.2192767202621696, "min": 0.039503093524798194, "sm": 0.008560648892255782, "value": [18, 100, 250, 419, 98, 127, 121, 81, 389, 124, 432, 140, 23, 0, 74, 10, 2, 0, 0, 0, 1, 0]}, 0.0994017801546824], "LCC": [{"max": 1.0, "min": 0, "sm": 0.047619047619047616, "value": [1949, 26, 31, 48, 11, 3, 3, 124, 6, 1, 5, 3, 7, 18, 18, 2, 0, 1, 10, 1, 0, 142]}, 0.1029511351845201]}, "rate-20": {"ANB": [{"max": 0.32001690164856195, "min": 0.0, "sm": 0.01523890007850295, "value": [3192, 8, 1, 0, 3, 3, 0, 3, 0, 0, 0, 0, 0, 0, 1, 0, 0, 0, 0, 0, 0, 1]}, 0.0006713023977942135], "ACC": [{"max": 0.24200204775682424, "min": 0.035470206885080104, "sm": 0.009834849565321149, "value": [14, 59, 289, 272, 541, 333, 70, 26, 17, 2, 157, 142, 64, 89, 1043, 1, 91, 0, 0, 1, 0, 1]}, 0.12315616890356051], "LCC": [{"max": 1.0, "min": 0, "sm": 0.047619047619047616, "value": [2045, 9, 10, 20, 12, 5, 11, 50, 15, 6, 11, 4, 6, 1, 74, 4, 5, 25, 9, 0, 4, 886]}, 0.31924935839261787]}, "rate-25": {"ANB": [{"max": 0.18020540445912134, "min": 0.0, "sm": 0.008581209736148634, "value": [3959, 30, 9, 5, 2, 1, 1, 2, 2, 0, 1, 0, 0, 0, 0, 1, 1, 0, 0, 0, 0, 1]}, 0.0006226214495466331], "ACC": [{"max": 0.15798862614833212, "min": 0.016831141173118166, "sm": 0.0067217849988197124, "value": [3, 199, 8, 96, 199, 515, 213, 758, 188, 370, 382, 273, 530, 144, 41, 71, 20, 2, 1, 1, 0, 1]}, 0.07478916268880398], "LCC": [{"max": 1.0, "min": 0, "sm": 0.047619047619047616, "value": [3080, 27, 26, 53, 12, 6, 8, 162, 23, 7, 30, 9, 8, 1, 114, 3, 3, 21, 3, 1, 41, 377]}, 0.1571213201143705]}, "rate-30": {"ANB": [{"max": 0.24701816743839966, "min": 0.0, "sm": 0.011762769878019032, "value": [4776, 16, 5, 2, 8, 1, 3, 1, 0, 0, 3, 0, 1, 0, 0, 0, 0, 0, 1, 0, 0, 1]}, 0.0006613943920998905], "ACC": [{"max": 0.14778799664485126, "min": 0.003789396123471157, "sm": 0.006857076215303815, "value": [37, 0, 0, 0, 91, 161, 1005, 481, 201, 672, 178, 157, 80, 108, 1037, 196, 291, 42, 79, 0, 1, 1]}, 0.07630241067134005], "LCC": [{"max": 1.0, "min": 0, "sm": 0.047619047619047616, "value": [3885, 31, 29, 32, 15, 6, 9, 150, 10, 4, 12, 5, 3, 0, 48, 2, 3, 11, 5, 0, 42, 516]}, 0.1434550230457292]}, "rate-35": {"ANB": [{"max": 0.5276338345790867, "min": 0.0, "sm": 0.025125420694242225, "value": [5599, 9, 3, 1, 1, 0, 0, 1, 0, 1, 2, 0, 0, 1, 2, 0, 0, 0, 0, 0, 0, 1]}, 0.0008975543122771353], "ACC": [{"max": 0.2239298419062757, "min": 0.006643806340378732, "sm": 0.010346954074566523, "value": [517, 10, 0, 0, 0, 39, 28, 132, 229, 818, 277, 658, 333, 1746, 475, 169, 180, 6, 1, 2, 0, 1]}, 0.12174594008380998], "LCC": [{"max": 1.0, "min": 0, "sm": 0.047619047619047616, "value": [4410, 52, 29, 51, 20, 8, 20, 141, 16, 15, 49, 9, 16, 7, 116, 17, 14, 46, 47, 31, 9, 498]}, 0.15107251302780633]}, "rate-40": {"ANB": [{"max": 0.23330870627199218, "min": 0.0, "sm": 0.01110993839390439, "value": [6397, 17, 4, 0, 2, 0, 0, 0, 2, 0, 1, 0, 0, 0, 0, 0, 0, 0, 0, 0, 0, 1]}, 0.00028934369962423497], "ACC": [{"max": 0.2212638110361567, "min": 0.004918597571191372, "sm": 0.010302153022141205, "value": [165, 196, 1, 7, 46, 992, 1136, 288, 203, 419, 825, 1409, 258, 272, 3, 197, 3, 1, 2, 0, 0, 1]}, 0.09618369076942698], "LCC": [{"max": 1.0, "min": 0, "sm": 0.047619047619047616, "value": [4657, 81, 96, 133, 46, 8, 19, 459, 24, 12, 45, 9, 16, 8, 124, 8, 41, 50, 12, 18, 16, 542]}, 0.15790349697684533]}}