{"rate-5": {"ANB": [{"max": 5.60396760906722e-05, "min": 0.0, "sm": 2.668556004317724e-06, "value": [794, 3, 0, 1, 0, 0, 3, 0, 0, 0, 0, 0, 0, 0, 0, 0, 0, 1, 0, 0, 0, 1]}, 2.2099498665893976e-07], "ACC": [{"max": 0.00763715710723192, "min": 0.0, "sm": 0.00036367414796342474, "value": [737, 0, 0, 24, 6, 0, 6, 8, 0, 1, 5, 6, 4, 2, 1, 1, 0, 0, 0, 0, 1, 1]}, 0.00022028880111541382], "LCC": [{"max": 1.0, "min": 0, "sm": 0.047619047619047616, "value": [796, 1, 0, 0, 0, 0, 0, 1, 0, 0, 0, 0, 0, 0, 0, 0, 0, 0, 0, 0, 0, 5]}, 0.006724782067247821]}, "rate-10": {"ANB": [{"max": 0.0021791316102267697, "min": 0.0, "sm": 0.00010376817191556045, "value": [1601, 0, 1, 2, 1, 0, 0, 0, 0, 0, 0, 0, 0, 0, 0, 0, 0, 0, 0, 0, 0, 1]}, 2.485900099438906e-06], "ACC": [{"max": 0.037752170099507, "min": 0.0, "sm": 0.0017977223856908097, "value": [1423, 71, 7, 0, 24, 1, 0, 1, 1, 19, 0, 55, 0, 0, 3, 0, 0, 0, 0, 0, 0, 1]}, 0.001351531957303649], "LCC": [{"max": 1.0, "min": 0, "sm": 0.047619047619047616, "value": [1569, 3, 0, 1, 0, 0, 0, 2, 0, 0, 0, 0, 0, 0, 0, 0, 0, 0, 0, 0, 0, 31]}, 0.019919700763141368]}, "rate-15": {"ANB": [{"max": 0.0006259428825394371, "min": 0.0, "sm": 2.9806803930449388e-05, "value": [2390, 4, 4, 4, 1, 2, 1, 0, 0, 0, 1, 0, 0, 0, 0, 0, 0, 0, 0, 1, 0, 1]}, 1.3791030038242529e-06], "ACC": [{"max": 0.015415785764622972, "min": 0.0, "sm": 0.0007340850364106177, "value": [1961, 120, 55, 49, 21, 4, 45, 21, 32, 21, 28, 3, 2, 38, 5, 1, 1, 0, 0, 0, 1, 1]}, 0.0008041211839778276], "LCC": [{"max": 1.0, "min": 0, "sm": 0.047619047619047616, "value": [2350, 1, 0, 2, 0, 1, 0, 3, 0, 0, 0, 0, 0, 0, 1, 0, 0, 0, 0, 0, 0, 51]}, 0.022179009051155166]}, "rate-20": {"ANB": [{"max": 0.0017074165256086632, "min": 0.0, "sm": 8.130554883850777e-05, "value": [3192, 7, 6, 3, 0, 1, 0, 1, 1, 0, 0, 0, 0, 0, 0, 0, 0, 0, 0, 0, 0, 1]}, 2.596061045761122e-06], "ACC": [{"max": 0.023374754913786676, "min": 0.0, "sm": 0.001113083567323175, "value": [2549, 87, 108, 66, 81, 49, 50, 3, 8, 85, 24, 57, 3, 17, 13, 9, 1, 0, 0, 1, 0, 1]}, 0.0014614792882399418], "LCC": [{"max": 1.0, "min": 0, "sm": 0.047619047619047616, "value": [3112, 7, 2, 4, 2, 0, 1, 7, 0, 0, 1, 0, 1, 0, 7, 0, 0, 0, 0, 0, 0, 68]}, 0.024388713233348566]}, "rate-25": {"ANB": [{"max": 0.001314238937702591, "min": 0.0, "sm": 6.258280655726624e-05, "value": [4000, 6, 5, 1, 0, 0, 0, 1, 0, 0, 0, 0, 0, 0, 1, 0, 0, 0, 0, 0, 0, 1]}, 1.4846380198055981e-06], "ACC": [{"max": 0.036372695565520675, "min": 0.0, "sm": 0.0017320331221676512, "value": [3194, 212, 151, 100, 81, 16, 109, 3, 0, 1, 146, 1, 0, 0, 0, 0, 0, 0, 0, 0, 0, 1]}, 0.001710029976446125], "LCC": [{"max": 1.0, "min": 0, "sm": 0.047619047619047616, "value": [3820, 5, 7, 6, 2, 0, 0, 25, 1, 1, 5, 0, 2, 0, 6, 0, 0, 2, 0, 0, 0, 133]}, 0.0384084801682052]}, "rate-30": {"ANB": [{"max": 0.006131687193128986, "min": 0.0, "sm": 0.0002919851044347136, "value": [4787, 14, 3, 8, 2, 1, 0, 0, 0, 0, 0, 1, 0, 0, 0, 0, 0, 0, 1, 0, 0, 1]}, 9.52535164554914e-06], "ACC": [{"max": 0.04282841824580296, "min": 0.0, "sm": 0.002039448487895379, "value": [3246, 273, 217, 365, 116, 30, 1, 139, 20, 61, 7, 70, 16, 180, 73, 1, 1, 0, 0, 1, 0, 1]}, 0.004081641907543041], "LCC": [{"max": 1.0, "min": 0, "sm": 0.047619047619047616, "value": [4558, 4, 6, 5, 4, 1, 3, 33, 5, 0, 6, 0, 2, 0, 12, 0, 0, 0, 0, 0, 0, 179]}, 0.043259198183219764]}, "rate-35": {"ANB": [{"max": 0.012259339974501864, "min": 0.0, "sm": 0.0005837780940238983, "value": [5603, 9, 4, 2, 1, 0, 1, 0, 0, 0, 0, 0, 0, 0, 0, 0, 0, 0, 0, 0, 1, 0]}, 9.364797305844624e-06], "ACC": [{"max": 0.10645622232484855, "min": 0.0, "sm": 0.005069343920230883, "value": [3894, 461, 525, 111, 3, 0, 0, 29, 0, 0, 596, 1, 0, 0, 0, 0, 0, 0, 0, 0, 0, 1]}, 0.00849936343024439], "LCC": [{"max": 1.0, "min": 0, "sm": 0.047619047619047616, "value": [5123, 13, 11, 21, 8, 2, 3, 40, 2, 0, 10, 0, 1, 0, 23, 2, 1, 0, 0, 0, 0, 361]}, 0.07251201862822544]}, "rate-40": {"ANB": [{"max": 0.0008483203869596766, "min": 0.0, "sm": 4.0396208902841746e-05, "value": [6343, 30, 19, 6, 8, 3, 2, 3, 0, 1, 3, 1, 0, 0, 0, 2, 0, 0, 0, 1, 1, 1]}, 2.6557511168515415e-06], "ACC": [{"max": 0.018348472490420386, "min": 0.0, "sm": 0.0008737367852581136, "value": [4426, 311, 205, 148, 302, 119, 135, 200, 127, 60, 113, 59, 85, 26, 46, 5, 1, 51, 1, 3, 0, 1]}, 0.0017499751924349998], "LCC": [{"max": 1.0, "min": 0, "sm": 0.047619047619047616, "value": [5985, 16, 12, 14, 7, 4, 1, 54, 5, 7, 12, 2, 4, 3, 26, 4, 3, 0, 5, 5, 0, 255]}, 0.05125037239621151]}}