{"rate-5": {"ANB": [{"max": 0.00028331169579173164, "min": 0.0, "sm": 1.3491033132939602e-05, "value": [796, 3, 1, 0, 0, 0, 0, 0, 1, 0, 0, 0, 1, 0, 0, 0, 0, 0, 0, 0, 0, 1]}, 8.25823371199196e-07], "ACC": [{"max": 0.017456359102244388, "min": 0.0, "sm": 0.0008312551953449708, "value": [724, 28, 0, 15, 3, 1, 3, 5, 7, 0, 14, 1, 0, 1, 0, 0, 0, 0, 0, 0, 0, 1]}, 0.00043439372729701324], "LCC": [{"max": 1.0, "min": 0, "sm": 0.047619047619047616, "value": [792, 0, 1, 0, 0, 0, 0, 1, 0, 0, 0, 0, 0, 0, 0, 0, 0, 0, 0, 0, 0, 9]}, 0.011792089189349462]}, "rate-10": {"ANB": [{"max": 9.322488172093132e-05, "min": 0.0, "sm": 4.439280081949111e-06, "value": [1577, 4, 9, 3, 4, 3, 0, 1, 0, 1, 0, 2, 1, 0, 0, 0, 0, 0, 0, 0, 0, 1]}, 4.2858678499764015e-07], "ACC": [{"max": 0.009968847352024923, "min": 0.0, "sm": 0.00047470701676309156, "value": [1340, 82, 36, 28, 28, 30, 17, 13, 6, 4, 17, 3, 1, 0, 0, 0, 0, 0, 0, 0, 0, 1]}, 0.00034263823546400353], "LCC": [{"max": 1.0, "min": 0, "sm": 0.047619047619047616, "value": [1584, 1, 0, 0, 1, 0, 0, 1, 0, 0, 0, 0, 0, 0, 2, 0, 0, 0, 0, 0, 0, 17]}, 0.011805432010911462]}, "rate-15": {"ANB": [{"max": 0.0012028869286287089, "min": 0.0, "sm": 5.7280329934700424e-05, "value": [2394, 9, 0, 3, 1, 0, 0, 0, 1, 0, 0, 0, 0, 0, 0, 0, 0, 0, 0, 0, 0, 1]}, 1.7700016429431149e-06], "ACC": [{"max": 0.03488372093023256, "min": 0.0, "sm": 0.0016611295681063123, "value": [2007, 111, 136, 35, 25, 9, 1, 0, 0, 0, 84, 0, 0, 0, 0, 0, 0, 0, 0, 0, 0, 1]}, 0.0012617349462468019], "LCC": [{"max": 1.0, "min": 0, "sm": 0.047619047619047616, "value": [2319, 5, 3, 3, 1, 1, 0, 12, 1, 0, 0, 0, 0, 0, 7, 0, 0, 0, 0, 0, 0, 57]}, 0.028095683608100278]}, "rate-20": {"ANB": [{"max": 0.0016270006432328123, "min": 0.0, "sm": 7.74762211063244e-05, "value": [3203, 3, 3, 0, 1, 0, 0, 0, 1, 0, 0, 0, 0, 0, 0, 0, 0, 0, 0, 0, 0, 1]}, 1.342371492015124e-06], "ACC": [{"max": 0.04048582995951417, "min": 0.0, "sm": 0.00192789666473877, "value": [2666, 206, 69, 46, 50, 38, 3, 2, 0, 1, 130, 0, 0, 0, 0, 0, 0, 0, 0, 0, 0, 1]}, 0.001636117651163746], "LCC": [{"max": 1.0, "min": 0, "sm": 0.047619047619047616, "value": [3086, 4, 3, 1, 3, 0, 1, 5, 1, 0, 6, 0, 1, 0, 8, 0, 0, 4, 0, 0, 0, 89]}, 0.03273953647439978]}, "rate-25": {"ANB": [{"max": 0.0010232687959448184, "min": 0.0, "sm": 4.872708552118183e-05, "value": [3969, 27, 4, 5, 3, 1, 2, 0, 0, 0, 1, 0, 0, 1, 1, 0, 0, 0, 0, 0, 0, 1]}, 2.30456121039748e-06], "ACC": [{"max": 0.016904146068963406, "min": 0.0, "sm": 0.000804959336617305, "value": [3084, 107, 82, 72, 116, 63, 76, 119, 73, 40, 103, 22, 2, 23, 27, 3, 1, 0, 1, 0, 0, 1]}, 0.0012463795568228707], "LCC": [{"max": 1.0, "min": 0, "sm": 0.047619047619047616, "value": [3830, 5, 5, 8, 2, 0, 2, 20, 2, 0, 8, 0, 0, 0, 2, 0, 0, 1, 0, 0, 0, 130]}, 0.03662188808176957]}, "rate-30": {"ANB": [{"max": 0.011274309150109971, "min": 0.0, "sm": 0.000536871864290951, "value": [4813, 3, 0, 0, 1, 0, 0, 0, 0, 0, 0, 0, 0, 0, 0, 0, 0, 0, 0, 0, 1, 0]}, 5.868846268505987e-06], "ACC": [{"max": 0.10327671412644177, "min": 0.0, "sm": 0.004917938767925799, "value": [3570, 365, 323, 44, 2, 0, 0, 16, 0, 0, 496, 1, 0, 0, 0, 0, 0, 0, 0, 0, 0, 1]}, 0.0075191636193008785], "LCC": [{"max": 1.0, "min": 0, "sm": 0.047619047619047616, "value": [4437, 13, 8, 13, 4, 2, 4, 41, 3, 1, 6, 0, 5, 0, 16, 0, 0, 0, 0, 0, 0, 265]}, 0.06301418622729045]}, "rate-35": {"ANB": [{"max": 0.01281024789431384, "min": 0.0, "sm": 0.0006100118044911352, "value": [5602, 12, 3, 2, 0, 0, 1, 0, 0, 0, 0, 0, 0, 0, 0, 0, 0, 0, 0, 0, 0, 1]}, 9.100679793823512e-06], "ACC": [{"max": 0.1055340515770487, "min": 0.0, "sm": 0.005025431027478509, "value": [3897, 262, 311, 485, 5, 0, 2, 70, 2, 0, 0, 585, 0, 1, 0, 0, 0, 0, 0, 0, 0, 1]}, 0.00914726922690508], "LCC": [{"max": 1.0, "min": 0, "sm": 0.047619047619047616, "value": [4867, 10, 10, 13, 3, 2, 5, 44, 4, 2, 13, 0, 5, 1, 20, 2, 2, 6, 0, 0, 0, 612]}, 0.11880679700166027]}, "rate-40": {"ANB": [{"max": 0.015624473706119135, "min": 0.0, "sm": 0.0007440225574342445, "value": [6398, 18, 4, 0, 2, 0, 0, 0, 0, 0, 0, 0, 0, 0, 0, 0, 1, 0, 0, 0, 0, 1]}, 1.3539778661194583e-05], "ACC": [{"max": 0.05329776458967576, "min": 0.0, "sm": 0.0025379887899845597, "value": [4371, 318, 68, 4, 127, 158, 271, 218, 29, 73, 152, 188, 306, 1, 42, 96, 0, 0, 0, 1, 0, 1]}, 0.006450800033890147], "LCC": [{"max": 1.0, "min": 0, "sm": 0.047619047619047616, "value": [5931, 16, 15, 19, 3, 2, 8, 45, 3, 5, 12, 4, 10, 1, 12, 2, 3, 1, 5, 0, 0, 327]}, 0.06031418703424263]}}