{"rate-5": {"ANB": [{"max": 0.0019565035108368555, "min": 0.0, "sm": 9.316683384937407e-05, "value": [801, 2, 0, 0, 0, 0, 0, 0, 0, 0, 0, 0, 0, 0, 0, 0, 0, 0, 0, 0, 0, 1]}, 4.144610809302581e-06], "ACC": [{"max": 0.0448318804483188, "min": 0.0012453300124533001, "sm": 0.0020755500207555004, "value": [661, 74, 27, 3, 0, 2, 0, 0, 0, 0, 36, 0, 0, 0, 0, 0, 0, 0, 0, 0, 0, 1]}, 0.0030516773602583956], "LCC": [{"max": 0, "min": 0, "sm": 0.0, "value": [804, 0, 0, 0, 0, 0, 0, 0, 0, 0, 0, 0, 0, 0, 0, 0, 0, 0, 0, 0, 0, 0]}, 0.0]}, "rate-10": {"ANB": [{"max": 0.0037375418504595305, "min": 0.0, "sm": 0.00017797818335521574, "value": [1593, 7, 4, 0, 0, 0, 2, 0, 0, 0, 0, 0, 0, 0, 0, 0, 0, 0, 0, 0, 0, 1]}, 7.654291558319525e-06], "ACC": [{"max": 0.050856164383561636, "min": 0.0006226650062266501, "sm": 0.0023920713989207137, "value": [1244, 102, 92, 5, 20, 41, 10, 1, 4, 0, 0, 86, 1, 0, 0, 0, 0, 0, 0, 0, 0, 1]}, 0.0036695318625032942], "LCC": [{"max": 1.0, "min": 0, "sm": 0.047619047619047616, "value": [1604, 0, 0, 1, 0, 0, 0, 1, 0, 0, 0, 0, 0, 0, 0, 0, 0, 0, 0, 0, 0, 1]}, 0.0009334163036714375]}, "rate-15": {"ANB": [{"max": 0.004832596510454696, "min": 0.0, "sm": 0.00023012364335498552, "value": [2384, 8, 9, 3, 2, 0, 1, 0, 0, 1, 0, 0, 0, 0, 0, 0, 0, 0, 0, 0, 0, 1]}, 1.014216527718945e-05], "ACC": [{"max": 0.04183560281517748, "min": 0.0004152823920265781, "sm": 0.0019723962106262334, "value": [1744, 249, 28, 41, 138, 27, 4, 5, 16, 45, 1, 0, 0, 106, 2, 0, 2, 0, 0, 0, 0, 1]}, 0.0035563310855410957], "LCC": [{"max": 1.0, "min": 0, "sm": 0.047619047619047616, "value": [2389, 1, 1, 5, 1, 0, 0, 5, 0, 0, 0, 0, 0, 0, 1, 0, 0, 0, 0, 0, 0, 6]}, 0.003973848147869482]}, "rate-20": {"ANB": [{"max": 0.008681023467810708, "min": 0.0, "sm": 0.000413382069895748, "value": [3194, 8, 1, 2, 4, 1, 0, 1, 0, 0, 0, 0, 0, 0, 0, 0, 0, 0, 0, 0, 0, 1]}, 1.388107933066583e-05], "ACC": [{"max": 0.05124721099985922, "min": 0.0003114294612270321, "sm": 0.0024255134066015326, "value": [2242, 270, 85, 153, 90, 57, 8, 25, 18, 64, 14, 1, 1, 171, 4, 8, 0, 0, 0, 0, 0, 1]}, 0.004863777607667296], "LCC": [{"max": 1.0, "min": 0, "sm": 0.047619047619047616, "value": [3163, 0, 5, 10, 2, 0, 0, 12, 0, 0, 0, 0, 0, 0, 1, 0, 0, 0, 0, 0, 0, 19]}, 0.008198463739927102]}, "rate-25": {"ANB": [{"max": 0.010428054512917721, "min": 0.0, "sm": 0.0004965740244246534, "value": [3948, 39, 14, 5, 0, 2, 5, 0, 0, 0, 0, 0, 0, 0, 0, 1, 0, 0, 0, 0, 1, 0]}, 3.0780703285461436e-05], "ACC": [{"max": 0.052693196190954035, "min": 0.00024912805181863477, "sm": 0.0024973365780540666, "value": [2394, 306, 269, 204, 195, 169, 60, 21, 51, 108, 8, 1, 2, 0, 210, 16, 0, 0, 0, 0, 0, 1]}, 0.006183800442683358], "LCC": [{"max": 1.0, "min": 0, "sm": 0.047619047619047616, "value": [3911, 8, 13, 13, 8, 0, 1, 25, 0, 0, 0, 0, 0, 0, 3, 0, 0, 0, 0, 0, 0, 33]}, 0.012310512813594344]}, "rate-30": {"ANB": [{"max": 0.018704970061249333, "min": 0.0, "sm": 0.000890712860059492, "value": [4758, 33, 13, 5, 2, 1, 1, 1, 1, 1, 0, 0, 0, 0, 0, 0, 0, 0, 1, 0, 0, 1]}, 4.725582189199109e-05], "ACC": [{"max": 0.05119594939841167, "min": 0.00020759809009757111, "sm": 0.002428016728967338, "value": [2426, 446, 186, 226, 90, 92, 78, 203, 159, 195, 218, 125, 83, 8, 0, 260, 19, 0, 3, 0, 0, 1]}, 0.009187370141537522], "LCC": [{"max": 1.0, "min": 0, "sm": 0.047619047619047616, "value": [4638, 11, 20, 33, 13, 3, 3, 35, 3, 1, 0, 0, 0, 0, 8, 0, 0, 0, 0, 0, 0, 50]}, 0.01690373059543107]}, "rate-35": {"ANB": [{"max": 0.014711176302567736, "min": 0.0, "sm": 0.0007005322048841779, "value": [5561, 37, 8, 6, 3, 3, 0, 1, 0, 0, 0, 0, 0, 0, 0, 0, 0, 0, 1, 0, 0, 1]}, 3.5288256173224125e-05], "ACC": [{"max": 0.05811891994385594, "min": 0.00017793594306049823, "sm": 0.0027590944762283546, "value": [2533, 720, 535, 342, 41, 139, 248, 227, 190, 208, 65, 5, 3, 1, 330, 29, 4, 0, 0, 0, 0, 1]}, 0.009126239776550877], "LCC": [{"max": 1.0, "min": 0, "sm": 0.047619047619047616, "value": [5367, 16, 19, 39, 19, 9, 9, 52, 4, 0, 4, 0, 0, 0, 17, 0, 0, 0, 0, 0, 0, 66]}, 0.020787938749163754]}, "rate-40": {"ANB": [{"max": 0.040849328472347936, "min": 0.0, "sm": 0.001945206117730854, "value": [6376, 32, 7, 0, 1, 2, 2, 2, 0, 0, 0, 1, 0, 0, 0, 0, 0, 0, 0, 0, 0, 1]}, 7.608870620781944e-05], "ACC": [{"max": 0.05469640175893057, "min": 0.00015569048731122528, "sm": 0.002597176727219969, "value": [2426, 301, 345, 369, 271, 160, 184, 92, 183, 218, 435, 301, 320, 76, 611, 51, 49, 28, 2, 1, 0, 1]}, 0.014277442239199143], "LCC": [{"max": 1.0, "min": 0, "sm": 0.047619047619047616, "value": [6105, 18, 20, 43, 17, 13, 25, 77, 5, 1, 5, 0, 0, 0, 17, 0, 0, 0, 0, 0, 0, 78]}, 0.0226006085852352]}}