{"rate-5": {"ANB": [{"max": 0.10249866253308267, "min": 0.0, "sm": 0.004880888692051556, "value": [782, 7, 3, 4, 2, 0, 2, 0, 0, 1, 0, 0, 0, 0, 1, 0, 0, 0, 0, 0, 0, 1]}, 0.000876555290505026], "ACC": [{"max": 0.153056742943606, "min": 0.0012468827930174563, "sm": 0.007229040959551835, "value": [181, 23, 68, 45, 31, 32, 31, 67, 30, 37, 11, 106, 43, 18, 33, 42, 1, 0, 2, 1, 0, 1]}, 0.04958668829051011], "LCC": [{"max": 1.0, "min": 0, "sm": 0.047619047619047616, "value": [505, 5, 20, 10, 8, 2, 6, 33, 4, 1, 5, 4, 3, 0, 22, 5, 0, 0, 6, 0, 0, 164]}, 0.2684672770785999]}, "rate-10": {"ANB": [{"max": 0.10244767057047051, "min": 0.0, "sm": 0.004878460503355738, "value": [1589, 5, 6, 0, 0, 1, 1, 1, 1, 0, 0, 0, 0, 0, 1, 0, 0, 0, 0, 0, 0, 1]}, 0.0004710333236093456], "ACC": [{"max": 0.14634158617850665, "min": 0.0006230529595015577, "sm": 0.006938977772333576, "value": [319, 20, 59, 187, 151, 37, 43, 170, 39, 64, 24, 121, 219, 0, 83, 64, 2, 0, 2, 1, 0, 1]}, 0.0480235316090312], "LCC": [{"max": 1.0, "min": 0, "sm": 0.047619047619047616, "value": [920, 15, 29, 25, 19, 9, 7, 82, 4, 7, 20, 3, 22, 6, 31, 11, 4, 5, 13, 4, 6, 364]}, 0.3106364272475464]}, "rate-15": {"ANB": [{"max": 0.12130820640285636, "min": 0.0, "sm": 0.005776581257278875, "value": [2386, 13, 2, 2, 2, 1, 0, 2, 0, 0, 0, 0, 0, 0, 1, 0, 0, 0, 0, 0, 0, 1]}, 0.0004162470488268657], "ACC": [{"max": 0.15932682061385017, "min": 0.00041511000415110004, "sm": 0.007567224314747575, "value": [269, 43, 110, 272, 234, 76, 84, 299, 85, 99, 26, 209, 385, 1, 113, 98, 2, 1, 2, 1, 0, 1]}, 0.05660091154121832], "LCC": [{"max": 1.0, "min": 0, "sm": 0.047619047619047616, "value": [1359, 40, 45, 50, 19, 8, 14, 102, 14, 7, 22, 9, 19, 4, 63, 8, 15, 32, 4, 5, 17, 554]}, 0.3173660181456586]}, "rate-20": {"ANB": [{"max": 0.1167330653240466, "min": 0.0, "sm": 0.005558717396383171, "value": [3183, 10, 6, 0, 2, 0, 2, 1, 1, 0, 1, 2, 0, 1, 0, 2, 0, 0, 0, 0, 0, 1]}, 0.00046036636661713105], "ACC": [{"max": 0.15226178565615658, "min": 0.0003114294612270321, "sm": 0.007235731247377598, "value": [304, 134, 165, 54, 3, 45, 255, 282, 539, 226, 157, 254, 542, 1, 136, 108, 2, 0, 2, 2, 0, 1]}, 0.061147224172783926], "LCC": [{"max": 1.0, "min": 0, "sm": 0.047619047619047616, "value": [1846, 44, 58, 43, 27, 11, 15, 145, 15, 6, 19, 8, 23, 5, 92, 17, 15, 29, 11, 6, 31, 746]}, 0.31746597801607895]}, "rate-25": {"ANB": [{"max": 0.11918772263700675, "min": 0.0, "sm": 0.005675605839857464, "value": [3982, 16, 3, 1, 1, 1, 2, 1, 1, 0, 0, 2, 2, 0, 0, 2, 0, 0, 0, 0, 0, 1]}, 0.00038818235848720514], "ACC": [{"max": 0.15373112875294775, "min": 0.00024912805181863477, "sm": 0.007308666700053767, "value": [425, 21, 77, 242, 17, 32, 392, 380, 670, 262, 175, 311, 710, 2, 156, 136, 3, 0, 2, 1, 0, 1]}, 0.06218779249772894], "LCC": [{"max": 1.0, "min": 0, "sm": 0.047619047619047616, "value": [2258, 56, 63, 77, 26, 14, 21, 203, 19, 15, 35, 18, 27, 9, 110, 10, 16, 35, 22, 7, 26, 948]}, 0.32231163296317916]}, "rate-30": {"ANB": [{"max": 0.12065054844518686, "min": 0.0, "sm": 0.005745264211675564, "value": [4773, 19, 8, 3, 3, 0, 1, 2, 1, 0, 1, 0, 0, 0, 2, 1, 2, 0, 0, 0, 1, 1]}, 0.00040317249270134005], "ACC": [{"max": 0.15073286874192574, "min": 0.00020759809009757111, "sm": 0.0071678700310394364, "value": [260, 68, 103, 223, 15, 64, 298, 444, 377, 1044, 354, 390, 849, 6, 180, 136, 3, 0, 2, 1, 0, 1]}, 0.0654788378691313], "LCC": [{"max": 1.0, "min": 0, "sm": 0.047619047619047616, "value": [2694, 64, 58, 105, 42, 16, 15, 272, 22, 10, 46, 14, 33, 19, 117, 29, 14, 32, 31, 15, 34, 1136]}, 0.32378342437361507]}, "rate-35": {"ANB": [{"max": 0.11778695868343109, "min": 0.0, "sm": 0.005608902794449099, "value": [5585, 15, 5, 3, 2, 0, 1, 1, 2, 0, 0, 0, 0, 0, 1, 2, 1, 0, 0, 1, 1, 1]}, 0.0003275515954790677], "ACC": [{"max": 0.14912909182815529, "min": 0.00017793594306049823, "sm": 0.007092912185004513, "value": [261, 151, 153, 216, 9, 0, 20, 305, 903, 1253, 359, 375, 1256, 7, 135, 209, 4, 0, 2, 2, 0, 1]}, 0.06674039070429828], "LCC": [{"max": 1.0, "min": 0, "sm": 0.047619047619047616, "value": [3195, 64, 85, 98, 56, 17, 17, 301, 23, 11, 47, 20, 38, 12, 144, 16, 22, 31, 37, 9, 35, 1343]}, 0.3205754822131582]}, "rate-40": {"ANB": [{"max": 0.11297358353928096, "min": 0.0, "sm": 0.005379694454251474, "value": [6386, 17, 5, 2, 1, 2, 0, 2, 1, 1, 0, 0, 0, 0, 1, 2, 1, 0, 0, 1, 1, 1]}, 0.00028166839239217653], "ACC": [{"max": 0.14490045373844504, "min": 0.00015569048731122528, "sm": 0.006892607773863514, "value": [233, 272, 72, 384, 16, 2, 30, 338, 1078, 1306, 484, 356, 1427, 42, 123, 252, 5, 0, 0, 2, 1, 1]}, 0.06459290155589187], "LCC": [{"max": 1.0, "min": 0, "sm": 0.047619047619047616, "value": [3731, 84, 100, 119, 58, 16, 27, 379, 26, 18, 45, 24, 39, 13, 169, 19, 23, 53, 28, 15, 36, 1402]}, 0.3019895496552536]}}