{"rate-5": {"ANB": [{"max": 0.6180595720866717, "min": 0.0, "sm": 0.029431408194603416, "value": [780, 6, 10, 1, 3, 2, 0, 0, 0, 0, 0, 0, 0, 0, 0, 0, 0, 0, 0, 0, 0, 1]}, 0.0030985047971595213], "ACC": [{"max": 0.5238406270411495, "min": 0.18344007319304667, "sm": 0.016209550183242993, "value": [30, 0, 1, 0, 74, 198, 291, 70, 3, 111, 5, 2, 5, 0, 10, 0, 2, 0, 0, 0, 0, 1]}, 0.2924716479762724], "LCC": [{"max": 1.0, "min": 0, "sm": 0.047619047619047616, "value": [774, 5, 4, 2, 0, 0, 0, 0, 2, 2, 1, 1, 2, 0, 0, 0, 0, 0, 0, 0, 0, 10]}, 0.01897341430626852]}, "rate-10": {"ANB": [{"max": 0.7218713649200501, "min": 0.0, "sm": 0.034374826900954766, "value": [1582, 20, 1, 0, 0, 0, 0, 1, 0, 0, 1, 0, 0, 0, 0, 0, 0, 0, 0, 0, 0, 1]}, 0.0021806340826355784], "ACC": [{"max": 0.41217257318952233, "min": 0.1324694618686035, "sm": 0.013319195777186613, "value": [36, 17, 18, 113, 32, 132, 207, 727, 86, 80, 15, 9, 126, 3, 1, 1, 2, 0, 0, 0, 0, 1]}, 0.2276716701213002], "LCC": [{"max": 1.0, "min": 0, "sm": 0.047619047619047616, "value": [963, 32, 13, 29, 15, 4, 8, 78, 8, 4, 30, 4, 14, 7, 71, 5, 12, 18, 12, 3, 16, 260]}, 0.27457901602203305]}, "rate-15": {"ANB": [{"max": 0.34555739052426704, "min": 0.0, "sm": 0.016455113834488905, "value": [2391, 10, 1, 3, 1, 1, 0, 1, 0, 0, 0, 0, 0, 0, 0, 0, 0, 0, 0, 0, 0, 1]}, 0.00076233714364138], "ACC": [{"max": 0.30192725169105983, "min": 0.04680886419461253, "sm": 0.012148494642687965, "value": [65, 293, 395, 49, 16, 25, 41, 244, 80, 811, 216, 15, 0, 147, 7, 3, 1, 0, 0, 0, 0, 1]}, 0.1320723095967112], "LCC": [{"max": 1.0, "min": 0, "sm": 0.047619047619047616, "value": [1401, 45, 46, 76, 41, 7, 9, 240, 9, 4, 30, 8, 14, 18, 99, 9, 12, 17, 12, 0, 19, 293]}, 0.24001185290774296]}, "rate-20": {"ANB": [{"max": 0.6066585297613845, "min": 0.0, "sm": 0.028888501417208785, "value": [3189, 12, 2, 1, 0, 0, 0, 0, 1, 3, 0, 1, 1, 1, 0, 0, 0, 0, 0, 0, 0, 1]}, 0.00160866951873821], "ACC": [{"max": 0.2866964285714286, "min": 0.0839938266760836, "sm": 0.009652504852159285, "value": [9, 113, 191, 7, 268, 91, 146, 226, 14, 690, 1079, 43, 2, 175, 150, 3, 0, 1, 1, 2, 0, 1]}, 0.16893406033135158], "LCC": [{"max": 1.0, "min": 0, "sm": 0.047619047619047616, "value": [2090, 49, 28, 43, 21, 6, 12, 118, 11, 7, 43, 8, 26, 6, 109, 16, 21, 28, 25, 6, 17, 522]}, 0.2512068283472245]}, "rate-25": {"ANB": [{"max": 0.5253302295332837, "min": 0.0, "sm": 0.02501572521587065, "value": [4002, 9, 1, 0, 1, 0, 0, 0, 0, 0, 0, 0, 0, 0, 1, 0, 0, 0, 0, 0, 0, 1]}, 0.0006672936568032942], "ACC": [{"max": 0.3479718172671324, "min": 0.025336889408912017, "sm": 0.015363567993248587, "value": [571, 13, 0, 0, 1, 3, 41, 59, 371, 234, 1167, 1068, 168, 109, 201, 4, 2, 1, 1, 0, 0, 1]}, 0.16743190154086138], "LCC": [{"max": 1.0, "min": 0, "sm": 0.047619047619047616, "value": [2548, 69, 70, 108, 39, 6, 10, 291, 15, 5, 39, 5, 11, 6, 152, 11, 10, 21, 13, 0, 17, 569]}, 0.2278308732212442]}, "rate-30": {"ANB": [{"max": 0.47609518625320585, "min": 0.0, "sm": 0.022671199345390754, "value": [4786, 13, 7, 2, 0, 0, 1, 2, 0, 2, 0, 0, 0, 1, 1, 2, 0, 0, 0, 0, 0, 1]}, 0.0009820451988924778], "ACC": [{"max": 0.19592199602758872, "min": 0.020747645226471014, "sm": 0.008341635752434176, "value": [289, 363, 42, 3, 0, 3, 42, 533, 704, 264, 193, 108, 283, 49, 361, 1352, 75, 143, 8, 2, 0, 1]}, 0.1102107113184147], "LCC": [{"max": 1.0, "min": 0, "sm": 0.047619047619047616, "value": [2704, 35, 47, 55, 18, 3, 6, 165, 12, 11, 11, 3, 6, 2, 82, 5, 5, 34, 5, 5, 9, 1595]}, 0.37433051267303524]}, "rate-35": {"ANB": [{"max": 0.3389261182712469, "min": 0.0, "sm": 0.016139338965297473, "value": [5599, 15, 3, 0, 1, 0, 0, 1, 0, 0, 0, 0, 0, 0, 0, 0, 1, 0, 0, 0, 1, 0]}, 0.00042266163997623196], "ACC": [{"max": 0.26913956912431747, "min": 0.025957846607461307, "sm": 0.011580082024612198, "value": [467, 100, 127, 883, 4, 138, 58, 6, 495, 73, 1185, 1586, 45, 203, 239, 7, 0, 2, 1, 1, 0, 1]}, 0.12344563968653686], "LCC": [{"max": 1.0, "min": 0, "sm": 0.047619047619047616, "value": [3235, 47, 40, 60, 37, 10, 21, 151, 30, 10, 57, 17, 26, 6, 235, 18, 15, 36, 21, 7, 30, 1512]}, 0.34479156784893195]}, "rate-40": {"ANB": [{"max": 0.2383247059236454, "min": 0.0, "sm": 0.01134879552017359, "value": [6395, 14, 4, 5, 0, 2, 0, 0, 1, 1, 0, 0, 0, 0, 0, 0, 1, 0, 0, 0, 0, 1]}, 0.000332740516481629], "ACC": [{"max": 0.22723187095643227, "min": 0.040640016773141004, "sm": 0.008885326389680537, "value": [250, 563, 54, 526, 262, 965, 300, 482, 212, 1201, 1143, 139, 13, 234, 74, 1, 2, 1, 0, 1, 0, 1]}, 0.10416386107626162], "LCC": [{"max": 1.0, "min": 0, "sm": 0.047619047619047616, "value": [3948, 68, 37, 68, 35, 9, 15, 217, 22, 8, 57, 9, 21, 8, 226, 23, 18, 27, 18, 6, 26, 1558]}, 0.30835054565674114]}}