{"rate-5": {"ANB": [{"max": 0.8463762566119001, "min": 0.0, "sm": 0.04030363126723334, "value": [796, 4, 1, 1, 0, 0, 0, 0, 0, 0, 0, 0, 0, 0, 0, 0, 0, 0, 0, 0, 0, 1]}, 0.00174789975185093], "ACC": [{"max": 0.8117408906882592, "min": 0.2643375082399473, "sm": 0.0260668277356339, "value": [17, 0, 115, 37, 0, 0, 0, 624, 7, 0, 2, 0, 0, 0, 0, 0, 0, 0, 0, 0, 0, 1]}, 0.4251749238222999], "LCC": [{"max": 1.0, "min": 0, "sm": 0.047619047619047616, "value": [210, 3, 1, 2, 0, 3, 4, 1, 3, 0, 2, 0, 0, 0, 5, 0, 0, 4, 0, 0, 0, 565]}, 0.7184632540472037]}, "rate-10": {"ANB": [{"max": 0.18473885749947858, "min": 0.0, "sm": 0.008797088452356123, "value": [1569, 24, 2, 4, 0, 1, 1, 0, 0, 0, 0, 0, 0, 0, 1, 3, 0, 0, 0, 0, 0, 1]}, 0.0011125367990853737], "ACC": [{"max": 0.1867414436586478, "min": 0.06083875225583225, "sm": 0.005995366257276932, "value": [11, 4, 3, 10, 73, 236, 157, 381, 122, 31, 63, 66, 414, 23, 1, 2, 4, 0, 0, 2, 2, 1]}, 0.11228664981313721], "LCC": [{"max": 1.0, "min": 0, "sm": 0.047619047619047616, "value": [1048, 41, 37, 61, 24, 3, 2, 174, 2, 2, 9, 2, 1, 4, 21, 2, 5, 12, 2, 2, 0, 152]}, 0.17264466423112432]}, "rate-15": {"ANB": [{"max": 0.6782049574239682, "min": 0.0, "sm": 0.03229547416304611, "value": [2392, 8, 3, 1, 1, 1, 1, 0, 0, 0, 0, 0, 0, 0, 1, 0, 0, 0, 0, 0, 0, 1]}, 0.001641144606608637], "ACC": [{"max": 0.3690421455938697, "min": 0.1256129368805425, "sm": 0.01159186708158701, "value": [94, 59, 23, 53, 314, 10, 411, 1001, 120, 0, 100, 67, 146, 6, 0, 0, 2, 1, 1, 0, 0, 1]}, 0.20720829658927675], "LCC": [{"max": 1.0, "min": 0, "sm": 0.047619047619047616, "value": [1594, 23, 27, 46, 19, 9, 5, 114, 13, 2, 39, 3, 13, 6, 85, 9, 12, 13, 8, 6, 12, 351]}, 0.23123647230619937]}, "rate-20": {"ANB": [{"max": 0.2801668921576824, "min": 0.0, "sm": 0.013341280578937258, "value": [3177, 23, 2, 2, 3, 3, 0, 1, 0, 0, 0, 0, 0, 0, 0, 0, 0, 0, 0, 0, 0, 1]}, 0.0006456851580022125], "ACC": [{"max": 0.25571477891855104, "min": 0.044915722955245534, "sm": 0.01003805028396693, "value": [255, 382, 199, 493, 71, 59, 34, 217, 43, 1100, 185, 1, 0, 162, 5, 5, 0, 0, 0, 0, 0, 1]}, 0.10956558096614184], "LCC": [{"max": 1.0, "min": 0, "sm": 0.047619047619047616, "value": [2022, 34, 21, 65, 31, 7, 12, 190, 14, 13, 45, 12, 19, 9, 179, 16, 14, 20, 13, 3, 14, 459]}, 0.2473756056103327]}, "rate-25": {"ANB": [{"max": 0.5079448728903686, "min": 0.0, "sm": 0.024187851090017552, "value": [4003, 7, 2, 0, 0, 0, 0, 0, 0, 1, 0, 0, 0, 0, 0, 0, 1, 0, 0, 0, 0, 1]}, 0.0007214723530012286], "ACC": [{"max": 0.33915403347929074, "min": 0.005620615615131214, "sm": 0.01588254370781712, "value": [57, 115, 305, 2, 1, 0, 4, 74, 18, 509, 75, 2214, 147, 173, 118, 197, 1, 2, 1, 1, 0, 1]}, 0.17192750169819235], "LCC": [{"max": 1.0, "min": 0, "sm": 0.047619047619047616, "value": [2509, 52, 30, 42, 28, 9, 12, 141, 13, 6, 50, 6, 20, 7, 147, 8, 18, 21, 15, 2, 17, 862]}, 0.28801639095434084]}, "rate-30": {"ANB": [{"max": 0.42241282806770697, "min": 0.0, "sm": 0.020114896574652714, "value": [4795, 15, 0, 0, 3, 0, 2, 0, 0, 1, 0, 0, 0, 0, 0, 0, 1, 0, 0, 0, 0, 1]}, 0.0006723752170474282], "ACC": [{"max": 0.2662385125664687, "min": 0.030040596959841303, "sm": 0.01124751979079178, "value": [703, 148, 3, 92, 50, 111, 112, 105, 22, 517, 34, 2378, 133, 14, 199, 191, 1, 0, 2, 2, 0, 1]}, 0.13283090902243566], "LCC": [{"max": 1.0, "min": 0, "sm": 0.047619047619047616, "value": [3193, 72, 72, 106, 61, 6, 21, 393, 14, 9, 42, 11, 15, 9, 137, 12, 18, 22, 19, 8, 17, 561]}, 0.20135059501675032]}, "rate-35": {"ANB": [{"max": 0.2650474315173716, "min": 0.0, "sm": 0.01262130626273198, "value": [5601, 10, 4, 2, 0, 1, 0, 0, 1, 0, 0, 0, 0, 0, 0, 0, 0, 0, 1, 0, 0, 1]}, 0.0003575979511310866], "ACC": [{"max": 0.24455041098871974, "min": 0.0032874394726095327, "sm": 0.011488712929338582, "value": [162, 0, 0, 2, 782, 879, 95, 99, 58, 412, 264, 1870, 521, 90, 180, 201, 1, 1, 2, 0, 1, 1]}, 0.11031972320532493], "LCC": [{"max": 1.0, "min": 0, "sm": 0.047619047619047616, "value": [3748, 102, 82, 130, 49, 10, 14, 532, 18, 6, 43, 10, 29, 19, 138, 7, 13, 21, 16, 8, 23, 603]}, 0.1908239684461311]}, "rate-40": {"ANB": [{"max": 0.21637999547396575, "min": 0.0, "sm": 0.010303809308284083, "value": [6390, 13, 3, 2, 2, 5, 1, 0, 1, 1, 1, 0, 0, 0, 0, 1, 1, 2, 0, 0, 0, 1]}, 0.0004329035162551377], "ACC": [{"max": 0.15705331966716835, "min": 0.043136857801506105, "sm": 0.005424593422174392, "value": [98, 66, 154, 92, 5, 499, 1502, 437, 2755, 262, 134, 115, 158, 137, 4, 2, 1, 0, 1, 1, 0, 1]}, 0.08487702583624246], "LCC": [{"max": 1.0, "min": 0, "sm": 0.047619047619047616, "value": [3808, 92, 112, 157, 60, 11, 14, 568, 14, 7, 44, 7, 29, 17, 118, 12, 22, 33, 14, 2, 20, 1263]}, 0.2719356070879772]}}