{"rate-5": {"ANB": [{"max": 8.717282947437897e-05, "min": 0.0, "sm": 4.1510871178275695e-06, "value": [792, 0, 1, 2, 2, 1, 1, 2, 0, 0, 0, 0, 0, 0, 0, 1, 0, 0, 0, 0, 0, 1]}, 4.3811286828877516e-07], "ACC": [{"max": 0.00997506234413965, "min": 0.0, "sm": 0.0004750029687685548, "value": [693, 0, 34, 10, 4, 14, 8, 11, 3, 7, 7, 8, 0, 2, 0, 0, 0, 0, 1, 0, 0, 1]}, 0.00039712253911345215], "LCC": [{"max": 1.0, "min": 0, "sm": 0.047619047619047616, "value": [792, 0, 0, 0, 0, 0, 0, 0, 0, 0, 0, 0, 0, 0, 0, 0, 0, 0, 0, 0, 0, 11]}, 0.0136986301369863]}, "rate-10": {"ANB": [{"max": 0.0007015172349500082, "min": 0.0, "sm": 3.340558261666705e-05, "value": [1594, 6, 1, 3, 0, 1, 0, 0, 0, 0, 0, 0, 0, 0, 0, 0, 0, 0, 0, 0, 0, 1]}, 1.0574387268677657e-06], "ACC": [{"max": 0.02679127725856698, "min": 0.0, "sm": 0.0012757751075508086, "value": [1398, 21, 47, 36, 52, 3, 2, 2, 1, 0, 43, 0, 0, 0, 0, 0, 0, 0, 0, 0, 0, 1]}, 0.0008750410128407197], "LCC": [{"max": 1.0, "min": 0, "sm": 0.047619047619047616, "value": [1583, 1, 0, 1, 0, 0, 2, 1, 0, 0, 0, 0, 0, 0, 0, 0, 0, 0, 0, 0, 0, 18]}, 0.011919587262053017]}, "rate-15": {"ANB": [{"max": 0.0010631367260771807, "min": 0.0, "sm": 5.062555838462765e-05, "value": [2394, 5, 3, 1, 1, 0, 4, 0, 0, 0, 0, 0, 0, 0, 0, 0, 0, 0, 0, 0, 0, 1]}, 1.8865980123981341e-06], "ACC": [{"max": 0.03280730897009967, "min": 0.0, "sm": 0.0015622528080999841, "value": [2055, 63, 68, 78, 53, 8, 3, 1, 0, 0, 79, 0, 0, 0, 0, 0, 0, 0, 0, 0, 0, 1]}, 0.0011731072040579399], "LCC": [{"max": 1.0, "min": 0, "sm": 0.047619047619047616, "value": [2350, 3, 2, 2, 2, 0, 0, 6, 1, 0, 0, 0, 0, 0, 3, 0, 0, 1, 0, 0, 0, 39]}, 0.018880542794156224]}, "rate-20": {"ANB": [{"max": 0.00023835177719168775, "min": 0.0, "sm": 1.1350084628175607e-05, "value": [3182, 10, 5, 1, 4, 1, 0, 2, 1, 0, 0, 0, 2, 0, 1, 1, 0, 0, 0, 1, 0, 1]}, 6.88372402300181e-07], "ACC": [{"max": 0.009654313298037995, "min": 0.0, "sm": 0.00045972920466847594, "value": [2570, 174, 121, 46, 30, 62, 29, 18, 11, 4, 48, 8, 43, 24, 4, 11, 2, 2, 3, 0, 1, 1]}, 0.0005214334107375872], "LCC": [{"max": 1.0, "min": 0, "sm": 0.047619047619047616, "value": [3123, 2, 2, 1, 0, 1, 0, 10, 1, 0, 1, 0, 0, 0, 2, 0, 0, 0, 0, 0, 0, 69]}, 0.023495833954557815]}, "rate-25": {"ANB": [{"max": 0.000264213553087493, "min": 0.0, "sm": 1.2581597766071097e-05, "value": [3958, 20, 8, 4, 4, 2, 4, 1, 2, 2, 2, 1, 3, 0, 0, 1, 0, 1, 0, 0, 1, 1]}, 1.07959336602373e-06], "ACC": [{"max": 0.012207274539113104, "min": 0.0, "sm": 0.0005812987875768145, "value": [3074, 185, 84, 65, 100, 90, 40, 86, 94, 105, 72, 6, 8, 2, 0, 1, 1, 1, 0, 0, 0, 1]}, 0.0008175196658969482], "LCC": [{"max": 1.0, "min": 0, "sm": 0.047619047619047616, "value": [3844, 7, 1, 2, 2, 0, 1, 17, 1, 0, 5, 0, 0, 0, 8, 0, 0, 0, 0, 0, 0, 127]}, 0.03554099472664528]}, "rate-30": {"ANB": [{"max": 0.0005712368084490077, "min": 0.0, "sm": 2.7201752783286084e-05, "value": [4773, 19, 7, 2, 2, 2, 2, 5, 0, 1, 1, 0, 1, 2, 0, 0, 0, 0, 0, 0, 0, 1]}, 1.3613524565464658e-06], "ACC": [{"max": 0.01307867967614698, "min": 0.0, "sm": 0.0006227942702927133, "value": [3323, 340, 269, 166, 132, 202, 62, 120, 14, 104, 72, 9, 1, 1, 0, 1, 1, 0, 0, 0, 0, 1]}, 0.0009111654092420114], "LCC": [{"max": 1.0, "min": 0, "sm": 0.047619047619047616, "value": [4542, 8, 9, 8, 0, 0, 0, 17, 2, 0, 9, 0, 6, 0, 9, 1, 1, 0, 0, 3, 0, 203]}, 0.047925938018783754]}, "rate-35": {"ANB": [{"max": 0.0043423453111822875, "min": 0.0, "sm": 0.0002067783481515375, "value": [5593, 10, 11, 4, 0, 0, 0, 0, 0, 0, 0, 0, 1, 0, 0, 1, 0, 0, 0, 0, 0, 1]}, 4.804446385110051e-06], "ACC": [{"max": 0.04118951714274541, "min": 0.0, "sm": 0.0019614055782259717, "value": [4156, 213, 172, 268, 2, 8, 28, 52, 13, 223, 49, 49, 197, 182, 1, 0, 4, 1, 1, 1, 0, 1]}, 0.0038638617319491073], "LCC": [{"max": 1.0, "min": 0, "sm": 0.047619047619047616, "value": [5232, 13, 12, 17, 2, 1, 3, 42, 3, 0, 5, 0, 3, 0, 10, 1, 4, 4, 7, 0, 9, 253]}, 0.05480560948899226]}, "rate-40": {"ANB": [{"max": 0.0015816815280534039, "min": 0.0, "sm": 7.531816800254304e-05, "value": [6342, 34, 17, 11, 9, 2, 0, 0, 3, 1, 1, 0, 0, 0, 0, 0, 1, 0, 0, 2, 0, 1]}, 4.350736842920182e-06], "ACC": [{"max": 0.03830542025310825, "min": 0.0, "sm": 0.0018240676311003928, "value": [4123, 352, 393, 487, 401, 74, 178, 107, 51, 6, 250, 0, 0, 1, 0, 0, 0, 0, 0, 0, 0, 1]}, 0.00307907614756594], "LCC": [{"max": 1.0, "min": 0, "sm": 0.047619047619047616, "value": [5992, 17, 15, 16, 2, 6, 3, 39, 0, 1, 7, 1, 2, 0, 28, 3, 0, 1, 0, 0, 0, 291]}, 0.05296083221616426]}}