{"rate-5": {"ANB": [{"max": 8.717282947437897e-05, "min": 0.0, "sm": 4.1510871178275695e-06, "value": [800, 0, 0, 0, 0, 0, 0, 1, 0, 0, 0, 0, 0, 0, 0, 1, 0, 0, 0, 0, 0, 1]}, 2.4038051180446074e-07], "ACC": [{"max": 0.00997506234413965, "min": 0.0, "sm": 0.0004750029687685548, "value": [715, 0, 52, 6, 0, 3, 0, 9, 0, 7, 0, 8, 0, 1, 0, 0, 0, 0, 1, 0, 0, 1]}, 0.0002677099865635379], "LCC": [{"max": 1.0, "min": 0, "sm": 0.047619047619047616, "value": [799, 0, 0, 0, 0, 0, 0, 0, 0, 0, 0, 0, 0, 0, 0, 0, 0, 0, 0, 0, 0, 4]}, 0.0049813200498132005]}, "rate-10": {"ANB": [{"max": 0.015011925016120137, "min": 0.0, "sm": 0.000714853572196197, "value": [1603, 1, 0, 1, 0, 0, 0, 0, 0, 0, 0, 0, 0, 0, 0, 0, 0, 0, 0, 0, 0, 1]}, 1.1412211548153856e-05], "ACC": [{"max": 0.11467684612346979, "min": 0.0, "sm": 0.005460802196355704, "value": [1359, 4, 43, 0, 1, 0, 0, 15, 0, 0, 179, 4, 0, 0, 0, 0, 0, 0, 0, 0, 0, 1]}, 0.007920457796674595], "LCC": [{"max": 1.0, "min": 0, "sm": 0.047619047619047616, "value": [1572, 0, 1, 0, 1, 0, 0, 3, 0, 0, 0, 0, 0, 0, 0, 0, 0, 0, 0, 0, 0, 29]}, 0.018892596646853523]}, "rate-15": {"ANB": [{"max": 0.0006811528391030038, "min": 0.0, "sm": 3.243584948109542e-05, "value": [2384, 6, 4, 3, 5, 2, 0, 0, 2, 0, 0, 1, 0, 0, 0, 0, 1, 0, 0, 0, 0, 1]}, 1.8590961660401932e-06], "ACC": [{"max": 0.017812247463410254, "min": 0.0, "sm": 0.0008482022601623931, "value": [1898, 133, 34, 56, 49, 47, 56, 29, 13, 14, 48, 1, 2, 21, 4, 3, 0, 0, 0, 0, 0, 1]}, 0.0009922734979762472], "LCC": [{"max": 1.0, "min": 0, "sm": 0.047619047619047616, "value": [2344, 2, 1, 4, 2, 0, 1, 3, 0, 0, 2, 0, 0, 0, 2, 1, 0, 3, 0, 0, 0, 44]}, 0.021761759142415023]}, "rate-20": {"ANB": [{"max": 0.002038165146871492, "min": 0.0, "sm": 9.705548318435677e-05, "value": [3197, 12, 0, 0, 0, 0, 0, 0, 0, 0, 1, 0, 1, 0, 0, 0, 0, 0, 0, 0, 0, 1]}, 2.393385362591565e-06], "ACC": [{"max": 0.02485745118265597, "min": 0.0, "sm": 0.001183688151555046, "value": [2634, 105, 88, 103, 112, 8, 5, 11, 8, 13, 0, 19, 1, 102, 0, 1, 0, 0, 1, 0, 0, 1]}, 0.001268726828533963], "LCC": [{"max": 1.0, "min": 0, "sm": 0.047619047619047616, "value": [3114, 3, 2, 5, 2, 0, 1, 8, 0, 0, 0, 0, 1, 0, 6, 0, 0, 0, 0, 0, 0, 70]}, 0.024705865506607142]}, "rate-25": {"ANB": [{"max": 0.0030907274328040245, "min": 0.0, "sm": 0.00014717749680019163, "value": [3990, 7, 2, 5, 4, 1, 3, 0, 0, 0, 1, 0, 0, 0, 0, 1, 0, 0, 0, 0, 0, 1]}, 5.701023602684102e-06], "ACC": [{"max": 0.03944704173689958, "min": 0.0, "sm": 0.0018784305588999798, "value": [2977, 139, 181, 159, 24, 104, 35, 26, 125, 33, 0, 62, 146, 1, 0, 1, 0, 0, 1, 0, 0, 1]}, 0.003067495419102873], "LCC": [{"max": 1.0, "min": 0, "sm": 0.047619047619047616, "value": [3835, 8, 9, 9, 0, 0, 2, 17, 3, 0, 2, 0, 3, 0, 2, 0, 0, 3, 0, 0, 0, 122]}, 0.03472473430606626]}, "rate-30": {"ANB": [{"max": 0.013747281166209253, "min": 0.0, "sm": 0.0006546324364861549, "value": [4810, 4, 3, 0, 0, 0, 0, 0, 0, 0, 0, 0, 0, 0, 0, 0, 0, 0, 0, 0, 0, 1]}, 6.464402180851355e-06], "ACC": [{"max": 0.1023447362662642, "min": 0.0, "sm": 0.004873558869822105, "value": [3855, 290, 66, 2, 0, 0, 10, 0, 110, 6, 0, 470, 6, 2, 0, 0, 0, 0, 0, 0, 1, 0]}, 0.007768508152423739], "LCC": [{"max": 1.0, "min": 0, "sm": 0.047619047619047616, "value": [4280, 13, 13, 9, 3, 3, 2, 28, 2, 0, 3, 0, 0, 0, 19, 0, 0, 0, 0, 0, 4, 439]}, 0.09821497930481031]}, "rate-35": {"ANB": [{"max": 0.00457142614403334, "min": 0.0, "sm": 0.00021768695923968286, "value": [5596, 10, 7, 4, 0, 1, 0, 1, 1, 0, 0, 0, 0, 0, 0, 0, 0, 0, 0, 0, 0, 1]}, 5.380545032336693e-06], "ACC": [{"max": 0.035143369029351265, "min": 0.0, "sm": 0.0016734937633024413, "value": [3949, 237, 94, 143, 262, 126, 172, 145, 107, 53, 28, 172, 57, 0, 64, 10, 1, 0, 0, 0, 0, 1]}, 0.0032612667466279167], "LCC": [{"max": 1.0, "min": 0, "sm": 0.047619047619047616, "value": [5239, 12, 8, 10, 9, 0, 6, 38, 1, 5, 7, 2, 10, 0, 18, 4, 1, 2, 4, 0, 0, 245]}, 0.053271187675639646]}, "rate-40": {"ANB": [{"max": 0.006433059954249298, "min": 0.0, "sm": 0.00030633618829758563, "value": [6355, 30, 11, 5, 6, 3, 5, 0, 0, 1, 0, 0, 1, 2, 0, 1, 1, 0, 1, 1, 0, 1]}, 1.7802169348039633e-05], "ACC": [{"max": 0.03684551512272719, "min": 0.0, "sm": 0.0017545483391774852, "value": [3933, 264, 7, 143, 189, 232, 83, 100, 287, 467, 202, 321, 64, 20, 103, 6, 1, 0, 1, 0, 0, 1]}, 0.00544170507004672], "LCC": [{"max": 1.0, "min": 0, "sm": 0.047619047619047616, "value": [5960, 18, 20, 13, 11, 0, 7, 48, 5, 2, 11, 0, 3, 0, 27, 1, 1, 6, 0, 0, 1, 290]}, 0.054805887872475624]}}