{"rate-5": {"ANB": [{"max": 0.1630212481013561, "min": 0.0, "sm": 0.007762916576255052, "value": [778, 14, 3, 0, 2, 0, 0, 2, 1, 0, 1, 0, 1, 1, 0, 0, 0, 0, 0, 0, 0, 1]}, 0.0015459745956138379], "ACC": [{"max": 0.1500406294926843, "min": 0.0012453300124533001, "sm": 0.0070854904514395705, "value": [158, 14, 40, 49, 36, 16, 19, 84, 42, 21, 32, 12, 56, 116, 21, 33, 50, 1, 1, 2, 0, 1]}, 0.05698211768666546], "LCC": [{"max": 1.0, "min": 0, "sm": 0.047619047619047616, "value": [475, 8, 14, 17, 2, 4, 7, 27, 8, 3, 8, 1, 2, 0, 16, 2, 0, 7, 2, 0, 0, 201]}, 0.30909124533713483]}, "rate-10": {"ANB": [{"max": 0.09939283438090127, "min": 0.0, "sm": 0.004732992113376251, "value": [1589, 5, 2, 5, 1, 1, 1, 1, 0, 0, 0, 0, 0, 0, 1, 0, 0, 0, 0, 0, 0, 1]}, 0.00046489355893538004], "ACC": [{"max": 0.14804263604577778, "min": 0.0006226650062266501, "sm": 0.007019998620931006, "value": [237, 78, 22, 126, 133, 146, 56, 188, 23, 104, 4, 215, 114, 32, 45, 78, 2, 0, 2, 1, 0, 1]}, 0.050386176849225396], "LCC": [{"max": 1.0, "min": 0, "sm": 0.047619047619047616, "value": [930, 26, 27, 24, 17, 10, 12, 60, 12, 10, 14, 4, 6, 6, 27, 6, 12, 22, 4, 1, 1, 376]}, 0.30899755923335037]}, "rate-15": {"ANB": [{"max": 0.11628322380789337, "min": 0.0, "sm": 0.005537296371804446, "value": [2372, 16, 7, 1, 1, 0, 3, 1, 1, 0, 0, 1, 1, 1, 1, 1, 0, 1, 0, 0, 0, 1]}, 0.0006468525936208931], "ACC": [{"max": 0.15623159209255202, "min": 0.0004152823920265781, "sm": 0.007419824271453593, "value": [231, 60, 78, 84, 8, 33, 257, 228, 374, 156, 110, 194, 383, 0, 114, 93, 2, 0, 2, 1, 0, 1]}, 0.06255112041284885], "LCC": [{"max": 1.0, "min": 0, "sm": 0.047619047619047616, "value": [1379, 32, 37, 33, 25, 12, 12, 87, 12, 17, 26, 9, 14, 4, 71, 10, 11, 14, 12, 14, 10, 568]}, 0.32014622917888325]}, "rate-20": {"ANB": [{"max": 0.1109551626032747, "min": 0.0, "sm": 0.00528357917158451, "value": [3180, 11, 7, 2, 1, 0, 2, 2, 0, 0, 0, 1, 0, 2, 0, 0, 3, 0, 0, 0, 0, 1]}, 0.0004556056930290935], "ACC": [{"max": 0.1507881234276618, "min": 0.0003114294612270321, "sm": 0.007165556855544512, "value": [408, 21, 32, 199, 16, 6, 124, 435, 596, 215, 134, 243, 517, 1, 137, 120, 3, 0, 3, 1, 0, 1]}, 0.06018050209501612], "LCC": [{"max": 1.0, "min": 0, "sm": 0.047619047619047616, "value": [1805, 50, 49, 60, 35, 4, 13, 151, 17, 17, 26, 8, 16, 8, 69, 23, 6, 28, 21, 8, 21, 777]}, 0.3250451677928502]}, "rate-25": {"ANB": [{"max": 0.12184191485819768, "min": 0.0, "sm": 0.005801995945628461, "value": [3980, 19, 2, 1, 1, 1, 2, 1, 1, 0, 1, 2, 1, 0, 0, 2, 0, 0, 0, 0, 0, 1]}, 0.0004007402271141445], "ACC": [{"max": 0.15187728675219966, "min": 0.00024912805181863477, "sm": 0.007220388509541953, "value": [231, 261, 80, 192, 12, 28, 457, 254, 743, 219, 237, 230, 791, 5, 134, 133, 3, 0, 3, 1, 0, 1]}, 0.06123734807570101], "LCC": [{"max": 1.0, "min": 0, "sm": 0.047619047619047616, "value": [2254, 51, 57, 73, 42, 19, 15, 204, 19, 16, 35, 20, 32, 12, 97, 29, 22, 22, 23, 11, 30, 932]}, 0.322083912497573]}, "rate-30": {"ANB": [{"max": 0.1182292365981543, "min": 0.0, "sm": 0.005629963647531157, "value": [4775, 21, 7, 3, 1, 0, 3, 0, 2, 0, 0, 0, 0, 0, 1, 3, 0, 1, 0, 1, 0, 1]}, 0.000375471688392756], "ACC": [{"max": 0.15149245733370745, "min": 0.00020755500207555002, "sm": 0.007204042968172947, "value": [231, 149, 132, 197, 10, 1, 203, 498, 437, 1027, 348, 390, 863, 7, 177, 141, 3, 0, 3, 1, 0, 1]}, 0.06581823966815786], "LCC": [{"max": 1.0, "min": 0, "sm": 0.047619047619047616, "value": [2710, 65, 77, 91, 46, 12, 30, 272, 22, 18, 33, 23, 30, 19, 111, 16, 29, 41, 22, 3, 36, 1113]}, 0.3177377242508834]}, "rate-35": {"ANB": [{"max": 0.14204838112565082, "min": 0.0, "sm": 0.006764208625030991, "value": [5572, 25, 6, 2, 2, 3, 2, 1, 1, 0, 0, 0, 1, 0, 0, 1, 1, 1, 1, 1, 0, 1]}, 0.0004100127198265926], "ACC": [{"max": 0.147712955949801, "min": 0.00017793594306049823, "sm": 0.007025477143178118, "value": [100, 36, 71, 319, 80, 71, 192, 281, 862, 432, 1234, 302, 1246, 30, 107, 250, 4, 0, 1, 2, 0, 1]}, 0.06838944596332826], "LCC": [{"max": 1.0, "min": 0, "sm": 0.047619047619047616, "value": [3199, 78, 68, 103, 46, 16, 20, 308, 25, 14, 52, 14, 31, 13, 128, 34, 17, 38, 37, 16, 41, 1323]}, 0.3195942447955284]}, "rate-40": {"ANB": [{"max": 0.19754377090374095, "min": 0.0, "sm": 0.009406846233511474, "value": [6377, 21, 7, 2, 5, 1, 0, 4, 0, 1, 0, 1, 1, 0, 1, 2, 0, 0, 0, 1, 0, 1]}, 0.0004844701083268378], "ACC": [{"max": 0.1478885114821143, "min": 0.00015566625155666251, "sm": 0.0070348973919313156, "value": [78, 0, 0, 0, 7, 84, 181, 373, 1225, 633, 564, 1268, 1465, 147, 118, 273, 4, 0, 2, 1, 1, 1]}, 0.07434155077538944], "LCC": [{"max": 1.0, "min": 0, "sm": 0.047619047619047616, "value": [3684, 79, 114, 131, 39, 17, 27, 360, 23, 20, 48, 14, 49, 13, 173, 23, 19, 56, 32, 15, 37, 1452]}, 0.3104792604790496]}}