{"rate-5": {"ANB": [{"max": 0.6876312002126719, "min": 0.0, "sm": 0.03274434286727009, "value": [689, 9, 5, 3, 1, 1, 0, 3, 0, 0, 1, 1, 0, 1, 0, 0, 0, 0, 0, 0, 0, 1]}, 0.006960830605744394], "ACC": [{"max": 0.2950413223140496, "min": 0.07993730407523511, "sm": 0.010243048487562596, "value": [4, 5, 15, 25, 149, 12, 24, 18, 14, 73, 8, 76, 11, 220, 16, 28, 14, 1, 1, 0, 0, 1]}, 0.1791087918561201], "LCC": [{"max": 1.0, "min": 0, "sm": 0.047619047619047616, "value": [465, 5, 6, 3, 4, 1, 2, 9, 3, 2, 4, 0, 0, 0, 10, 0, 0, 1, 0, 2, 0, 198]}, 0.30480874313929845]}, "rate-10": {"ANB": [{"max": 0.53290468378048, "min": 0.0, "sm": 0.025376413513356188, "value": [1698, 13, 4, 1, 2, 0, 1, 1, 0, 0, 0, 0, 0, 0, 0, 1, 1, 0, 2, 2, 2, 1]}, 0.004077909835536394], "ACC": [{"max": 0.19146814404432133, "min": 0.06261777069140455, "sm": 0.006135732064424608, "value": [4, 1, 5, 54, 61, 28, 15, 122, 8, 518, 2, 613, 35, 0, 60, 184, 10, 1, 3, 3, 1, 1]}, 0.12734097423551874], "LCC": [{"max": 1.0, "min": 0, "sm": 0.047619047619047616, "value": [1250, 34, 13, 10, 8, 4, 4, 37, 2, 5, 11, 2, 1, 0, 18, 0, 0, 1, 0, 2, 0, 327]}, 0.21664032997237967]}, "rate-15": {"ANB": [{"max": 0.5560791861141272, "min": 0.0, "sm": 0.026479961243529866, "value": [2385, 11, 7, 0, 1, 1, 1, 1, 0, 0, 0, 0, 0, 0, 2, 0, 0, 1, 3, 2, 0, 1]}, 0.0030296372329606004], "ACC": [{"max": 0.18490161549651635, "min": 0.05886367514076096, "sm": 0.006001806683607399, "value": [3, 4, 9, 15, 129, 44, 54, 43, 188, 259, 496, 559, 307, 3, 33, 225, 36, 0, 3, 3, 2, 1]}, 0.12304023336281553], "LCC": [{"max": 1.0, "min": 0, "sm": 0.047619047619047616, "value": [1761, 34, 19, 21, 6, 2, 6, 56, 3, 3, 11, 0, 3, 0, 26, 0, 0, 1, 0, 2, 0, 462]}, 0.2165528885775954]}, "rate-20": {"ANB": [{"max": 0.5667192108862387, "min": 0.0, "sm": 0.02698662908982089, "value": [3123, 11, 5, 1, 1, 0, 3, 0, 0, 0, 0, 0, 0, 1, 1, 0, 0, 2, 2, 2, 0, 1]}, 0.002346958531400497], "ACC": [{"max": 0.18269286500898393, "min": 0.05891698910260005, "sm": 0.005894089328875423, "value": [8, 5, 4, 23, 173, 60, 70, 53, 258, 267, 753, 727, 397, 7, 38, 225, 75, 1, 3, 3, 2, 1]}, 0.12173178476682311], "LCC": [{"max": 1.0, "min": 0, "sm": 0.047619047619047616, "value": [2276, 41, 25, 22, 7, 8, 7, 69, 2, 3, 14, 0, 4, 0, 41, 3, 0, 0, 3, 0, 1, 627]}, 0.2255474670449867]}, "rate-25": {"ANB": [{"max": 0.5615971642556108, "min": 0.0, "sm": 0.02674272210741004, "value": [3926, 11, 5, 3, 0, 0, 3, 0, 0, 0, 0, 0, 1, 0, 1, 0, 1, 1, 2, 1, 1, 1]}, 0.0019015510061931383], "ACC": [{"max": 0.18236297423131886, "min": 0.05864563567362429, "sm": 0.005891301836080694, "value": [11, 6, 5, 38, 201, 85, 83, 79, 436, 453, 792, 1171, 209, 9, 131, 155, 84, 0, 3, 3, 2, 1]}, 0.11990215358250317], "LCC": [{"max": 1.0, "min": 0, "sm": 0.047619047619047616, "value": [2899, 33, 29, 30, 13, 3, 8, 72, 14, 3, 16, 3, 5, 0, 57, 4, 0, 0, 3, 2, 1, 762]}, 0.2198225627035652]}, "rate-30": {"ANB": [{"max": 0.5972270058176884, "min": 0.0, "sm": 0.028439381229413734, "value": [5371, 14, 3, 1, 0, 3, 0, 0, 0, 1, 4, 1, 0, 0, 0, 1, 0, 3, 2, 0, 1, 1]}, 0.0017192020640763941], "ACC": [{"max": 0.14852165311057375, "min": 0.05670195021138655, "sm": 0.0043723668047232, "value": [12, 6, 42, 271, 270, 432, 330, 54, 594, 161, 1362, 524, 162, 921, 88, 55, 112, 3, 1, 2, 3, 1]}, 0.09950885102682121], "LCC": [{"max": 1.0, "min": 0, "sm": 0.047619047619047616, "value": [4030, 66, 62, 66, 22, 4, 15, 178, 9, 4, 23, 2, 4, 0, 60, 3, 2, 2, 0, 4, 1, 849]}, 0.18736462038784488]}, "rate-35": {"ANB": [{"max": 0.594076755407023, "min": 0.0, "sm": 0.028289369305096332, "value": [5572, 14, 3, 1, 1, 2, 0, 0, 0, 1, 3, 2, 0, 0, 0, 1, 0, 3, 2, 0, 1, 1]}, 0.0016626973735261177], "ACC": [{"max": 0.14841681668961135, "min": 0.056739167839033225, "sm": 0.004365602326218005, "value": [8, 21, 40, 292, 322, 391, 350, 59, 616, 171, 1423, 542, 161, 936, 94, 56, 115, 3, 1, 2, 3, 1]}, 0.09924989509851456], "LCC": [{"max": 1.0, "min": 0, "sm": 0.047619047619047616, "value": [4169, 72, 65, 68, 18, 7, 14, 180, 12, 4, 22, 2, 6, 0, 64, 4, 2, 5, 0, 4, 1, 888]}, 0.18921625570746717]}, "rate-40": {"ANB": [{"max": 0.5769533888920264, "min": 0.0, "sm": 0.027473970899620306, "value": [6390, 14, 3, 2, 2, 0, 0, 0, 1, 0, 0, 0, 1, 0, 3, 1, 0, 3, 1, 2, 1, 1]}, 0.0015451642965490576], "ACC": [{"max": 0.13695476058499978, "min": 0.055836107465384914, "sm": 0.0038627930056959457, "value": [32, 33, 9, 16, 67, 648, 1083, 96, 980, 65, 746, 1209, 214, 919, 8, 81, 207, 4, 1, 2, 4, 1]}, 0.09318564365535531], "LCC": [{"max": 1.0, "min": 0, "sm": 0.047619047619047616, "value": [3604, 124, 140, 193, 56, 15, 17, 634, 32, 15, 47, 24, 28, 12, 212, 31, 19, 57, 28, 29, 41, 1067]}, 0.2732208124968925]}}