{"rate-5": {"ANB": [{"max": 0.09234103289461167, "min": 0.0, "sm": 0.004397192042600555, "value": [781, 14, 2, 0, 1, 0, 1, 1, 0, 1, 0, 0, 1, 0, 0, 0, 0, 0, 0, 0, 0, 1]}, 0.0006980184810198044], "ACC": [{"max": 0.14455375920512037, "min": 0.0012468827930174563, "sm": 0.0068241369720049, "value": [195, 40, 95, 67, 37, 2, 64, 20, 19, 21, 11, 101, 33, 21, 25, 47, 1, 0, 2, 1, 0, 1]}, 0.042149816982052085], "LCC": [{"max": 1.0, "min": 0, "sm": 0.047619047619047616, "value": [489, 7, 6, 15, 12, 4, 4, 29, 5, 5, 11, 3, 8, 2, 16, 6, 5, 0, 9, 1, 0, 166]}, 0.2859743287188584]}, "rate-10": {"ANB": [{"max": 0.10519815709251733, "min": 0.0, "sm": 0.0050094360520246345, "value": [1584, 8, 4, 3, 2, 0, 1, 1, 1, 0, 0, 1, 0, 0, 0, 0, 0, 0, 0, 0, 0, 1]}, 0.0005166163822141973], "ACC": [{"max": 0.14702618803870413, "min": 0.0006230529595015577, "sm": 0.006971577860914409, "value": [218, 70, 12, 128, 172, 141, 195, 67, 25, 73, 29, 102, 218, 9, 64, 77, 2, 0, 2, 1, 0, 1]}, 0.049874198075012366], "LCC": [{"max": 1.0, "min": 0, "sm": 0.047619047619047616, "value": [931, 23, 17, 39, 13, 11, 10, 64, 15, 5, 18, 7, 6, 11, 34, 6, 14, 7, 3, 4, 11, 357]}, 0.3050226223918502]}, "rate-15": {"ANB": [{"max": 0.13025946294137902, "min": 0.0, "sm": 0.006202831568637096, "value": [2386, 13, 1, 3, 0, 2, 0, 2, 0, 0, 0, 0, 1, 0, 0, 0, 0, 0, 0, 0, 0, 1]}, 0.0004148160781681491], "ACC": [{"max": 0.16098213141685658, "min": 0.0004152823920265781, "sm": 0.0076460404297538104, "value": [331, 9, 88, 328, 160, 110, 32, 330, 72, 107, 41, 186, 403, 2, 115, 88, 3, 0, 2, 1, 0, 1]}, 0.05696309073718906], "LCC": [{"max": 1.0, "min": 0, "sm": 0.047619047619047616, "value": [1335, 25, 40, 40, 27, 6, 18, 105, 21, 8, 26, 6, 12, 7, 70, 9, 11, 17, 11, 3, 14, 598]}, 0.3328659728439224]}, "rate-20": {"ANB": [{"max": 0.10568594737954147, "min": 0.0, "sm": 0.005032664160930546, "value": [3172, 13, 10, 1, 4, 0, 1, 2, 2, 0, 0, 0, 0, 1, 1, 2, 1, 0, 0, 1, 0, 1]}, 0.0005040579278249912], "ACC": [{"max": 0.14624599864196333, "min": 0.0003114294612270321, "sm": 0.006949265199082681, "value": [317, 73, 43, 189, 72, 83, 272, 264, 256, 419, 234, 233, 505, 4, 127, 114, 2, 0, 3, 1, 0, 1]}, 0.05865873689097092], "LCC": [{"max": 1.0, "min": 0, "sm": 0.047619047619047616, "value": [1782, 38, 37, 63, 31, 9, 20, 143, 10, 9, 27, 19, 28, 6, 97, 14, 14, 23, 17, 18, 18, 789]}, 0.3352438720283769]}, "rate-25": {"ANB": [{"max": 0.14168141118677843, "min": 0.0, "sm": 0.006746733866037068, "value": [3985, 15, 2, 4, 0, 1, 1, 0, 0, 3, 0, 0, 0, 0, 1, 2, 0, 0, 0, 0, 0, 1]}, 0.00039426696537630656], "ACC": [{"max": 0.13917467989330284, "min": 0.00024912805181863477, "sm": 0.006615502468642105, "value": [361, 100, 0, 22, 318, 382, 231, 199, 513, 321, 45, 266, 73, 843, 5, 155, 175, 1, 1, 1, 2, 1]}, 0.05912464698175569], "LCC": [{"max": 1.0, "min": 0, "sm": 0.047619047619047616, "value": [2254, 59, 60, 81, 27, 15, 20, 185, 17, 7, 41, 13, 47, 5, 108, 30, 14, 21, 25, 7, 25, 954]}, 0.324063637144338]}, "rate-30": {"ANB": [{"max": 0.11541030231640541, "min": 0.0, "sm": 0.005495728681733591, "value": [4783, 15, 4, 2, 2, 1, 0, 2, 2, 0, 0, 0, 0, 0, 1, 3, 0, 0, 0, 0, 2, 1]}, 0.0003686758608185807], "ACC": [{"max": 0.14826039298856492, "min": 0.00020759809009757111, "sm": 0.007050133090403207, "value": [381, 40, 133, 183, 10, 2, 183, 223, 647, 1035, 407, 238, 1018, 7, 151, 152, 3, 0, 2, 2, 0, 1]}, 0.06448874155948436], "LCC": [{"max": 1.0, "min": 0, "sm": 0.047619047619047616, "value": [2724, 63, 71, 94, 58, 12, 18, 269, 23, 11, 47, 13, 32, 12, 116, 31, 15, 30, 18, 17, 27, 1117]}, 0.31604681916492544]}, "rate-35": {"ANB": [{"max": 0.13047014482510091, "min": 0.0, "sm": 0.00621286403929052, "value": [5574, 25, 4, 1, 2, 0, 5, 2, 1, 0, 0, 0, 0, 1, 0, 1, 0, 2, 1, 0, 1, 1]}, 0.0003893816278571207], "ACC": [{"max": 0.1457509144647567, "min": 0.00017793594306049823, "sm": 0.006932046596271247, "value": [98, 162, 135, 237, 72, 89, 217, 200, 877, 720, 890, 346, 1221, 9, 105, 235, 3, 0, 2, 2, 0, 1]}, 0.06610243832076526], "LCC": [{"max": 1.0, "min": 0, "sm": 0.047619047619047616, "value": [3233, 75, 70, 113, 51, 17, 18, 321, 29, 18, 51, 20, 32, 9, 146, 29, 23, 31, 26, 23, 32, 1254]}, 0.3084997880385885]}, "rate-40": {"ANB": [{"max": 0.5448542063559829, "min": 0.0, "sm": 0.025945438397903947, "value": [6392, 11, 4, 2, 1, 1, 0, 0, 1, 0, 2, 0, 2, 0, 0, 0, 1, 1, 2, 2, 1, 1]}, 0.0013653328115082876], "ACC": [{"max": 0.1466738715190191, "min": 0.00015569048731122528, "sm": 0.006977056239605136, "value": [154, 1, 0, 0, 0, 0, 0, 0, 26, 95, 221, 1030, 519, 868, 1936, 317, 1019, 219, 11, 2, 5, 1]}, 0.09530648118740857], "LCC": [{"max": 1.0, "min": 0, "sm": 0.047619047619047616, "value": [3699, 81, 87, 114, 49, 20, 26, 377, 19, 16, 54, 15, 48, 7, 186, 18, 14, 42, 29, 23, 44, 1456]}, 0.31092256647506494]}}