{"rate-5": {"ANB": [{"max": 0.0007191758431636265, "min": 0.0, "sm": 3.424646872207745e-05, "value": [792, 7, 1, 0, 1, 0, 0, 0, 1, 0, 0, 0, 0, 0, 0, 0, 0, 0, 0, 0, 0, 1]}, 2.8341637762751805e-06], "ACC": [{"max": 0.02743142144638404, "min": 0.0012468827930174563, "sm": 0.0012468827930174563, "value": [574, 119, 35, 19, 15, 1, 14, 1, 0, 1, 22, 0, 0, 1, 0, 0, 0, 0, 0, 0, 0, 1]}, 0.0024792084451061495], "LCC": [{"max": 0, "min": 0, "sm": 0.0, "value": [803, 0, 0, 0, 0, 0, 0, 0, 0, 0, 0, 0, 0, 0, 0, 0, 0, 0, 0, 0, 0, 0]}, 0.0]}, "rate-10": {"ANB": [{"max": 0.0036039185525283367, "min": 0.0, "sm": 0.00017161516916801604, "value": [1597, 3, 1, 4, 0, 0, 0, 0, 0, 0, 0, 0, 0, 0, 0, 0, 0, 0, 0, 0, 0, 1]}, 5.931041276361229e-06], "ACC": [{"max": 0.04243830229115574, "min": 0.0006230529595015577, "sm": 0.0019912023491263898, "value": [1245, 137, 42, 50, 30, 0, 2, 17, 8, 2, 0, 0, 70, 2, 0, 0, 0, 0, 0, 0, 0, 1]}, 0.003087142639089714], "LCC": [{"max": 1.0, "min": 0, "sm": 0.047619047619047616, "value": [1597, 0, 1, 1, 0, 0, 0, 5, 0, 0, 0, 0, 0, 0, 0, 0, 0, 0, 0, 0, 0, 2]}, 0.0024491490244914903]}, "rate-15": {"ANB": [{"max": 0.006872604405478484, "min": 0.0, "sm": 0.00032726687645135636, "value": [2395, 9, 1, 1, 1, 0, 0, 1, 0, 0, 0, 0, 0, 0, 0, 0, 0, 0, 0, 0, 0, 1]}, 9.820880686664123e-06], "ACC": [{"max": 0.04891213591379705, "min": 0.0004152823920265781, "sm": 0.002309373977227165, "value": [1818, 218, 41, 116, 0, 1, 3, 9, 16, 20, 37, 0, 0, 123, 0, 1, 5, 0, 0, 0, 0, 1]}, 0.004042437727213433], "LCC": [{"max": 1.0, "min": 0, "sm": 0.047619047619047616, "value": [2396, 0, 3, 1, 0, 0, 0, 4, 0, 0, 0, 0, 0, 0, 1, 0, 0, 0, 0, 0, 0, 4]}, 0.0026843780268437805]}, "rate-20": {"ANB": [{"max": 0.009711748264096064, "min": 0.0, "sm": 0.0004624642030521935, "value": [3201, 4, 4, 0, 1, 0, 1, 0, 0, 0, 0, 0, 0, 0, 0, 0, 0, 0, 0, 0, 0, 1]}, 1.0873263454358175e-05], "ACC": [{"max": 0.05562601247288078, "min": 0.0003114294612270321, "sm": 0.0026340277624597023, "value": [2349, 347, 132, 55, 0, 1, 3, 0, 55, 53, 47, 0, 1, 158, 3, 7, 0, 0, 0, 0, 0, 1]}, 0.004702162965749004], "LCC": [{"max": 1.0, "min": 0, "sm": 0.047619047619047616, "value": [3193, 2, 1, 5, 0, 0, 0, 7, 0, 0, 0, 0, 0, 0, 0, 0, 0, 0, 0, 0, 0, 4]}, 0.002342608615958553]}, "rate-25": {"ANB": [{"max": 0.011417510692650443, "min": 0.0, "sm": 0.0005436909853643067, "value": [3943, 34, 11, 5, 6, 5, 2, 1, 2, 4, 1, 0, 0, 0, 0, 0, 0, 0, 0, 0, 1, 1]}, 4.513133767417103e-05], "ACC": [{"max": 0.06121233566009383, "min": 0.00024906600249066, "sm": 0.002903012840838246, "value": [2400, 291, 143, 213, 318, 145, 58, 44, 10, 56, 98, 0, 2, 217, 15, 5, 0, 0, 0, 0, 0, 1]}, 0.0074272216586181395], "LCC": [{"max": 1.0, "min": 0, "sm": 0.047619047619047616, "value": [3920, 5, 13, 16, 3, 1, 1, 18, 0, 0, 0, 0, 0, 0, 0, 0, 0, 0, 0, 0, 0, 39]}, 0.012644704073110939]}, "rate-30": {"ANB": [{"max": 0.019600520952188796, "min": 0.0, "sm": 0.0009333581405804189, "value": [4766, 32, 6, 4, 3, 1, 0, 0, 3, 0, 0, 1, 0, 0, 1, 0, 0, 0, 0, 0, 0, 1]}, 4.578048658649353e-05], "ACC": [{"max": 0.06130214215747627, "min": 0.00020759809009757111, "sm": 0.0029092640032085094, "value": [2530, 383, 182, 202, 246, 119, 169, 124, 277, 199, 81, 5, 2, 246, 26, 26, 0, 0, 0, 0, 0, 1]}, 0.009594690928429437], "LCC": [{"max": 1.0, "min": 0, "sm": 0.047619047619047616, "value": [4641, 11, 24, 26, 12, 0, 3, 42, 0, 0, 4, 0, 0, 0, 8, 0, 0, 0, 0, 0, 0, 47]}, 0.016564513849514753]}, "rate-35": {"ANB": [{"max": 0.01892821843268259, "min": 0.0, "sm": 0.0009013437348896472, "value": [5564, 33, 11, 5, 0, 4, 0, 0, 0, 0, 2, 0, 0, 0, 0, 0, 0, 0, 0, 0, 1, 1]}, 4.506425473333334e-05], "ACC": [{"max": 0.06628841223794504, "min": 0.00017793594306049823, "sm": 0.003148117918804026, "value": [2626, 441, 477, 112, 112, 391, 258, 275, 177, 272, 109, 6, 5, 0, 320, 39, 0, 0, 0, 0, 0, 1]}, 0.011265066041880184], "LCC": [{"max": 1.0, "min": 0, "sm": 0.047619047619047616, "value": [5364, 13, 20, 31, 28, 8, 5, 60, 7, 0, 7, 0, 0, 0, 11, 0, 0, 0, 0, 0, 0, 67]}, 0.021132515355489302]}, "rate-40": {"ANB": [{"max": 0.020789908551192515, "min": 0.0, "sm": 0.0009899956452948816, "value": [6364, 40, 10, 3, 2, 2, 0, 0, 0, 0, 0, 0, 2, 0, 0, 0, 0, 0, 0, 0, 0, 1]}, 4.1240355494536814e-05], "ACC": [{"max": 0.06501600200216671, "min": 0.00015569048731122528, "sm": 0.0030885862626121663, "value": [2580, 475, 902, 223, 93, 288, 141, 232, 419, 208, 341, 72, 26, 347, 21, 55, 0, 0, 0, 0, 0, 1]}, 0.012192011084715243], "LCC": [{"max": 1.0, "min": 0, "sm": 0.047619047619047616, "value": [6083, 19, 28, 34, 33, 15, 14, 81, 2, 1, 5, 0, 0, 0, 11, 0, 0, 0, 0, 0, 0, 98]}, 0.02517754349895617]}}