{"rate-5": {"ANB": [{"max": 0.5794814111106714, "min": 0.0, "sm": 0.027594352910031972, "value": [784, 8, 2, 0, 0, 1, 1, 1, 3, 1, 0, 0, 1, 0, 0, 0, 0, 0, 0, 0, 0, 1]}, 0.004804109210247919], "ACC": [{"max": 0.35883668903803134, "min": 0.16757208524864187, "sm": 0.009107838275685213, "value": [39, 65, 145, 183, 183, 41, 42, 4, 9, 35, 39, 10, 3, 2, 0, 1, 0, 1, 0, 0, 0, 1]}, 0.20883670674243332], "LCC": [{"max": 1.0, "min": 0, "sm": 0.047619047619047616, "value": [484, 11, 21, 53, 24, 0, 4, 195, 0, 0, 0, 0, 0, 0, 1, 0, 0, 0, 0, 0, 0, 10]}, 0.11699122250471457]}, "rate-10": {"ANB": [{"max": 0.7273030117861844, "min": 0.0, "sm": 0.03463347675172307, "value": [1587, 14, 2, 0, 0, 0, 0, 0, 1, 1, 0, 0, 0, 0, 0, 0, 0, 0, 0, 0, 0, 1]}, 0.002185932885844225], "ACC": [{"max": 0.4134466769706337, "min": 0.14750482492417977, "sm": 0.012663897716497806, "value": [39, 19, 140, 72, 146, 165, 671, 64, 75, 70, 0, 127, 11, 2, 2, 0, 2, 0, 0, 0, 0, 1]}, 0.22683169040853524], "LCC": [{"max": 1.0, "min": 0, "sm": 0.047619047619047616, "value": [926, 35, 20, 31, 15, 4, 12, 96, 15, 5, 17, 4, 10, 6, 73, 4, 6, 17, 9, 5, 13, 283]}, 0.2851966941723369]}, "rate-15": {"ANB": [{"max": 0.2513871125519878, "min": 0.0, "sm": 0.01197081488342799, "value": [2370, 19, 7, 2, 3, 0, 1, 1, 2, 0, 0, 0, 0, 0, 0, 1, 1, 0, 1, 0, 0, 1]}, 0.001142253522020091], "ACC": [{"max": 0.16618255209573382, "min": 0.04685345811340707, "sm": 0.005682337808682226, "value": [1, 4, 34, 0, 76, 267, 100, 583, 536, 270, 213, 140, 91, 54, 27, 7, 2, 1, 1, 1, 0, 1]}, 0.09497891394402308], "LCC": [{"max": 1.0, "min": 0, "sm": 0.047619047619047616, "value": [1493, 41, 57, 61, 29, 4, 9, 287, 10, 4, 16, 4, 15, 9, 94, 7, 3, 14, 5, 2, 9, 236]}, 0.20316139734634014]}, "rate-20": {"ANB": [{"max": 0.3043698737034547, "min": 0.0, "sm": 0.014493803509688319, "value": [3187, 17, 3, 1, 1, 1, 0, 0, 0, 1, 0, 0, 0, 0, 0, 0, 0, 0, 0, 0, 0, 1]}, 0.0005664081567626699], "ACC": [{"max": 0.27049036264573206, "min": 0.016025219236217757, "sm": 0.012117387781405444, "value": [217, 181, 424, 317, 20, 28, 29, 51, 106, 301, 693, 471, 198, 8, 160, 3, 2, 2, 0, 0, 0, 1]}, 0.11069288011000881], "LCC": [{"max": 1.0, "min": 0, "sm": 0.047619047619047616, "value": [2001, 29, 30, 51, 17, 7, 13, 119, 21, 10, 49, 10, 26, 14, 204, 12, 11, 17, 16, 2, 31, 522]}, 0.26999922711206104]}, "rate-25": {"ANB": [{"max": 0.14572315816149312, "min": 0.0, "sm": 0.006939198007690149, "value": [3976, 19, 3, 2, 4, 2, 1, 3, 0, 2, 0, 0, 0, 1, 0, 0, 0, 0, 0, 0, 1, 1]}, 0.00046729582375198454], "ACC": [{"max": 0.17941811436999047, "min": 0.007809040146695175, "sm": 0.008171860677299777, "value": [221, 9, 0, 0, 0, 0, 44, 106, 417, 1092, 616, 1081, 29, 213, 164, 16, 2, 1, 3, 0, 0, 1]}, 0.08931279779377747], "LCC": [{"max": 1.0, "min": 0, "sm": 0.047619047619047616, "value": [2417, 75, 103, 127, 44, 5, 11, 548, 11, 9, 29, 16, 31, 11, 86, 16, 17, 21, 23, 20, 23, 372]}, 0.20570417060819257]}, "rate-30": {"ANB": [{"max": 0.09377564805406229, "min": 0.0, "sm": 0.004465507050193442, "value": [4773, 25, 2, 5, 0, 1, 0, 1, 1, 4, 0, 2, 2, 1, 0, 0, 0, 0, 0, 0, 0, 1]}, 0.0002822484103356379], "ACC": [{"max": 0.13603000631386772, "min": 0.03961274518510401, "sm": 0.004591298148988747, "value": [45, 65, 124, 412, 912, 585, 557, 387, 623, 866, 13, 72, 77, 69, 5, 1, 2, 2, 0, 0, 0, 1]}, 0.07030957873360992], "LCC": [{"max": 1.0, "min": 0, "sm": 0.047619047619047616, "value": [3034, 87, 90, 99, 46, 7, 3, 465, 8, 7, 12, 5, 21, 12, 50, 8, 4, 14, 9, 6, 23, 808]}, 0.23532260900776772]}, "rate-35": {"ANB": [{"max": 0.23480549593293223, "min": 0.0, "sm": 0.011181214092044391, "value": [5591, 18, 4, 1, 0, 0, 4, 0, 0, 0, 1, 0, 0, 0, 0, 0, 1, 0, 0, 0, 0, 1]}, 0.0003904240700777864], "ACC": [{"max": 0.22640086117339656, "min": 0.04139914636360078, "sm": 0.008809605467133132, "value": [128, 81, 1442, 437, 161, 152, 121, 455, 200, 1341, 687, 60, 73, 210, 68, 1, 1, 1, 0, 1, 0, 1]}, 0.10156850451831606], "LCC": [{"max": 1.0, "min": 0, "sm": 0.047619047619047616, "value": [3658, 104, 90, 155, 58, 8, 10, 604, 18, 8, 52, 11, 25, 12, 163, 12, 8, 19, 14, 3, 18, 571]}, 0.190613222898376]}, "rate-40": {"ANB": [{"max": 0.28996176210310504, "min": 0.0, "sm": 0.013807702957290715, "value": [6384, 18, 1, 6, 4, 2, 0, 0, 0, 0, 3, 0, 1, 0, 0, 1, 2, 0, 0, 0, 1, 1]}, 0.0006075418878317549], "ACC": [{"max": 0.14046887384981324, "min": 0.036941816914950056, "sm": 0.004929859854041104, "value": [24, 82, 117, 143, 240, 424, 528, 513, 1582, 1098, 1070, 177, 224, 179, 15, 2, 3, 2, 0, 0, 0, 1]}, 0.07850887470430978], "LCC": [{"max": 1.0, "min": 0, "sm": 0.047619047619047616, "value": [3611, 91, 117, 175, 60, 12, 25, 647, 19, 11, 42, 20, 30, 14, 159, 22, 18, 31, 33, 25, 23, 1239]}, 0.28583227034580166]}}