{"rate-5": {"ANB": [{"max": 0.585834885569746, "min": 0.0, "sm": 0.027896899312845044, "value": [16028, 12, 5, 2, 1, 1, 0, 0, 1, 0, 4, 0, 0, 0, 0, 0, 2, 2, 1, 1, 1, 1]}, 0.0005734245902417912], "ACC": [{"max": 0.15151457977604407, "min": 0.05742880844429824, "sm": 0.00448027482532123, "value": [63, 48, 37, 95, 456, 2749, 502, 689, 1940, 578, 4238, 1600, 593, 1927, 173, 86, 279, 2, 1, 2, 3, 1]}, 0.09977583363508934], "LCC": [{"max": 1.0, "min": 0, "sm": 0.047619047619047616, "value": [11123, 144, 142, 227, 73, 18, 19, 816, 39, 25, 82, 21, 51, 18, 350, 27, 27, 64, 34, 23, 40, 2699]}, 0.22431564262127449]}}