{"rate-5": {"ANB": [{"max": 0.0015442044078318562, "min": 0.0, "sm": 7.353354323008838e-05, "value": [793, 4, 1, 4, 0, 0, 0, 0, 0, 0, 0, 0, 0, 0, 0, 0, 0, 0, 0, 0, 0, 1]}, 4.788224710943698e-06], "ACC": [{"max": 0.0399002493765586, "min": 0.0012468827930174563, "sm": 0.0018406365039781499, "value": [645, 39, 24, 41, 15, 1, 2, 0, 3, 0, 32, 0, 0, 0, 0, 0, 0, 0, 0, 0, 0, 1]}, 0.0031560407135884662], "LCC": [{"max": 0, "min": 0, "sm": 0.0, "value": [803, 0, 0, 0, 0, 0, 0, 0, 0, 0, 0, 0, 0, 0, 0, 0, 0, 0, 0, 0, 0, 0]}, 0.0]}, "rate-10": {"ANB": [{"max": 0.003926321268479891, "min": 0.0, "sm": 0.0001869676794514234, "value": [1590, 4, 4, 3, 2, 0, 0, 1, 1, 0, 0, 0, 0, 0, 0, 0, 0, 0, 0, 0, 0, 1]}, 1.0089203808911689e-05], "ACC": [{"max": 0.041091102499810045, "min": 0.0006230529595015577, "sm": 0.0019270499781099278, "value": [1189, 171, 71, 59, 8, 2, 0, 6, 21, 7, 0, 1, 66, 3, 0, 1, 0, 0, 0, 0, 0, 1]}, 0.0032012039345830695], "LCC": [{"max": 1.0, "min": 0, "sm": 0.047619047619047616, "value": [1596, 0, 1, 2, 0, 0, 0, 2, 0, 0, 0, 0, 0, 0, 0, 0, 0, 0, 0, 0, 0, 5]}, 0.0038207524062199463]}, "rate-15": {"ANB": [{"max": 0.006846897269453573, "min": 0.0, "sm": 0.0003260427271168368, "value": [2400, 1, 1, 4, 0, 0, 1, 1, 0, 0, 0, 0, 0, 0, 0, 0, 0, 0, 0, 0, 0, 1]}, 9.572934353093296e-06], "ACC": [{"max": 0.04502951731488188, "min": 0.0004152823920265781, "sm": 0.002124487377278824, "value": [1778, 276, 59, 40, 45, 0, 4, 16, 6, 55, 7, 0, 3, 114, 1, 4, 0, 0, 0, 0, 0, 1]}, 0.003708949110043658], "LCC": [{"max": 1.0, "min": 0, "sm": 0.047619047619047616, "value": [2382, 1, 4, 6, 0, 0, 1, 9, 0, 0, 0, 0, 0, 0, 0, 0, 0, 0, 0, 0, 0, 6]}, 0.0044575498829176165]}, "rate-20": {"ANB": [{"max": 0.010023565799418082, "min": 0.0, "sm": 0.0004773126571151468, "value": [3183, 14, 9, 2, 0, 0, 2, 1, 0, 0, 0, 0, 0, 0, 0, 0, 0, 0, 0, 0, 0, 1]}, 1.776677390379023e-05], "ACC": [{"max": 0.054642565705703104, "min": 0.0003114294612270321, "sm": 0.0025871969640226702, "value": [2231, 292, 124, 137, 87, 5, 2, 27, 23, 80, 9, 1, 2, 181, 4, 6, 0, 0, 0, 0, 0, 1]}, 0.0052077910668036275], "LCC": [{"max": 1.0, "min": 0, "sm": 0.047619047619047616, "value": [3156, 4, 5, 11, 4, 0, 0, 18, 0, 0, 0, 0, 0, 0, 2, 0, 0, 0, 0, 0, 0, 12]}, 0.007097488180146959]}, "rate-25": {"ANB": [{"max": 0.010794942890631902, "min": 0.0, "sm": 0.0005140448995539001, "value": [3955, 35, 8, 5, 4, 1, 1, 3, 0, 0, 0, 1, 0, 0, 0, 0, 0, 0, 0, 0, 1, 1]}, 3.359155485100604e-05], "ACC": [{"max": 0.056637779675896276, "min": 0.00024912805181863477, "sm": 0.00268517388686084, "value": [2349, 307, 196, 184, 133, 199, 146, 34, 106, 1, 119, 1, 0, 221, 9, 2, 7, 0, 0, 0, 0, 1]}, 0.007228478421326803], "LCC": [{"max": 1.0, "min": 0, "sm": 0.047619047619047616, "value": [3882, 6, 14, 22, 12, 1, 3, 36, 0, 0, 2, 0, 0, 0, 4, 0, 0, 0, 0, 0, 0, 33]}, 0.014497528264144171]}, "rate-30": {"ANB": [{"max": 0.011945252728259621, "min": 0.0, "sm": 0.0005688215584885534, "value": [4755, 38, 13, 3, 1, 3, 3, 0, 0, 0, 0, 0, 0, 0, 0, 0, 1, 0, 0, 0, 0, 1]}, 2.9188251987065677e-05], "ACC": [{"max": 0.058243453518025796, "min": 0.00020759809009757111, "sm": 0.0027636121632346774, "value": [2583, 540, 240, 274, 164, 149, 198, 87, 132, 125, 12, 11, 3, 258, 15, 26, 0, 0, 0, 0, 0, 1]}, 0.0077955794289298955], "LCC": [{"max": 1.0, "min": 0, "sm": 0.047619047619047616, "value": [4673, 18, 12, 19, 12, 0, 4, 32, 1, 0, 1, 0, 0, 0, 4, 0, 0, 0, 0, 0, 0, 42]}, 0.013614314674470055]}, "rate-35": {"ANB": [{"max": 0.017164997085595633, "min": 0.0, "sm": 0.0008173808135997921, "value": [5568, 32, 11, 1, 2, 4, 0, 0, 1, 0, 0, 0, 1, 0, 0, 0, 0, 0, 0, 0, 0, 1]}, 3.8428292384887825e-05], "ACC": [{"max": 0.06570866411168902, "min": 0.00017793594306049823, "sm": 0.0031205108651727867, "value": [2560, 531, 501, 277, 330, 238, 337, 122, 138, 139, 85, 6, 2, 0, 324, 30, 0, 0, 0, 0, 0, 1]}, 0.01019386472261281], "LCC": [{"max": 1.0, "min": 0, "sm": 0.047619047619047616, "value": [5401, 16, 25, 28, 16, 9, 11, 46, 2, 0, 2, 0, 0, 0, 7, 0, 0, 0, 0, 0, 0, 58]}, 0.0173285053228465]}, "rate-40": {"ANB": [{"max": 0.03808066913980798, "min": 0.0, "sm": 0.0018133651971337134, "value": [6372, 27, 12, 3, 1, 1, 1, 1, 1, 0, 0, 0, 0, 3, 0, 1, 0, 0, 0, 0, 0, 1]}, 8.484251583951359e-05], "ACC": [{"max": 0.06294877782967462, "min": 0.00015569048731122528, "sm": 0.002990147016303019, "value": [2408, 425, 300, 594, 169, 251, 262, 343, 360, 488, 277, 60, 61, 363, 25, 37, 0, 0, 0, 0, 0, 1]}, 0.013384481514821196], "LCC": [{"max": 1.0, "min": 0, "sm": 0.047619047619047616, "value": [6087, 21, 26, 39, 20, 19, 19, 79, 3, 2, 5, 1, 0, 0, 12, 0, 0, 0, 0, 0, 0, 91]}, 0.02437519247275485]}}