{"rate-5": {"ANB": [{"max": 0.0004452040933870069, "min": 0.0, "sm": 2.1200194923190805e-05, "value": [798, 1, 1, 1, 0, 0, 0, 0, 1, 0, 0, 0, 0, 0, 0, 0, 0, 0, 0, 0, 0, 1]}, 1.0390641477999273e-06], "ACC": [{"max": 0.01756478369294156, "min": 0.0, "sm": 0.0008364182710924551, "value": [701, 50, 11, 6, 6, 8, 0, 2, 0, 2, 2, 0, 13, 0, 0, 1, 0, 0, 0, 0, 0, 1]}, 0.00046584802743343285], "LCC": [{"max": 1.0, "min": 0, "sm": 0.047619047619047616, "value": [800, 0, 0, 0, 0, 0, 0, 0, 0, 0, 0, 0, 0, 0, 0, 0, 0, 0, 0, 0, 0, 3]}, 0.0037359900373599006]}, "rate-10": {"ANB": [{"max": 0.0007271540774232643, "min": 0.0, "sm": 3.462638463920307e-05, "value": [1597, 1, 1, 2, 2, 0, 0, 0, 0, 0, 1, 0, 0, 0, 0, 1, 0, 0, 0, 0, 0, 1]}, 1.4952164248619693e-06], "ACC": [{"max": 0.015746843744876213, "min": 0.0, "sm": 0.0007498497021369625, "value": [1427, 65, 31, 19, 12, 2, 0, 0, 7, 1, 2, 6, 11, 17, 3, 0, 1, 0, 1, 0, 0, 1]}, 0.00047259546773148324], "LCC": [{"max": 1.0, "min": 0, "sm": 0.047619047619047616, "value": [1582, 0, 0, 0, 0, 0, 0, 2, 0, 0, 2, 0, 0, 0, 0, 0, 0, 0, 0, 0, 0, 20]}, 0.013500906687640646]}, "rate-15": {"ANB": [{"max": 0.00037939592026025974, "min": 0.0, "sm": 1.8066472393345703e-05, "value": [2390, 5, 1, 2, 1, 1, 2, 2, 0, 1, 2, 1, 0, 0, 0, 0, 0, 0, 0, 0, 0, 1]}, 9.631375776603943e-07], "ACC": [{"max": 0.013723861637678325, "min": 0.0, "sm": 0.000653517220841825, "value": [2024, 103, 59, 14, 26, 11, 4, 3, 28, 40, 47, 12, 4, 21, 3, 3, 5, 0, 1, 0, 0, 1]}, 0.0006778708552476732], "LCC": [{"max": 1.0, "min": 0, "sm": 0.047619047619047616, "value": [2334, 6, 3, 6, 0, 0, 0, 2, 0, 1, 0, 0, 0, 1, 4, 1, 1, 3, 0, 0, 0, 47]}, 0.023750035631949044]}, "rate-20": {"ANB": [{"max": 0.01427113378757406, "min": 0.0, "sm": 0.0006795777994082886, "value": [3206, 4, 1, 0, 0, 0, 0, 0, 0, 0, 0, 0, 0, 0, 0, 0, 0, 0, 0, 0, 0, 1]}, 7.674672672700466e-06], "ACC": [{"max": 0.10771935098963364, "min": 0.0, "sm": 0.005129492904268269, "value": [2627, 113, 82, 2, 0, 0, 0, 46, 0, 0, 0, 341, 0, 0, 0, 0, 0, 0, 0, 0, 0, 1]}, 0.007758385263092829], "LCC": [{"max": 1.0, "min": 0, "sm": 0.047619047619047616, "value": [3049, 7, 4, 1, 1, 0, 0, 8, 2, 1, 3, 1, 3, 0, 9, 0, 3, 2, 0, 0, 0, 118]}, 0.042713846570821494]}, "rate-25": {"ANB": [{"max": 0.012374767059373924, "min": 0.0, "sm": 0.0005892746218749488, "value": [4007, 5, 0, 0, 2, 0, 0, 0, 0, 0, 0, 0, 0, 0, 0, 0, 0, 0, 0, 0, 0, 1]}, 7.402007049108873e-06], "ACC": [{"max": 0.09994009833856088, "min": 0.0, "sm": 0.004759052301836232, "value": [3042, 261, 153, 80, 12, 0, 13, 0, 50, 0, 0, 401, 1, 1, 0, 0, 0, 0, 0, 0, 0, 1]}, 0.007559268898041346], "LCC": [{"max": 1.0, "min": 0, "sm": 0.047619047619047616, "value": [3656, 6, 6, 3, 5, 2, 0, 15, 2, 0, 6, 0, 2, 0, 2, 0, 0, 1, 0, 0, 0, 309]}, 0.08079896330058574]}, "rate-30": {"ANB": [{"max": 0.011286723653836737, "min": 0.0, "sm": 0.0005374630311350828, "value": [4813, 3, 1, 0, 0, 0, 0, 0, 0, 0, 0, 0, 0, 0, 0, 0, 0, 0, 0, 0, 1, 0]}, 5.424348944990318e-06], "ACC": [{"max": 0.10526663154698977, "min": 0.0, "sm": 0.005012696740332846, "value": [3495, 554, 91, 163, 0, 0, 1, 6, 0, 0, 507, 0, 0, 0, 0, 0, 0, 0, 0, 0, 0, 1]}, 0.007686635479496993], "LCC": [{"max": 1.0, "min": 0, "sm": 0.047619047619047616, "value": [4497, 14, 4, 12, 2, 2, 5, 28, 3, 0, 8, 0, 0, 1, 11, 0, 3, 1, 0, 0, 0, 227]}, 0.053721515715829574]}, "rate-35": {"ANB": [{"max": 0.0053732601449454345, "min": 0.0, "sm": 0.00025586953071168736, "value": [5601, 6, 4, 2, 2, 2, 0, 1, 0, 0, 0, 0, 0, 1, 1, 0, 0, 0, 0, 0, 0, 1]}, 6.4137593087044465e-06], "ACC": [{"max": 0.026897563336122508, "min": 0.0, "sm": 0.001280836349339167, "value": [3981, 348, 175, 91, 1, 97, 30, 34, 50, 87, 250, 142, 209, 60, 9, 45, 7, 0, 2, 1, 1, 1]}, 0.002874781311193545], "LCC": [{"max": 1.0, "min": 0, "sm": 0.047619047619047616, "value": [5264, 10, 21, 9, 2, 0, 4, 29, 3, 1, 11, 2, 4, 2, 20, 0, 2, 3, 0, 0, 0, 234]}, 0.04971353039413669]}, "rate-40": {"ANB": [{"max": 0.014181782325239511, "min": 0.0, "sm": 0.0006753229678685481, "value": [6401, 7, 6, 5, 1, 1, 2, 0, 0, 0, 0, 0, 0, 0, 0, 0, 0, 0, 0, 0, 0, 1]}, 1.3028586140164633e-05], "ACC": [{"max": 0.1087801103033612, "min": 0.0, "sm": 0.0051800052525410095, "value": [3995, 343, 554, 659, 55, 3, 1, 14, 114, 0, 0, 680, 3, 2, 0, 0, 0, 0, 0, 0, 0, 1]}, 0.010903903465614772], "LCC": [{"max": 1.0, "min": 0, "sm": 0.047619047619047616, "value": [5561, 12, 14, 24, 6, 7, 1, 43, 5, 1, 12, 2, 7, 1, 16, 0, 5, 7, 4, 0, 0, 696]}, 0.11811703228339206]}}