{"rate-5": {"ANB": [{"max": 0.7966084061589687, "min": 0.0, "sm": 0.037933733626617554, "value": [773, 17, 3, 3, 2, 1, 0, 1, 0, 0, 0, 2, 0, 0, 0, 0, 0, 0, 0, 0, 0, 1]}, 0.007045417102312723], "ACC": [{"max": 0.2663566921288608, "min": 0.08350687213660975, "sm": 0.008707134285345289, "value": [14, 24, 33, 30, 31, 91, 43, 76, 66, 60, 194, 57, 22, 2, 47, 8, 2, 1, 1, 0, 0, 1]}, 0.156897904064844], "LCC": [{"max": 1.0, "min": 0, "sm": 0.047619047619047616, "value": [672, 13, 11, 6, 8, 10, 4, 21, 3, 1, 5, 3, 2, 2, 1, 1, 0, 0, 0, 0, 0, 40]}, 0.08150164782166376]}, "rate-10": {"ANB": [{"max": 0.6081896390614945, "min": 0.0, "sm": 0.02896141138388069, "value": [1579, 13, 3, 5, 0, 0, 0, 0, 0, 0, 0, 1, 2, 0, 0, 0, 1, 0, 0, 0, 1, 1]}, 0.003304400242473713], "ACC": [{"max": 0.2715736040609137, "min": 0.07195050880889407, "sm": 0.0095058616786676, "value": [7, 27, 54, 50, 83, 131, 91, 21, 72, 51, 234, 81, 66, 389, 186, 17, 41, 2, 0, 2, 0, 1]}, 0.16978187580990525], "LCC": [{"max": 1.0, "min": 0, "sm": 0.047619047619047616, "value": [1294, 5, 10, 12, 3, 3, 2, 55, 5, 2, 1, 0, 0, 1, 17, 0, 4, 4, 4, 1, 0, 183]}, 0.14526646650086308]}, "rate-15": {"ANB": [{"max": 0.6074709350440856, "min": 0.0, "sm": 0.028927187383051695, "value": [2385, 9, 8, 1, 2, 0, 0, 0, 0, 0, 1, 1, 1, 0, 0, 0, 0, 0, 0, 0, 0, 1]}, 0.0018357906430723763], "ACC": [{"max": 0.3379174852652259, "min": 0.12098678591167161, "sm": 0.010330033302550204, "value": [3, 31, 40, 127, 453, 566, 239, 630, 122, 50, 64, 14, 50, 15, 1, 2, 0, 1, 0, 0, 0, 1]}, 0.18688548787312823], "LCC": [{"max": 1.0, "min": 0, "sm": 0.047619047619047616, "value": [1744, 58, 59, 105, 26, 2, 2, 367, 2, 0, 2, 0, 0, 0, 1, 0, 2, 0, 0, 1, 0, 38]}, 0.08313532080506687]}, "rate-20": {"ANB": [{"max": 0.5384942973327321, "min": 0.0, "sm": 0.02564258558727296, "value": [3198, 8, 2, 0, 1, 0, 0, 0, 1, 0, 0, 0, 0, 0, 0, 0, 1, 0, 0, 0, 0, 1]}, 0.0011008920843592932], "ACC": [{"max": 0.3031138054560485, "min": 0.018080620379294518, "sm": 0.01357300881317876, "value": [135, 215, 1, 0, 0, 6, 39, 76, 212, 635, 368, 749, 424, 167, 81, 98, 1, 1, 2, 1, 0, 1]}, 0.15339356426614142], "LCC": [{"max": 1.0, "min": 0, "sm": 0.047619047619047616, "value": [2484, 29, 29, 17, 14, 4, 6, 84, 12, 9, 20, 11, 9, 2, 51, 10, 7, 9, 8, 17, 34, 346]}, 0.1653679751112352]}, "rate-25": {"ANB": [{"max": 0.31093473824882123, "min": 0.0, "sm": 0.014806416107086726, "value": [3985, 21, 5, 1, 0, 1, 0, 0, 0, 0, 0, 0, 1, 0, 0, 0, 0, 0, 0, 0, 0, 1]}, 0.0005458644671576735], "ACC": [{"max": 0.24118340628736062, "min": 0.036974321975708754, "sm": 0.009724242110078659, "value": [12, 55, 556, 589, 160, 120, 168, 255, 445, 299, 937, 202, 54, 5, 151, 3, 2, 1, 0, 0, 0, 1]}, 0.10972028255617834], "LCC": [{"max": 1.0, "min": 0, "sm": 0.047619047619047616, "value": [3105, 63, 50, 80, 22, 1, 9, 319, 4, 5, 17, 4, 12, 3, 45, 8, 6, 3, 4, 0, 0, 255]}, 0.11538696768155172]}, "rate-30": {"ANB": [{"max": 0.19451949635126564, "min": 0.0, "sm": 0.009262833159584078, "value": [4777, 20, 5, 2, 2, 5, 2, 1, 0, 0, 1, 0, 0, 0, 0, 1, 0, 0, 0, 0, 1, 1]}, 0.0004407729115590526], "ACC": [{"max": 0.19556580938926835, "min": 0.04832749235380821, "sm": 0.007011348430260007, "value": [36, 121, 278, 667, 537, 709, 103, 117, 484, 49, 4, 234, 76, 822, 477, 0, 100, 2, 0, 0, 1, 1]}, 0.1052394226204347], "LCC": [{"max": 1.0, "min": 0, "sm": 0.047619047619047616, "value": [3051, 52, 62, 110, 29, 2, 4, 357, 3, 2, 4, 6, 11, 4, 50, 0, 0, 0, 0, 0, 0, 1071]}, 0.2649160914744824]}, "rate-35": {"ANB": [{"max": 0.3912498947488274, "min": 0.0, "sm": 0.01863094736899178, "value": [5598, 14, 2, 2, 0, 1, 0, 0, 0, 1, 1, 0, 0, 0, 0, 1, 0, 0, 0, 0, 0, 1]}, 0.0005495055483279339], "ACC": [{"max": 0.24735343842803229, "min": 0.022893321347495676, "sm": 0.010688577003835078, "value": [832, 343, 8, 0, 0, 3, 50, 278, 146, 621, 260, 740, 1781, 85, 93, 362, 12, 2, 2, 0, 2, 1]}, 0.1217467409337317], "LCC": [{"max": 1.0, "min": 0, "sm": 0.047619047619047616, "value": [4348, 64, 45, 80, 18, 10, 11, 287, 13, 6, 32, 6, 19, 5, 120, 4, 18, 28, 15, 16, 4, 472]}, 0.1416802629562916]}, "rate-40": {"ANB": [{"max": 0.5212526689984086, "min": 0.0, "sm": 0.024821555666590885, "value": [6397, 3, 11, 0, 1, 0, 0, 1, 5, 0, 1, 0, 1, 1, 1, 0, 0, 1, 0, 0, 0, 1]}, 0.0008948656795878661], "ACC": [{"max": 0.17765943838600903, "min": 0.012928336271273088, "sm": 0.007844338195939807, "value": [402, 336, 7, 0, 0, 0, 42, 320, 694, 320, 955, 271, 468, 131, 542, 265, 1443, 86, 138, 2, 2, 0]}, 0.10165258393367062], "LCC": [{"max": 1.0, "min": 0, "sm": 0.047619047619047616, "value": [4130, 74, 64, 122, 29, 2, 10, 468, 12, 9, 21, 9, 17, 5, 55, 4, 0, 15, 1, 0, 0, 1377]}, 0.2593934074128442]}}