{"rate-5": {"ANB": [{"max": 0.5635537301816351, "min": 0.0, "sm": 0.026835891913411198, "value": [768, 17, 9, 5, 1, 1, 0, 0, 0, 0, 0, 0, 0, 0, 0, 0, 0, 0, 0, 1, 0, 1]}, 0.005839036486981805], "ACC": [{"max": 0.316370808678501, "min": 0.08707926167209555, "sm": 0.010918645095543114, "value": [9, 17, 7, 15, 40, 35, 97, 87, 74, 130, 169, 27, 8, 38, 41, 4, 3, 0, 0, 1, 0, 1]}, 0.18311919872490665], "LCC": [{"max": 1.0, "min": 0, "sm": 0.047619047619047616, "value": [655, 5, 9, 5, 5, 5, 1, 26, 3, 1, 2, 2, 1, 1, 12, 4, 1, 0, 0, 0, 0, 65]}, 0.11886300354896683]}, "rate-10": {"ANB": [{"max": 0.7819395394167451, "min": 0.0, "sm": 0.037235216162702145, "value": [1593, 8, 1, 2, 0, 0, 0, 0, 1, 0, 0, 0, 0, 0, 0, 0, 0, 0, 0, 0, 0, 1]}, 0.001526023397761934], "ACC": [{"max": 0.5396772024209818, "min": 0.10112147177419355, "sm": 0.020883606221275632, "value": [6, 47, 15, 4, 73, 52, 147, 132, 70, 56, 21, 420, 481, 80, 0, 0, 1, 0, 0, 0, 0, 1]}, 0.3108193948594529], "LCC": [{"max": 1.0, "min": 0, "sm": 0.047619047619047616, "value": [1278, 6, 1, 2, 1, 1, 1, 12, 0, 0, 2, 1, 0, 0, 20, 0, 0, 7, 0, 0, 0, 274]}, 0.1870464441744357]}, "rate-15": {"ANB": [{"max": 0.6941679628156538, "min": 0.0, "sm": 0.0330556172769359, "value": [2387, 15, 2, 2, 1, 0, 0, 0, 0, 0, 1, 0, 0, 0, 0, 0, 0, 0, 0, 0, 0, 1]}, 0.0016191498617450894], "ACC": [{"max": 0.3778440294994508, "min": 0.09849879330797234, "sm": 0.013302154104356116, "value": [5, 14, 6, 63, 279, 22, 183, 468, 109, 939, 158, 10, 1, 114, 32, 3, 2, 0, 0, 0, 0, 1]}, 0.2096469207460024], "LCC": [{"max": 1.0, "min": 0, "sm": 0.047619047619047616, "value": [1801, 22, 16, 28, 15, 8, 8, 105, 13, 10, 27, 9, 13, 5, 77, 8, 4, 10, 9, 3, 0, 218]}, 0.161098680830119]}, "rate-20": {"ANB": [{"max": 0.6938989109028709, "min": 0.0, "sm": 0.03304280528108909, "value": [3198, 10, 1, 0, 0, 0, 0, 0, 0, 1, 0, 0, 0, 1, 0, 0, 0, 0, 0, 0, 0, 1]}, 0.0012219356204818375], "ACC": [{"max": 0.37481031866464337, "min": 0.11363958097395244, "sm": 0.012436701794794806, "value": [2, 35, 175, 24, 255, 270, 63, 759, 1153, 141, 68, 91, 99, 71, 3, 0, 0, 1, 1, 0, 0, 1]}, 0.20763736400151545], "LCC": [{"max": 1.0, "min": 0, "sm": 0.047619047619047616, "value": [2443, 36, 24, 27, 13, 8, 12, 104, 16, 9, 30, 13, 13, 6, 97, 14, 8, 13, 3, 0, 0, 323]}, 0.16070048385987673]}, "rate-25": {"ANB": [{"max": 0.2544195013164833, "min": 0.0, "sm": 0.012115214348403966, "value": [3984, 7, 7, 3, 4, 0, 3, 0, 1, 0, 0, 0, 0, 0, 1, 1, 3, 0, 0, 0, 0, 1]}, 0.0006988103551078313], "ACC": [{"max": 0.17458326890366474, "min": 0.02937515636372598, "sm": 0.00691467202571137, "value": [15, 173, 433, 560, 170, 130, 28, 12, 245, 64, 518, 41, 35, 145, 617, 61, 665, 1, 99, 2, 0, 1]}, 0.09593689964537325], "LCC": [{"max": 1.0, "min": 0, "sm": 0.047619047619047616, "value": [2818, 21, 21, 16, 11, 0, 7, 35, 7, 7, 19, 4, 11, 6, 44, 4, 9, 18, 16, 19, 32, 890]}, 0.26365085963099294]}, "rate-30": {"ANB": [{"max": 0.3246554156203424, "min": 0.0, "sm": 0.01545978169620678, "value": [4787, 10, 6, 4, 2, 1, 2, 0, 0, 0, 0, 0, 1, 3, 0, 0, 0, 0, 0, 0, 1, 1]}, 0.0006921758451736215], "ACC": [{"max": 0.1836552565621807, "min": 0.0027601595741015483, "sm": 0.008614052237527578, "value": [428, 23, 0, 36, 344, 410, 29, 299, 183, 415, 160, 41, 136, 399, 40, 808, 910, 32, 122, 1, 1, 1]}, 0.09724086897071929], "LCC": [{"max": 1.0, "min": 0, "sm": 0.047619047619047616, "value": [3389, 26, 23, 22, 6, 1, 5, 83, 10, 6, 12, 10, 14, 0, 52, 2, 0, 21, 3, 8, 7, 1118]}, 0.26046175239701075]}, "rate-35": {"ANB": [{"max": 0.2839713883816917, "min": 0.0, "sm": 0.013522447065794843, "value": [5589, 14, 3, 3, 2, 0, 1, 0, 0, 1, 1, 0, 3, 0, 0, 0, 2, 1, 0, 0, 0, 1]}, 0.000594272244110075], "ACC": [{"max": 0.13144170938980348, "min": 0.009980191525747535, "sm": 0.005783881803050284, "value": [199, 251, 61, 52, 275, 790, 199, 76, 221, 23, 38, 723, 344, 278, 1212, 667, 122, 84, 0, 3, 2, 1]}, 0.06985192021685327], "LCC": [{"max": 1.0, "min": 0, "sm": 0.047619047619047616, "value": [4230, 40, 46, 38, 12, 4, 4, 155, 13, 6, 17, 5, 8, 4, 55, 18, 23, 7, 23, 17, 29, 867]}, 0.19628701500744603]}, "rate-40": {"ANB": [{"max": 0.22524267925685956, "min": 0.0, "sm": 0.010725841869374265, "value": [6395, 16, 7, 3, 0, 0, 1, 0, 0, 0, 1, 0, 0, 0, 0, 0, 0, 0, 0, 0, 0, 1]}, 0.0002618031874582894], "ACC": [{"max": 0.2120203272160496, "min": 0.018016268518359083, "sm": 0.009238288509413835, "value": [146, 1482, 330, 649, 301, 21, 112, 258, 264, 815, 27, 1587, 247, 1, 163, 15, 4, 1, 0, 0, 0, 1]}, 0.08128824880378485], "LCC": [{"max": 1.0, "min": 0, "sm": 0.047619047619047616, "value": [4553, 59, 61, 95, 28, 12, 14, 286, 12, 10, 42, 12, 36, 9, 117, 9, 18, 36, 9, 11, 5, 990]}, 0.2090560440157687]}}