{"rate-5": {"ANB": [{"max": 0.69097234779231, "min": 0.0, "sm": 0.03290344513296714, "value": [680, 9, 6, 4, 0, 1, 0, 3, 0, 0, 0, 2, 0, 1, 0, 0, 0, 0, 0, 0, 0, 1]}, 0.007023320102402105], "ACC": [{"max": 0.2958927074601844, "min": 0.0800635064640508, "sm": 0.010277580999815886, "value": [4, 5, 13, 25, 150, 12, 22, 17, 26, 60, 7, 74, 19, 213, 19, 24, 14, 1, 1, 0, 0, 1]}, 0.17940945518018372], "LCC": [{"max": 1.0, "min": 0, "sm": 0.047619047619047616, "value": [460, 6, 5, 3, 5, 1, 2, 9, 1, 2, 6, 0, 0, 0, 9, 0, 0, 1, 0, 2, 0, 195]}, 0.3035947036301793]}, "rate-10": {"ANB": [{"max": 0.5325311778507932, "min": 0.0, "sm": 0.025358627516704438, "value": [1696, 14, 4, 1, 2, 0, 1, 0, 1, 0, 0, 0, 0, 0, 0, 1, 1, 0, 2, 2, 2, 1]}, 0.004089216484666192], "ACC": [{"max": 0.1912937527691626, "min": 0.06257246376811594, "sm": 0.006129585190526032, "value": [4, 1, 5, 57, 63, 24, 18, 125, 7, 507, 2, 610, 39, 0, 51, 196, 10, 1, 3, 3, 1, 1]}, 0.12715793921158688], "LCC": [{"max": 1.0, "min": 0, "sm": 0.047619047619047616, "value": [1266, 33, 12, 14, 8, 2, 4, 35, 3, 3, 13, 2, 1, 1, 18, 0, 0, 1, 0, 2, 0, 310]}, 0.20716992117698918]}, "rate-15": {"ANB": [{"max": 0.5602988245892863, "min": 0.0, "sm": 0.02668089640901363, "value": [2398, 10, 5, 1, 1, 0, 2, 1, 0, 0, 0, 0, 0, 0, 2, 0, 0, 1, 3, 2, 0, 1]}, 0.0030217388584323056], "ACC": [{"max": 0.1845428267153507, "min": 0.05887206367695593, "sm": 0.005984322049447369, "value": [3, 4, 3, 20, 131, 44, 56, 36, 207, 220, 534, 567, 294, 3, 33, 202, 60, 1, 3, 3, 2, 1]}, 0.12281413907795631], "LCC": [{"max": 1.0, "min": 0, "sm": 0.047619047619047616, "value": [1785, 34, 18, 20, 7, 1, 4, 57, 6, 3, 10, 0, 3, 0, 28, 0, 0, 1, 0, 2, 0, 448]}, 0.21049557285947973]}, "rate-20": {"ANB": [{"max": 0.5666645455795115, "min": 0.0, "sm": 0.02698402597997674, "value": [3103, 11, 5, 1, 1, 0, 2, 1, 0, 0, 0, 0, 0, 1, 1, 0, 0, 2, 2, 2, 0, 1]}, 0.0023656330785218173], "ACC": [{"max": 0.1826026119402985, "min": 0.0588898916967509, "sm": 0.00589108191635941, "value": [8, 5, 4, 23, 173, 61, 71, 49, 266, 263, 742, 726, 391, 6, 38, 222, 75, 1, 3, 3, 2, 1]}, 0.12157294222909804], "LCC": [{"max": 1.0, "min": 0, "sm": 0.047619047619047616, "value": [2297, 42, 24, 22, 6, 4, 12, 70, 3, 4, 12, 0, 3, 0, 40, 3, 0, 0, 3, 0, 1, 587]}, 0.2139199547003895]}, "rate-25": {"ANB": [{"max": 0.5603966213470094, "min": 0.0, "sm": 0.02668555339747664, "value": [3912, 11, 5, 2, 1, 0, 3, 0, 0, 0, 0, 0, 1, 0, 1, 0, 0, 2, 2, 1, 1, 1]}, 0.0019089235910767], "ACC": [{"max": 0.18231430949958377, "min": 0.05860402884115067, "sm": 0.005890965745639671, "value": [11, 6, 6, 37, 198, 85, 85, 79, 442, 446, 780, 1169, 211, 9, 126, 160, 84, 0, 3, 3, 2, 1]}, 0.11988265806332825], "LCC": [{"max": 1.0, "min": 0, "sm": 0.047619047619047616, "value": [2890, 38, 26, 33, 12, 2, 8, 71, 12, 3, 19, 4, 4, 0, 55, 3, 0, 1, 3, 2, 1, 756]}, 0.21887881107393242]}, "rate-30": {"ANB": [{"max": 0.5974470922587151, "min": 0.0, "sm": 0.02844986153612929, "value": [5395, 13, 3, 1, 0, 3, 0, 0, 0, 1, 5, 0, 0, 0, 0, 1, 0, 3, 2, 0, 1, 1]}, 0.0017080423401069742], "ACC": [{"max": 0.14888364693620057, "min": 0.05674500292715564, "sm": 0.004387554476621187, "value": [11, 7, 41, 274, 307, 393, 324, 55, 589, 161, 1378, 529, 157, 931, 93, 53, 117, 2, 1, 2, 3, 1]}, 0.09972934581969504], "LCC": [{"max": 1.0, "min": 0, "sm": 0.047619047619047616, "value": [4032, 64, 60, 69, 21, 6, 13, 177, 10, 3, 24, 3, 4, 0, 60, 4, 2, 2, 0, 4, 1, 870]}, 0.1907324141620896]}, "rate-35": {"ANB": [{"max": 0.5961328087661024, "min": 0.0, "sm": 0.02838727660790964, "value": [5555, 14, 3, 1, 1, 2, 0, 0, 0, 1, 4, 1, 0, 0, 0, 1, 0, 3, 2, 0, 1, 1]}, 0.001666867294280651], "ACC": [{"max": 0.1482572019735795, "min": 0.05673132555802552, "sm": 0.004358375067407333, "value": [7, 21, 38, 283, 312, 414, 348, 53, 619, 168, 1397, 548, 160, 951, 42, 111, 108, 3, 1, 2, 3, 1]}, 0.09929058284420474], "LCC": [{"max": 1.0, "min": 0, "sm": 0.047619047619047616, "value": [4140, 75, 61, 67, 20, 8, 14, 185, 13, 4, 20, 4, 5, 1, 64, 3, 2, 5, 0, 4, 1, 894]}, 0.1911959282204556]}, "rate-40": {"ANB": [{"max": 0.5757976116083942, "min": 0.0, "sm": 0.027418933886114008, "value": [6390, 14, 2, 3, 2, 0, 0, 0, 1, 0, 0, 0, 0, 1, 3, 1, 0, 3, 1, 2, 1, 1]}, 0.001545759096661511], "ACC": [{"max": 0.1371272440070869, "min": 0.05590705365301771, "sm": 0.003867628112098533, "value": [32, 35, 8, 14, 69, 659, 1059, 117, 974, 73, 731, 1209, 220, 921, 8, 77, 207, 4, 1, 2, 4, 1]}, 0.09314900220014928], "LCC": [{"max": 1.0, "min": 0, "sm": 0.047619047619047616, "value": [3613, 122, 146, 189, 50, 13, 22, 636, 30, 17, 47, 17, 32, 7, 217, 36, 19, 59, 38, 25, 38, 1052]}, 0.2719731906889328]}}