{"rate-5": {"ANB": [{"max": 0.7526886615315154, "min": 0.0, "sm": 0.03584231721578644, "value": [782, 17, 1, 0, 0, 1, 1, 0, 0, 0, 0, 0, 0, 0, 0, 0, 0, 0, 0, 0, 0, 1]}, 0.003685824175388322], "ACC": [{"max": 0.4796650717703349, "min": 0.16760710553814, "sm": 0.014859903153914042, "value": [23, 0, 122, 12, 0, 252, 267, 14, 0, 0, 74, 30, 6, 2, 0, 0, 0, 0, 0, 0, 0, 1]}, 0.25844896236605636], "LCC": [{"max": 1.0, "min": 0, "sm": 0.047619047619047616, "value": [439, 15, 18, 18, 16, 5, 6, 55, 3, 1, 21, 2, 1, 1, 35, 2, 5, 13, 9, 0, 4, 134]}, 0.28767278072716324]}, "rate-10": {"ANB": [{"max": 0.6355926908998728, "min": 0.0, "sm": 0.03026631861427966, "value": [1582, 16, 2, 0, 1, 0, 1, 0, 0, 0, 0, 1, 0, 0, 0, 1, 0, 1, 0, 0, 0, 1]}, 0.002703701034576576], "ACC": [{"max": 0.3021460843373494, "min": 0.11665939816833842, "sm": 0.008832699341381475, "value": [1, 8, 0, 48, 90, 270, 10, 211, 616, 12, 4, 49, 2, 190, 90, 1, 0, 1, 1, 0, 1, 1]}, 0.1909303783254598], "LCC": [{"max": 1.0, "min": 0, "sm": 0.047619047619047616, "value": [1064, 21, 14, 25, 15, 6, 12, 55, 8, 5, 16, 7, 7, 0, 77, 3, 9, 16, 1, 0, 19, 226]}, 0.23378611868927685]}, "rate-15": {"ANB": [{"max": 0.7303934102559684, "min": 0.0, "sm": 0.03478063858361754, "value": [2393, 12, 0, 0, 1, 1, 0, 0, 0, 0, 0, 1, 0, 0, 0, 0, 0, 0, 0, 0, 0, 1]}, 0.0014578193041295709], "ACC": [{"max": 0.4139590854392298, "min": 0.1277860326894502, "sm": 0.013627288226179982, "value": [29, 49, 1, 143, 51, 211, 365, 1084, 63, 157, 78, 0, 171, 2, 0, 2, 1, 1, 0, 0, 0, 1]}, 0.22656997706806262], "LCC": [{"max": 1.0, "min": 0, "sm": 0.047619047619047616, "value": [1523, 32, 23, 46, 18, 9, 9, 114, 13, 5, 34, 5, 14, 4, 133, 11, 4, 21, 16, 1, 3, 371]}, 0.2511735322790684]}, "rate-20": {"ANB": [{"max": 0.192026209230792, "min": 0.0, "sm": 0.009144105201466286, "value": [3181, 18, 5, 3, 0, 0, 1, 0, 0, 0, 1, 1, 0, 0, 0, 0, 0, 0, 0, 1, 0, 1]}, 0.00046035053918672814], "ACC": [{"max": 0.299860343350981, "min": 0.0514850757195514, "sm": 0.011827393696734741, "value": [72, 23, 51, 334, 525, 487, 133, 331, 69, 2, 2, 1053, 126, 1, 2, 0, 0, 0, 0, 0, 0, 1]}, 0.13987333256909606], "LCC": [{"max": 1.0, "min": 0, "sm": 0.047619047619047616, "value": [1511, 31, 26, 27, 19, 11, 6, 64, 8, 4, 22, 5, 16, 1, 69, 12, 12, 21, 15, 7, 25, 1300]}, 0.46554632475052704]}, "rate-25": {"ANB": [{"max": 0.5852554724466559, "min": 0.0, "sm": 0.02786930821174552, "value": [3982, 14, 2, 5, 2, 1, 1, 0, 0, 2, 0, 0, 0, 1, 1, 0, 0, 1, 0, 1, 1, 1]}, 0.0015607062902168348], "ACC": [{"max": 0.2209135938359934, "min": 0.0665208312618077, "sm": 0.007352036313056463, "value": [46, 40, 78, 127, 311, 158, 104, 148, 269, 324, 384, 45, 122, 280, 1346, 77, 1, 150, 1, 2, 1, 1]}, 0.14589010828857168], "LCC": [{"max": 1.0, "min": 0, "sm": 0.047619047619047616, "value": [2091, 14, 16, 9, 17, 4, 3, 17, 6, 10, 17, 6, 22, 2, 79, 13, 14, 29, 13, 11, 25, 1597]}, 0.4457445805730945]}, "rate-30": {"ANB": [{"max": 0.46792435584746306, "min": 0.0, "sm": 0.022282112183212528, "value": [4799, 8, 2, 1, 0, 1, 0, 1, 2, 0, 0, 1, 1, 1, 0, 0, 0, 0, 0, 0, 0, 1]}, 0.0007775163788286397], "ACC": [{"max": 0.2575531943503137, "min": 0.0065807085255582334, "sm": 0.011951070753559783, "value": [355, 301, 1, 0, 0, 0, 46, 217, 469, 140, 339, 47, 877, 1578, 56, 196, 191, 0, 2, 2, 0, 1]}, 0.1321328539323876], "LCC": [{"max": 1.0, "min": 0, "sm": 0.047619047619047616, "value": [3236, 54, 49, 74, 43, 5, 16, 250, 22, 21, 48, 13, 15, 6, 150, 16, 19, 30, 25, 6, 27, 693]}, 0.22472143107629505]}, "rate-35": {"ANB": [{"max": 0.3368889954355955, "min": 0.0, "sm": 0.016042333115980738, "value": [5602, 12, 0, 2, 0, 1, 2, 0, 0, 0, 0, 0, 0, 1, 0, 0, 0, 0, 0, 0, 0, 1]}, 0.00042955866638992764], "ACC": [{"max": 0.25552551109018046, "min": 0.029103726050476602, "sm": 0.010781989763795422, "value": [39, 339, 1032, 173, 70, 267, 52, 76, 413, 49, 984, 1654, 3, 259, 199, 7, 0, 1, 2, 1, 0, 1]}, 0.11704847206357968], "LCC": [{"max": 1.0, "min": 0, "sm": 0.047619047619047616, "value": [3735, 98, 91, 138, 55, 12, 15, 539, 18, 11, 52, 14, 26, 12, 159, 14, 11, 22, 16, 2, 26, 555]}, 0.18662988078834447]}, "rate-40": {"ANB": [{"max": 0.2877088324903123, "min": 0.0, "sm": 0.013700420594776778, "value": [6408, 10, 0, 1, 1, 0, 0, 2, 0, 0, 0, 1, 0, 0, 0, 0, 0, 0, 0, 0, 0, 1]}, 0.00030227199155492324], "ACC": [{"max": 0.2335522236032056, "min": 0.0025987938627016114, "sm": 0.010997782368595428, "value": [143, 2, 241, 1204, 658, 8, 2, 276, 146, 423, 178, 874, 1768, 91, 194, 209, 2, 1, 3, 0, 0, 1]}, 0.09844955127806711], "LCC": [{"max": 1.0, "min": 0, "sm": 0.047619047619047616, "value": [4475, 80, 69, 109, 64, 14, 17, 399, 15, 14, 60, 8, 30, 10, 174, 20, 19, 37, 25, 9, 22, 754]}, 0.1932897840726643]}}