{"rate-5": {"ANB": [{"max": 0.8048494037482239, "min": 0.0, "sm": 0.03832616208324876, "value": [764, 22, 8, 2, 0, 0, 0, 0, 0, 0, 0, 0, 5, 0, 1, 0, 0, 0, 0, 0, 0, 1]}, 0.009503459042609458], "ACC": [{"max": 0.18786601077535722, "min": 0.06858217889515991, "sm": 0.005680182470485586, "value": [17, 17, 9, 27, 35, 17, 106, 86, 46, 176, 10, 17, 196, 1, 2, 20, 17, 1, 1, 1, 0, 1]}, 0.11962302915552207], "LCC": [{"max": 1.0, "min": 0, "sm": 0.047619047619047616, "value": [727, 2, 4, 6, 1, 2, 0, 13, 2, 4, 2, 0, 1, 0, 6, 0, 0, 0, 1, 0, 0, 32]}, 0.05977316941284146]}, "rate-10": {"ANB": [{"max": 0.2495853675409451, "min": 0.0, "sm": 0.011885017501949766, "value": [1539, 30, 9, 6, 3, 6, 5, 5, 0, 0, 0, 0, 0, 0, 0, 0, 1, 0, 0, 1, 0, 1]}, 0.002309628062810077], "ACC": [{"max": 0.1195102797638925, "min": 0.025762588056194354, "sm": 0.004464175795604673, "value": [24, 44, 10, 28, 10, 13, 17, 59, 87, 81, 365, 272, 217, 235, 81, 38, 9, 5, 7, 2, 1, 1]}, 0.07415410977800656], "LCC": [{"max": 1.0, "min": 0, "sm": 0.047619047619047616, "value": [1254, 9, 13, 19, 7, 8, 13, 39, 11, 7, 7, 3, 3, 4, 43, 1, 0, 3, 0, 0, 0, 162]}, 0.1476369734069897]}, "rate-15": {"ANB": [{"max": 0.44778061516087014, "min": 0.0, "sm": 0.02132288643623191, "value": [2380, 21, 2, 2, 0, 0, 0, 0, 0, 0, 0, 1, 1, 1, 0, 0, 0, 0, 0, 0, 0, 1]}, 0.001532444991266705], "ACC": [{"max": 0.22352752144843957, "min": 0.016243233431464388, "sm": 0.009870680381760723, "value": [303, 174, 3, 0, 0, 0, 1, 87, 86, 232, 301, 683, 89, 309, 77, 3, 52, 6, 2, 0, 0, 1]}, 0.10865903103535011], "LCC": [{"max": 1.0, "min": 0, "sm": 0.047619047619047616, "value": [1836, 20, 18, 17, 17, 7, 11, 60, 12, 6, 18, 8, 15, 4, 46, 5, 10, 36, 8, 4, 5, 246]}, 0.16676041738542782]}, "rate-20": {"ANB": [{"max": 0.7336743149253008, "min": 0.0, "sm": 0.03493687213930004, "value": [3198, 6, 4, 1, 0, 0, 0, 0, 0, 0, 0, 0, 1, 0, 1, 0, 0, 0, 0, 0, 0, 1]}, 0.001338009403868987], "ACC": [{"max": 0.33803558269291506, "min": 0.10506855142174668, "sm": 0.011093668155769922, "value": [5, 8, 81, 77, 410, 69, 616, 130, 562, 949, 111, 7, 0, 177, 5, 2, 1, 0, 1, 0, 0, 1]}, 0.19281405232238039], "LCC": [{"max": 1.0, "min": 0, "sm": 0.047619047619047616, "value": [2429, 23, 29, 38, 16, 4, 9, 128, 11, 2, 32, 3, 14, 4, 97, 3, 2, 13, 4, 13, 5, 333]}, 0.16481009830691584]}, "rate-25": {"ANB": [{"max": 0.6892182450770014, "min": 0.0, "sm": 0.03281991643223816, "value": [3980, 16, 3, 7, 1, 0, 2, 1, 0, 0, 1, 0, 0, 0, 2, 0, 1, 0, 0, 0, 0, 1]}, 0.0017430473244427658], "ACC": [{"max": 0.2091714434601355, "min": 0.07148836132433346, "sm": 0.006556337244562002, "value": [22, 117, 71, 6, 276, 69, 481, 277, 325, 1264, 553, 235, 194, 27, 3, 75, 13, 1, 4, 1, 0, 1]}, 0.1278880128549018], "LCC": [{"max": 1.0, "min": 0, "sm": 0.047619047619047616, "value": [2811, 57, 70, 115, 36, 2, 10, 476, 4, 3, 9, 3, 3, 0, 43, 1, 2, 1, 2, 0, 9, 358]}, 0.15243787532935463]}, "rate-30": {"ANB": [{"max": 0.676709466270381, "min": 0.0, "sm": 0.03222426029858957, "value": [4803, 10, 2, 0, 0, 0, 0, 1, 0, 0, 0, 0, 0, 0, 0, 0, 1, 0, 0, 0, 0, 1]}, 0.0008138478124929734], "ACC": [{"max": 0.3723716759431045, "min": 0.11159245702636335, "sm": 0.012418058043654341, "value": [2, 47, 137, 15, 458, 456, 96, 1117, 1932, 148, 79, 83, 146, 95, 2, 1, 1, 1, 0, 1, 0, 1]}, 0.20700170568720838], "LCC": [{"max": 1.0, "min": 0, "sm": 0.047619047619047616, "value": [3547, 37, 30, 63, 20, 8, 15, 173, 14, 13, 59, 18, 25, 11, 144, 13, 18, 24, 8, 11, 10, 557]}, 0.1834322366982808]}, "rate-35": {"ANB": [{"max": 0.33080938724286635, "min": 0.0, "sm": 0.015752827963946017, "value": [5596, 13, 1, 5, 3, 0, 0, 1, 1, 0, 0, 0, 0, 0, 0, 0, 0, 0, 0, 0, 0, 1]}, 0.00046922970034325256], "ACC": [{"max": 0.22650971215677254, "min": 0.02980580598302893, "sm": 0.009366852674940172, "value": [246, 604, 915, 150, 53, 253, 146, 250, 192, 649, 410, 1346, 189, 29, 135, 50, 1, 2, 0, 0, 0, 1]}, 0.09892238943913105], "LCC": [{"max": 1.0, "min": 0, "sm": 0.047619047619047616, "value": [4212, 50, 55, 100, 23, 6, 20, 369, 12, 13, 25, 7, 26, 5, 131, 16, 10, 17, 11, 36, 9, 468]}, 0.1511966637430664]}, "rate-40": {"ANB": [{"max": 0.36094124835229546, "min": 0.0, "sm": 0.01718767849296645, "value": [6410, 10, 1, 0, 0, 0, 1, 0, 0, 0, 0, 0, 0, 0, 0, 1, 0, 0, 0, 0, 0, 1]}, 0.0003574510608733475], "ACC": [{"max": 0.2727292693459275, "min": 0.00784506483966056, "sm": 0.012613533547917473, "value": [556, 1015, 196, 1, 0, 0, 46, 91, 86, 780, 325, 2606, 310, 81, 108, 217, 3, 0, 1, 1, 0, 1]}, 0.11602885892139471], "LCC": [{"max": 1.0, "min": 0, "sm": 0.047619047619047616, "value": [4853, 67, 62, 110, 26, 9, 19, 278, 15, 12, 53, 6, 23, 7, 146, 3, 17, 22, 16, 9, 30, 641]}, 0.15901640854258342]}}