{"rate-5": {"ANB": [{"max": 6.226630676741355e-06, "min": 0.0, "sm": 2.965062227019693e-07, "value": [796, 0, 0, 0, 0, 0, 0, 0, 0, 0, 6, 0, 0, 0, 0, 0, 0, 0, 0, 0, 0, 1]}, 3.1016840232833655e-08], "ACC": [{"max": 0.003740648379052369, "min": 0.0, "sm": 0.00017812611328820805, "value": [733, 0, 0, 0, 0, 0, 0, 42, 0, 12, 0, 0, 1, 0, 12, 2, 0, 0, 0, 0, 0, 1]}, 0.00014176886550746432], "LCC": [{"max": 1.0, "min": 0, "sm": 0.047619047619047616, "value": [794, 0, 0, 0, 0, 0, 0, 1, 0, 0, 0, 0, 0, 0, 0, 0, 0, 0, 0, 0, 0, 8]}, 0.0103777501037775]}, "rate-10": {"ANB": [{"max": 0.001103937974378695, "min": 0.0, "sm": 5.256847497041405e-05, "value": [1602, 3, 0, 0, 0, 0, 0, 0, 0, 0, 0, 0, 0, 0, 0, 0, 0, 0, 0, 0, 0, 1]}, 1.066629639864329e-06], "ACC": [{"max": 0.031874077717658635, "min": 0.0, "sm": 0.0015178132246504111, "value": [1441, 54, 48, 5, 2, 1, 0, 3, 0, 0, 49, 2, 0, 0, 0, 0, 0, 0, 0, 0, 0, 1]}, 0.0008593107462739921], "LCC": [{"max": 1.0, "min": 0, "sm": 0.047619047619047616, "value": [1577, 1, 1, 2, 0, 0, 0, 4, 0, 0, 2, 0, 0, 0, 0, 0, 0, 0, 0, 0, 0, 19]}, 0.013602259500728478]}, "rate-15": {"ANB": [{"max": 0.0015734837620616502, "min": 0.0, "sm": 7.492779819341192e-05, "value": [2401, 2, 4, 0, 0, 1, 0, 0, 0, 0, 0, 0, 0, 0, 0, 0, 0, 0, 0, 0, 0, 1]}, 1.4235070265896784e-06], "ACC": [{"max": 0.03986710963455149, "min": 0.0, "sm": 0.0018984337921214996, "value": [2065, 93, 64, 70, 16, 2, 1, 1, 0, 0, 96, 0, 0, 0, 0, 0, 0, 0, 0, 0, 0, 1]}, 0.0014128180658229857], "LCC": [{"max": 1.0, "min": 0, "sm": 0.047619047619047616, "value": [2359, 0, 3, 1, 0, 0, 0, 1, 0, 0, 0, 0, 0, 0, 1, 0, 0, 0, 0, 0, 0, 44]}, 0.018904918431471025]}, "rate-20": {"ANB": [{"max": 0.0006795177403221596, "min": 0.0, "sm": 3.235798763438855e-05, "value": [3173, 15, 9, 5, 2, 0, 2, 2, 1, 0, 0, 0, 0, 0, 0, 1, 0, 0, 0, 1, 0, 1]}, 1.8379150476156848e-06], "ACC": [{"max": 0.019481071008490957, "min": 0.0, "sm": 0.0009276700480233789, "value": [2623, 155, 124, 33, 42, 17, 17, 73, 20, 51, 0, 1, 52, 1, 0, 2, 0, 0, 0, 0, 0, 1]}, 0.0009138236390188318], "LCC": [{"max": 1.0, "min": 0, "sm": 0.047619047619047616, "value": [3099, 1, 2, 5, 2, 0, 2, 11, 3, 0, 3, 0, 0, 0, 3, 0, 0, 0, 0, 0, 0, 81]}, 0.028521739684412552]}, "rate-25": {"ANB": [{"max": 0.0011062700930496066, "min": 0.0, "sm": 5.2679528240457454e-05, "value": [3995, 12, 3, 2, 0, 1, 0, 1, 0, 0, 0, 0, 0, 0, 0, 0, 0, 0, 0, 0, 0, 1]}, 1.0784800962469577e-06], "ACC": [{"max": 0.033135876284854864, "min": 0.0, "sm": 0.0015778988707073744, "value": [3310, 207, 100, 193, 57, 8, 3, 3, 0, 0, 133, 0, 0, 0, 0, 0, 0, 0, 0, 0, 0, 1]}, 0.0013121331099400974], "LCC": [{"max": 1.0, "min": 0, "sm": 0.047619047619047616, "value": [3851, 7, 3, 7, 0, 0, 3, 7, 1, 0, 3, 0, 1, 0, 2, 0, 3, 8, 0, 0, 0, 119]}, 0.03417020618057171]}, "rate-30": {"ANB": [{"max": 0.0012093795713823618, "min": 0.0, "sm": 5.7589503399160085e-05, "value": [4773, 11, 7, 7, 1, 2, 4, 2, 6, 1, 2, 0, 0, 0, 0, 0, 1, 0, 0, 0, 0, 1]}, 3.0965937088281905e-06], "ACC": [{"max": 0.03487647913639195, "min": 0.0, "sm": 0.001660784720780569, "value": [3843, 198, 146, 135, 272, 46, 6, 3, 0, 0, 168, 0, 0, 0, 0, 0, 0, 0, 0, 0, 0, 1]}, 0.0016460982610116406], "LCC": [{"max": 1.0, "min": 0, "sm": 0.047619047619047616, "value": [4518, 9, 5, 7, 3, 4, 2, 37, 2, 1, 6, 0, 8, 0, 10, 5, 1, 1, 0, 0, 0, 199]}, 0.04921193893358658]}, "rate-35": {"ANB": [{"max": 0.0014842878667256935, "min": 0.0, "sm": 7.068037460598541e-05, "value": [5562, 27, 7, 9, 8, 1, 2, 1, 0, 0, 1, 0, 0, 0, 0, 1, 0, 0, 0, 0, 2, 0]}, 3.4930416999798143e-06], "ACC": [{"max": 0.038612099644128116, "min": 0.0, "sm": 0.0018386714116251483, "value": [4097, 158, 356, 212, 219, 149, 78, 130, 2, 1, 217, 0, 1, 0, 0, 0, 0, 0, 0, 0, 0, 1]}, 0.0025711666389282685], "LCC": [{"max": 1.0, "min": 0, "sm": 0.047619047619047616, "value": [5240, 11, 8, 19, 6, 1, 7, 38, 3, 0, 13, 0, 2, 0, 14, 0, 1, 9, 1, 0, 7, 241]}, 0.05274567496233029]}, "rate-40": {"ANB": [{"max": 0.0017116417905333767, "min": 0.0, "sm": 8.15067519301608e-05, "value": [6365, 23, 8, 10, 6, 0, 1, 3, 1, 0, 2, 2, 1, 0, 0, 0, 0, 0, 0, 1, 0, 1]}, 4.0032771850886445e-06], "ACC": [{"max": 0.02868919407010809, "min": 0.0, "sm": 0.0013661520985765758, "value": [4264, 507, 253, 126, 129, 250, 259, 233, 125, 15, 63, 13, 181, 0, 2, 2, 1, 0, 0, 0, 0, 1]}, 0.00255375069962403], "LCC": [{"max": 1.0, "min": 0, "sm": 0.047619047619047616, "value": [5956, 21, 10, 19, 3, 1, 3, 50, 8, 2, 12, 3, 2, 0, 24, 4, 2, 8, 0, 0, 0, 296]}, 0.05619089749446193]}}