{"rate-5": {"ANB": [{"max": 0.046676624346527265, "min": 0.0, "sm": 0.0022226963974536795, "value": [80, 4, 7, 0, 3, 1, 3, 1, 1, 0, 1, 0, 0, 1, 0, 0, 2, 0, 0, 0, 0, 1]}, 0.0034069490380169995], "ACC": [{"max": 0.08423477564102563, "min": 0.009615384615384616, "sm": 0.0035533043345543345, "value": [38, 4, 4, 5, 5, 2, 6, 1, 5, 5, 3, 6, 5, 2, 1, 6, 2, 0, 1, 1, 2, 1]}, 0.031181002701132145], "LCC": [{"max": 1.0, "min": 0, "sm": 0.047619047619047616, "value": [86, 1, 1, 2, 0, 0, 1, 5, 0, 0, 0, 0, 0, 0, 2, 0, 0, 0, 0, 0, 0, 7]}, 0.10285714285714287]}, "rate-10": {"ANB": [{"max": 0.2874459861119023, "min": 0.0, "sm": 0.013687904100566776, "value": [150, 23, 14, 5, 5, 3, 2, 1, 0, 1, 2, 0, 1, 1, 1, 0, 0, 0, 0, 1, 0, 1]}, 0.018277274400996028], "ACC": [{"max": 0.18944606413994167, "min": 0.004761904761904762, "sm": 0.008794483779906518, "value": [26, 10, 3, 0, 0, 1, 3, 5, 5, 7, 10, 12, 20, 11, 29, 17, 15, 22, 9, 3, 2, 1]}, 0.10668755017248928], "LCC": [{"max": 1.0, "min": 0, "sm": 0.047619047619047616, "value": [126, 5, 10, 17, 8, 1, 1, 18, 3, 0, 4, 0, 1, 0, 10, 0, 0, 0, 0, 0, 0, 7]}, 0.14163700964648832]}, "rate-15": {"ANB": [{"max": 0.15487705572995164, "min": 0.0, "sm": 0.007375097891902459, "value": [176, 43, 32, 26, 10, 12, 4, 2, 3, 0, 1, 4, 1, 1, 0, 0, 0, 0, 0, 0, 1, 1]}, 0.013402661707577243], "ACC": [{"max": 0.20397801518189346, "min": 0.0031645569620253164, "sm": 0.00956254562951753, "value": [30, 0, 0, 0, 0, 0, 0, 0, 3, 3, 10, 16, 24, 26, 35, 31, 38, 40, 39, 17, 4, 1]}, 0.13790148700252997], "LCC": [{"max": 1.0, "min": 0, "sm": 0.047619047619047616, "value": [151, 8, 18, 29, 17, 6, 10, 34, 7, 3, 9, 0, 1, 0, 6, 0, 0, 0, 0, 0, 0, 18]}, 0.18219854103134867]}, "rate-20": {"ANB": [{"max": 0.10040290803980222, "min": 0.0, "sm": 0.004781090859038201, "value": [225, 78, 36, 20, 15, 16, 13, 4, 3, 3, 1, 4, 1, 0, 0, 0, 1, 1, 0, 0, 0, 1]}, 0.008899027634604177], "ACC": [{"max": 0.2627161672349974, "min": 0.0023752969121140144, "sm": 0.012397184301089685, "value": [16, 0, 0, 0, 0, 0, 0, 0, 1, 6, 4, 13, 22, 41, 77, 66, 66, 52, 42, 13, 2, 1]}, 0.1877562119794396], "LCC": [{"max": 1.0, "min": 0, "sm": 0.047619047619047616, "value": [151, 22, 32, 47, 31, 21, 13, 45, 13, 5, 8, 1, 2, 0, 12, 0, 1, 0, 0, 0, 0, 18]}, 0.19696554401372984]}, "rate-25": {"ANB": [{"max": 0.07902454609189212, "min": 0.0, "sm": 0.0037630736234234344, "value": [301, 87, 51, 31, 14, 10, 7, 4, 7, 3, 1, 3, 2, 0, 1, 2, 1, 0, 0, 2, 1, 1]}, 0.00668825563143007], "ACC": [{"max": 0.26996265471617586, "min": 0.001893939393939394, "sm": 0.0127651769201065, "value": [25, 0, 0, 0, 0, 0, 0, 0, 0, 5, 8, 22, 42, 54, 67, 86, 86, 68, 39, 21, 5, 1]}, 0.19010828724859422], "LCC": [{"max": 1.0, "min": 0, "sm": 0.047619047619047616, "value": [175, 25, 59, 55, 41, 22, 25, 55, 20, 6, 11, 1, 3, 0, 14, 0, 0, 0, 0, 0, 0, 17]}, 0.19338175251973394]}, "rate-30": {"ANB": [{"max": 0.07923252337559054, "min": 0.0, "sm": 0.00377297730359955, "value": [398, 102, 56, 23, 18, 8, 8, 4, 4, 4, 2, 2, 2, 1, 1, 1, 0, 0, 0, 0, 0, 1]}, 0.00539548288967953], "ACC": [{"max": 0.285994881257068, "min": 0.0015772870662460567, "sm": 0.013543694961467713, "value": [14, 0, 0, 0, 0, 0, 0, 0, 0, 2, 9, 20, 27, 38, 83, 115, 117, 115, 60, 22, 12, 1]}, 0.21325116396563995], "LCC": [{"max": 1.0, "min": 0, "sm": 0.047619047619047616, "value": [162, 46, 77, 73, 63, 30, 28, 72, 14, 11, 9, 3, 8, 0, 11, 0, 3, 2, 0, 0, 0, 23]}, 0.2088361724447591]}, "rate-35": {"ANB": [{"max": 0.05351855382485824, "min": 0.0, "sm": 0.0025485025630884875, "value": [400, 146, 54, 47, 24, 16, 10, 11, 7, 7, 2, 1, 3, 2, 0, 1, 2, 2, 2, 0, 1, 1]}, 0.004604348696784637], "ACC": [{"max": 0.29604656225057785, "min": 0.0013550135501355014, "sm": 0.014032930890497255, "value": [21, 0, 0, 0, 0, 0, 0, 1, 1, 6, 16, 38, 50, 70, 122, 131, 113, 94, 57, 14, 4, 1]}, 0.21002614260958055], "LCC": [{"max": 1.0, "min": 0, "sm": 0.047619047619047616, "value": [181, 54, 74, 82, 94, 47, 26, 84, 20, 10, 16, 4, 6, 1, 14, 1, 0, 1, 0, 0, 0, 24]}, 0.20900606748898606]}, "rate-40": {"ANB": [{"max": 0.04034162337215294, "min": 0.0, "sm": 0.0019210296843882352, "value": [421, 169, 80, 52, 34, 23, 14, 14, 4, 3, 7, 2, 2, 2, 2, 3, 4, 3, 3, 0, 2, 1]}, 0.003960767567126291], "ACC": [{"max": 0.2978106812322963, "min": 0.001184834123222749, "sm": 0.014125040338527314, "value": [12, 0, 0, 0, 0, 0, 0, 0, 1, 3, 6, 27, 38, 62, 110, 173, 148, 141, 75, 36, 12, 1]}, 0.22306149880469694], "LCC": [{"max": 1.0, "min": 0, "sm": 0.047619047619047616, "value": [191, 67, 116, 97, 89, 51, 40, 85, 25, 9, 14, 7, 5, 1, 14, 0, 3, 2, 0, 0, 0, 29]}, 0.2091352485745402]}}