{"rate-5": {"ANB": [{"max": 0.593928927059995, "min": 0.0, "sm": 0.02828232985999976, "value": [28, 5, 8, 7, 4, 8, 3, 2, 4, 6, 3, 4, 2, 3, 3, 3, 4, 7, 0, 0, 0, 1]}, 0.18397346989579996], "ACC": [{"max": 0.07222222222222222, "min": 0.026222894604135148, "sm": 0.0021904441722898605, "value": [4, 2, 3, 2, 2, 2, 2, 4, 8, 4, 5, 6, 4, 10, 7, 9, 7, 5, 8, 6, 4, 1]}, 0.0534170989766155], "LCC": [{"max": 1.0, "min": 0, "sm": 0.047619047619047616, "value": [95, 0, 1, 2, 1, 0, 1, 1, 0, 0, 0, 0, 0, 0, 1, 0, 0, 0, 0, 0, 0, 3]}, 0.0473015873015873]}, "rate-10": {"ANB": [{"max": 0.44924432292853334, "min": 0.0, "sm": 0.021392586806120634, "value": [60, 27, 19, 24, 24, 11, 3, 1, 5, 4, 8, 2, 0, 12, 8, 0, 1, 0, 1, 0, 0, 1]}, 0.09185134313595276], "ACC": [{"max": 0.06739409499358151, "min": 0.033865505563618774, "sm": 0.0015965994966648921, "value": [4, 7, 9, 6, 6, 5, 12, 20, 13, 13, 16, 9, 13, 18, 19, 10, 10, 4, 9, 4, 3, 1]}, 0.05081605834524736], "LCC": [{"max": 1.0, "min": 0, "sm": 0.047619047619047616, "value": [196, 3, 0, 4, 0, 0, 0, 1, 0, 0, 0, 0, 0, 0, 0, 0, 0, 0, 0, 0, 0, 7]}, 0.03886255924170616]}, "rate-15": {"ANB": [{"max": 0.24809566864720545, "min": 0.0, "sm": 0.011814079459390735, "value": [104, 50, 40, 28, 22, 9, 16, 4, 5, 6, 6, 5, 5, 3, 4, 5, 1, 0, 2, 1, 0, 1]}, 0.0422737653141359], "ACC": [{"max": 0.10449735449735449, "min": 0.03385109801821103, "sm": 0.003364107451387784, "value": [11, 6, 7, 12, 9, 12, 9, 8, 16, 14, 12, 6, 17, 16, 17, 37, 28, 28, 33, 11, 7, 1]}, 0.07582166778027022], "LCC": [{"max": 1.0, "min": 0, "sm": 0.047619047619047616, "value": [294, 3, 3, 6, 0, 0, 0, 1, 0, 0, 0, 0, 0, 0, 0, 0, 0, 0, 0, 0, 0, 10]}, 0.03743427970557308]}, "rate-20": {"ANB": [{"max": 0.28999530804501966, "min": 0.0, "sm": 0.013809300383096175, "value": [235, 81, 31, 16, 9, 8, 8, 9, 4, 1, 3, 1, 3, 3, 1, 1, 0, 2, 3, 1, 1, 1]}, 0.0284551832237888], "ACC": [{"max": 0.1155958264689731, "min": 0.042366911542719134, "sm": 0.0034870911869644746, "value": [16, 9, 6, 11, 8, 6, 22, 21, 19, 31, 28, 44, 38, 40, 38, 36, 15, 16, 9, 6, 2, 1]}, 0.08107727686527971], "LCC": [{"max": 1.0, "min": 0, "sm": 0.047619047619047616, "value": [388, 1, 2, 8, 0, 0, 0, 5, 1, 1, 1, 1, 0, 0, 1, 2, 0, 0, 0, 0, 0, 11]}, 0.04330850823741818]}, "rate-25": {"ANB": [{"max": 0.1503169004732502, "min": 0.0, "sm": 0.0071579476415833425, "value": [263, 94, 63, 32, 22, 17, 10, 8, 4, 3, 0, 2, 2, 1, 1, 2, 1, 0, 1, 0, 1, 1]}, 0.014262189940034975], "ACC": [{"max": 0.18004783054321832, "min": 0.06220491029272899, "sm": 0.005611567630975683, "value": [3, 4, 13, 15, 17, 26, 31, 30, 33, 51, 46, 39, 52, 39, 36, 40, 26, 10, 11, 4, 1, 1]}, 0.12251670044109023], "LCC": [{"max": 1.0, "min": 0, "sm": 0.047619047619047616, "value": [500, 3, 3, 9, 0, 0, 0, 6, 0, 0, 0, 0, 0, 0, 0, 0, 0, 0, 0, 0, 0, 7]}, 0.020961099086099083]}, "rate-30": {"ANB": [{"max": 0.102070489709008, "min": 0.0, "sm": 0.004860499509952762, "value": [292, 118, 76, 37, 22, 21, 11, 10, 12, 3, 6, 3, 3, 4, 6, 1, 1, 3, 1, 0, 3, 1]}, 0.011770237024860688], "ACC": [{"max": 0.17168429617575265, "min": 0.06459842841106235, "sm": 0.005099327036413824, "value": [3, 4, 10, 11, 18, 23, 22, 43, 44, 45, 54, 73, 64, 52, 47, 55, 29, 17, 10, 8, 1, 1]}, 0.12215639833276017], "LCC": [{"max": 1.0, "min": 0, "sm": 0.047619047619047616, "value": [560, 4, 10, 20, 3, 0, 1, 9, 0, 0, 0, 0, 0, 0, 5, 0, 0, 0, 0, 0, 0, 22]}, 0.05362320819734069]}, "rate-35": {"ANB": [{"max": 0.14686293241651502, "min": 0.0, "sm": 0.006993472972215001, "value": [421, 141, 64, 38, 29, 11, 12, 8, 4, 3, 2, 0, 0, 1, 4, 0, 0, 0, 0, 0, 0, 1]}, 0.01097175277545745], "ACC": [{"max": 0.1591546258356696, "min": 0.06344021318662425, "sm": 0.004557829173764065, "value": [3, 2, 9, 15, 23, 29, 40, 45, 46, 67, 91, 73, 93, 63, 63, 34, 22, 13, 2, 4, 1, 1]}, 0.11260175369881367], "LCC": [{"max": 1.0, "min": 0, "sm": 0.047619047619047616, "value": [640, 11, 10, 26, 3, 0, 0, 24, 0, 0, 1, 0, 0, 0, 1, 0, 0, 0, 0, 0, 0, 23]}, 0.05256908930792557]}, "rate-40": {"ANB": [{"max": 0.12086918704540336, "min": 0.0, "sm": 0.005755675573590637, "value": [537, 129, 74, 34, 21, 13, 13, 3, 6, 3, 2, 3, 1, 1, 2, 1, 0, 0, 0, 0, 1, 1]}, 0.008001480479207677], "ACC": [{"max": 0.17448831920611949, "min": 0.08512355017650025, "sm": 0.00425546519188663, "value": [2, 4, 7, 14, 27, 26, 48, 58, 83, 77, 101, 81, 77, 82, 61, 44, 17, 17, 9, 8, 1, 1]}, 0.1309672087504776], "LCC": [{"max": 1.0, "min": 0, "sm": 0.047619047619047616, "value": [751, 12, 18, 19, 3, 0, 1, 20, 0, 0, 0, 0, 0, 0, 0, 0, 0, 0, 0, 0, 0, 21]}, 0.04087801087801087]}}