{"rate-5": {"ANB": [{"max": 0.0003663003663003663, "min": 0.0, "sm": 1.7442874585731727e-05, "value": [102, 0, 0, 0, 0, 0, 0, 0, 0, 0, 2, 0, 0, 0, 0, 0, 0, 0, 0, 0, 0, 2]}, 1.036699149906697e-05], "ACC": [{"max": 0.02142857142857143, "min": 0.009523809523809525, "sm": 0.0005668934240362812, "value": [96, 0, 0, 0, 0, 4, 0, 0, 2, 0, 0, 0, 0, 0, 0, 0, 2, 0, 0, 0, 0, 2]}, 0.010137765798143145], "LCC": [{"max": 0, "min": 0, "sm": 0.0, "value": [106, 0, 0, 0, 0, 0, 0, 0, 0, 0, 0, 0, 0, 0, 0, 0, 0, 0, 0, 0, 0, 0]}, 0.0]}, "rate-10": {"ANB": [{"max": 9.027307605506658e-05, "min": 0.0, "sm": 4.2987179073841225e-06, "value": [200, 0, 0, 0, 0, 0, 0, 0, 0, 0, 10, 0, 0, 0, 0, 0, 0, 0, 0, 0, 0, 2]}, 2.980714775403142e-06], "ACC": [{"max": 0.010663507109004738, "min": 0.004739336492890996, "sm": 0.000282103362672083, "value": [178, 0, 0, 0, 0, 20, 0, 0, 2, 0, 0, 0, 0, 0, 0, 0, 10, 0, 0, 0, 0, 2]}, 0.005190169602670733], "LCC": [{"max": 0, "min": 0, "sm": 0.0, "value": [212, 0, 0, 0, 0, 0, 0, 0, 0, 0, 0, 0, 0, 0, 0, 0, 0, 0, 0, 0, 0, 0]}, 0.0]}, "rate-15": {"ANB": [{"max": 0.0001397596134648405, "min": 0.0, "sm": 6.655219688801928e-06, "value": [288, 0, 14, 0, 0, 6, 0, 0, 0, 6, 0, 1, 0, 0, 1, 0, 0, 0, 0, 0, 0, 2]}, 4.20660112405405e-06], "ACC": [{"max": 0.011266336187471833, "min": 0.0031545741324921135, "sm": 0.00038627438357046286, "value": [236, 0, 28, 0, 8, 0, 10, 0, 16, 0, 12, 0, 0, 2, 0, 0, 3, 1, 0, 0, 0, 2]}, 0.003842525635871255], "LCC": [{"max": 0, "min": 0, "sm": 0.0, "value": [318, 0, 0, 0, 0, 0, 0, 0, 0, 0, 0, 0, 0, 0, 0, 0, 0, 0, 0, 0, 0, 0]}, 0.0]}, "rate-20": {"ANB": [{"max": 0.00021490781585793462, "min": 0.0, "sm": 1.0233705517044505e-05, "value": [367, 16, 16, 7, 2, 1, 9, 0, 0, 0, 0, 0, 0, 0, 0, 1, 1, 0, 0, 1, 0, 1]}, 5.414240309715986e-06], "ACC": [{"max": 0.012932172077065188, "min": 0.0023752969121140144, "sm": 0.0005027083411881511, "value": [280, 32, 20, 7, 18, 16, 20, 5, 4, 3, 5, 3, 0, 2, 3, 0, 2, 0, 1, 0, 0, 1]}, 0.003282681025821045], "LCC": [{"max": 0, "min": 0, "sm": 0.0, "value": [422, 0, 0, 0, 0, 0, 0, 0, 0, 0, 0, 0, 0, 0, 0, 0, 0, 0, 0, 0, 0, 0]}, 0.0]}, "rate-25": {"ANB": [{"max": 0.0005771964127242949, "min": 0.0, "sm": 2.7485543463061664e-05, "value": [479, 20, 10, 3, 2, 2, 1, 1, 1, 0, 0, 0, 0, 0, 2, 2, 0, 2, 2, 0, 0, 1]}, 1.46212159473247e-05], "ACC": [{"max": 0.01097858498238005, "min": 0.0018975332068311196, "sm": 0.0004324310369309014, "value": [284, 52, 22, 21, 40, 36, 3, 17, 15, 12, 7, 4, 2, 5, 4, 1, 1, 1, 0, 0, 0, 1]}, 0.0029693962709805535], "LCC": [{"max": 0, "min": 0, "sm": 0.0, "value": [528, 0, 0, 0, 0, 0, 0, 0, 0, 0, 0, 0, 0, 0, 0, 0, 0, 0, 0, 0, 0, 0]}, 0.0]}, "rate-30": {"ANB": [{"max": 0.0004883858846512277, "min": 0.0, "sm": 2.3256470697677513e-05, "value": [566, 33, 8, 11, 2, 3, 3, 1, 2, 0, 0, 2, 1, 1, 0, 0, 1, 0, 0, 0, 0, 1]}, 1.1159966703744898e-05], "ACC": [{"max": 0.01043792911486361, "min": 0.0015772870662460567, "sm": 0.0004219353356484549, "value": [266, 98, 34, 62, 49, 17, 21, 22, 17, 9, 7, 8, 7, 5, 3, 3, 2, 1, 1, 1, 1, 1]}, 0.0027996506196986937], "LCC": [{"max": 0, "min": 0, "sm": 0.0, "value": [635, 0, 0, 0, 0, 0, 0, 0, 0, 0, 0, 0, 0, 0, 0, 0, 0, 0, 0, 0, 0, 0]}, 0.0]}, "rate-35": {"ANB": [{"max": 0.00023165767614256874, "min": 0.0, "sm": 1.1031317911550892e-05, "value": [591, 50, 23, 24, 13, 8, 1, 5, 4, 4, 3, 2, 1, 2, 2, 1, 1, 1, 1, 1, 0, 1]}, 9.886887095287135e-06], "ACC": [{"max": 0.006939311817360597, "min": 0.0013550135501355014, "sm": 0.00026591896510595693, "value": [302, 72, 20, 18, 20, 61, 45, 25, 28, 21, 26, 31, 13, 19, 5, 9, 5, 1, 9, 7, 0, 2]}, 0.0025201261406284565], "LCC": [{"max": 0, "min": 0, "sm": 0.0, "value": [739, 0, 0, 0, 0, 0, 0, 0, 0, 0, 0, 0, 0, 0, 0, 0, 0, 0, 0, 0, 0, 0]}, 0.0]}, "rate-40": {"ANB": [{"max": 0.007064135281415631, "min": 0.0, "sm": 0.0003363873943531253, "value": [798, 14, 9, 4, 1, 2, 1, 4, 2, 0, 1, 5, 1, 0, 3, 0, 0, 0, 0, 0, 0, 1]}, 0.00011641330472242417], "ACC": [{"max": 0.016634816844334953, "min": 0.001183431952662722, "sm": 0.000735780232936773, "value": [382, 115, 113, 59, 40, 20, 13, 9, 10, 11, 14, 8, 16, 7, 6, 5, 4, 7, 3, 2, 1, 1]}, 0.003237106689428405], "LCC": [{"max": 0, "min": 0, "sm": 0.0, "value": [846, 0, 0, 0, 0, 0, 0, 0, 0, 0, 0, 0, 0, 0, 0, 0, 0, 0, 0, 0, 0, 0]}, 0.0]}}