{"rate-5": {"ANB": [{"max": 0.1332991038088125, "min": 0.0, "sm": 0.006347576371848214, "value": [70, 12, 2, 2, 3, 0, 1, 3, 0, 4, 2, 0, 0, 0, 0, 0, 1, 0, 0, 2, 2, 1]}, 0.015315267257014828], "ACC": [{"max": 0.1364208935169634, "min": 0.009615384615384616, "sm": 0.006038357566741847, "value": [34, 5, 2, 4, 2, 0, 0, 0, 2, 7, 4, 9, 6, 5, 3, 5, 5, 6, 0, 3, 2, 1]}, 0.05782875196556451], "LCC": [{"max": 1.0, "min": 0, "sm": 0.047619047619047616, "value": [79, 0, 2, 0, 1, 0, 1, 9, 1, 0, 2, 0, 1, 0, 1, 0, 0, 0, 0, 0, 0, 8]}, 0.13714285714285715]}, "rate-10": {"ANB": [{"max": 0.2974557244482056, "min": 0.0, "sm": 0.01416455830705741, "value": [159, 20, 9, 7, 2, 0, 2, 2, 2, 0, 0, 1, 0, 0, 0, 1, 1, 1, 1, 2, 0, 1]}, 0.019659877828997314], "ACC": [{"max": 0.15989536888413294, "min": 0.004761904761904762, "sm": 0.0073873078153441985, "value": [32, 5, 5, 3, 1, 0, 0, 1, 7, 14, 20, 9, 12, 17, 25, 24, 14, 10, 7, 3, 1, 1]}, 0.08519489732401181], "LCC": [{"max": 1.0, "min": 0, "sm": 0.047619047619047616, "value": [129, 2, 10, 12, 5, 2, 2, 19, 1, 0, 5, 0, 0, 0, 7, 0, 0, 1, 0, 0, 0, 16]}, 0.1705559316933724]}, "rate-15": {"ANB": [{"max": 0.1500093082046424, "min": 0.0, "sm": 0.007143300390697257, "value": [190, 35, 26, 16, 12, 8, 7, 2, 3, 7, 1, 2, 3, 0, 1, 1, 0, 1, 1, 0, 0, 1]}, 0.013887668765279278], "ACC": [{"max": 0.1992509807409164, "min": 0.0031645569620253164, "sm": 0.009337448751375767, "value": [32, 0, 0, 0, 0, 0, 0, 1, 4, 7, 15, 15, 19, 24, 37, 40, 47, 35, 18, 17, 5, 1]}, 0.13096107263843948], "LCC": [{"max": 1.0, "min": 0, "sm": 0.047619047619047616, "value": [188, 8, 21, 24, 11, 4, 14, 24, 1, 1, 2, 0, 0, 0, 5, 0, 0, 0, 0, 0, 0, 14]}, 0.13133179473873477]}, "rate-20": {"ANB": [{"max": 0.12699494000789283, "min": 0.0, "sm": 0.006047378095613944, "value": [262, 68, 38, 21, 8, 7, 3, 6, 2, 2, 0, 3, 0, 1, 1, 0, 0, 0, 0, 0, 0, 1]}, 0.00837335208171343], "ACC": [{"max": 0.2614483439269462, "min": 0.002369668246445498, "sm": 0.012337079794309556, "value": [28, 0, 0, 0, 0, 0, 0, 0, 1, 4, 6, 15, 36, 68, 54, 69, 57, 42, 31, 9, 2, 1]}, 0.1769207905947603], "LCC": [{"max": 1.0, "min": 0, "sm": 0.047619047619047616, "value": [165, 18, 44, 33, 30, 14, 12, 42, 12, 8, 7, 2, 2, 0, 18, 0, 0, 1, 0, 0, 0, 15]}, 0.191679285292679]}, "rate-25": {"ANB": [{"max": 0.08434231439896617, "min": 0.0, "sm": 0.0040163006856650555, "value": [304, 77, 45, 38, 19, 12, 8, 6, 4, 2, 3, 2, 0, 1, 2, 1, 0, 0, 1, 1, 1, 1]}, 0.007098736989304154], "ACC": [{"max": 0.26346766153153445, "min": 0.0018975332068311196, "sm": 0.012455720396414445, "value": [15, 0, 0, 0, 0, 0, 0, 0, 0, 0, 7, 12, 23, 52, 76, 94, 88, 94, 33, 29, 4, 1]}, 0.1938087882920382], "LCC": [{"max": 1.0, "min": 0, "sm": 0.047619047619047616, "value": [187, 28, 56, 42, 49, 23, 12, 53, 14, 3, 11, 1, 3, 0, 16, 0, 0, 1, 0, 0, 0, 29]}, 0.2037491433815843]}, "rate-30": {"ANB": [{"max": 0.06818713447500482, "min": 0.0, "sm": 0.003247006403571658, "value": [365, 108, 56, 32, 17, 15, 9, 8, 6, 2, 1, 4, 6, 0, 1, 1, 1, 2, 0, 0, 0, 1]}, 0.005717214841170408], "ACC": [{"max": 0.29423484252739535, "min": 0.0015772870662460567, "sm": 0.013936074069578539, "value": [9, 0, 0, 0, 0, 0, 1, 2, 5, 6, 10, 24, 42, 65, 96, 141, 112, 73, 34, 13, 1, 1]}, 0.2106641058432116], "LCC": [{"max": 1.0, "min": 0, "sm": 0.047619047619047616, "value": [177, 51, 76, 61, 72, 30, 33, 62, 14, 10, 15, 3, 4, 0, 9, 0, 1, 4, 0, 0, 0, 13]}, 0.18844573691634306]}, "rate-35": {"ANB": [{"max": 0.04956334017485669, "min": 0.0, "sm": 0.0023601590559455565, "value": [370, 160, 73, 42, 22, 15, 15, 7, 4, 4, 5, 7, 1, 3, 1, 3, 4, 1, 1, 0, 0, 1]}, 0.004586410987686236], "ACC": [{"max": 0.2850321440840163, "min": 0.0013550135501355014, "sm": 0.013508434787327656, "value": [15, 0, 0, 0, 0, 0, 0, 0, 0, 2, 5, 13, 33, 45, 80, 132, 153, 129, 87, 31, 13, 1]}, 0.21577989436097295], "LCC": [{"max": 1.0, "min": 0, "sm": 0.047619047619047616, "value": [172, 45, 87, 91, 87, 45, 46, 67, 15, 11, 22, 4, 6, 0, 13, 1, 0, 0, 0, 0, 0, 27]}, 0.21307415779752684]}, "rate-40": {"ANB": [{"max": 0.03958448640185663, "min": 0.0, "sm": 0.001884975542945554, "value": [433, 157, 71, 52, 38, 21, 22, 10, 4, 6, 4, 7, 6, 2, 2, 0, 4, 1, 1, 2, 2, 1]}, 0.003944070432850387], "ACC": [{"max": 0.2981510224964326, "min": 0.001183431952662722, "sm": 0.014141313835417613, "value": [14, 0, 0, 0, 0, 0, 1, 1, 3, 4, 7, 19, 27, 70, 108, 182, 177, 131, 67, 24, 10, 1]}, 0.22182275735686166], "LCC": [{"max": 1.0, "min": 0, "sm": 0.047619047619047616, "value": [201, 62, 142, 101, 91, 48, 29, 71, 25, 8, 16, 6, 9, 1, 10, 0, 1, 1, 2, 0, 0, 22]}, 0.19366796242905968]}}