{"rate-5": {"ANB": [{"max": 0.5617998506348021, "min": 0.0, "sm": 0.02675237383975248, "value": [24, 10, 9, 6, 6, 4, 1, 4, 3, 4, 3, 2, 3, 6, 3, 4, 3, 1, 7, 1, 0, 1]}, 0.18571428571428564], "ACC": [{"max": 0.07157604955264969, "min": 0.027513227513227514, "sm": 0.0020982296209248654, "value": [3, 3, 4, 5, 3, 5, 3, 4, 3, 2, 3, 3, 5, 8, 9, 8, 9, 9, 4, 6, 5, 1]}, 0.05303745816100221], "LCC": [{"max": 0, "min": 0, "sm": 0.0, "value": [105, 0, 0, 0, 0, 0, 0, 0, 0, 0, 0, 0, 0, 0, 0, 0, 0, 0, 0, 0, 0, 0]}, 0.0]}, "rate-10": {"ANB": [{"max": 0.3304464624765375, "min": 0.0, "sm": 0.01573554583221607, "value": [71, 26, 16, 14, 13, 10, 9, 11, 6, 9, 9, 4, 4, 3, 1, 1, 0, 3, 0, 0, 0, 1]}, 0.06510330112225844], "ACC": [{"max": 0.0963302752293578, "min": 0.04169976171564734, "sm": 0.002601453024462403, "value": [2, 1, 4, 9, 7, 9, 14, 17, 20, 10, 13, 12, 12, 12, 11, 16, 7, 10, 11, 10, 3, 1]}, 0.07095990714411236], "LCC": [{"max": 1.0, "min": 0, "sm": 0.047619047619047616, "value": [192, 0, 4, 2, 0, 0, 0, 4, 0, 0, 0, 0, 0, 0, 0, 0, 0, 0, 0, 0, 0, 9]}, 0.052584066802076286]}, "rate-15": {"ANB": [{"max": 0.4544982873599521, "min": 0.0, "sm": 0.021642775588569148, "value": [148, 69, 30, 28, 15, 6, 5, 6, 2, 4, 1, 0, 0, 0, 1, 0, 1, 0, 0, 0, 0, 1]}, 0.041805364614133526], "ACC": [{"max": 0.10874053682037164, "min": 0.030320475916330837, "sm": 0.0037342886144781334, "value": [4, 3, 3, 2, 2, 6, 9, 15, 25, 40, 33, 30, 27, 23, 24, 20, 19, 13, 13, 3, 2, 1]}, 0.07412796406310355], "LCC": [{"max": 1.0, "min": 0, "sm": 0.047619047619047616, "value": [291, 1, 2, 4, 1, 1, 1, 2, 1, 0, 2, 0, 0, 0, 1, 0, 0, 0, 0, 0, 0, 10]}, 0.04555605628160833]}, "rate-20": {"ANB": [{"max": 0.40987140402509414, "min": 0.0, "sm": 0.019517685905956865, "value": [303, 58, 33, 8, 5, 5, 4, 0, 1, 2, 0, 0, 0, 0, 1, 0, 1, 0, 0, 0, 0, 1]}, 0.020666396490714615], "ACC": [{"max": 0.16142638036809817, "min": 0.04758675257149316, "sm": 0.0054209346569811905, "value": [5, 1, 2, 4, 9, 21, 22, 23, 35, 42, 36, 47, 36, 41, 34, 23, 21, 12, 4, 3, 0, 1]}, 0.10772331990447834], "LCC": [{"max": 1.0, "min": 0, "sm": 0.047619047619047616, "value": [375, 1, 5, 13, 1, 0, 0, 11, 0, 0, 0, 0, 0, 0, 1, 0, 0, 0, 0, 0, 0, 15]}, 0.0530434678538944]}, "rate-25": {"ANB": [{"max": 0.19979772548062097, "min": 0.0, "sm": 0.009514177403839095, "value": [261, 114, 66, 21, 20, 6, 8, 10, 11, 4, 0, 2, 0, 1, 0, 0, 1, 0, 1, 1, 0, 1]}, 0.017746453029658042], "ACC": [{"max": 0.14489964256255156, "min": 0.055427008834665545, "sm": 0.00426060160608981, "value": [4, 8, 8, 11, 15, 29, 31, 41, 41, 42, 61, 48, 41, 45, 36, 24, 19, 12, 8, 3, 1, 0]}, 0.0998568723509956], "LCC": [{"max": 1.0, "min": 0, "sm": 0.047619047619047616, "value": [485, 5, 5, 11, 1, 0, 0, 10, 0, 0, 0, 0, 0, 0, 2, 0, 0, 0, 0, 0, 0, 9]}, 0.03144390331890332]}, "rate-30": {"ANB": [{"max": 0.1035275349712413, "min": 0.0, "sm": 0.004929882617678157, "value": [247, 139, 91, 43, 37, 13, 11, 8, 10, 7, 10, 3, 1, 2, 1, 3, 2, 1, 2, 1, 1, 1]}, 0.01227686168100503], "ACC": [{"max": 0.16164453524004085, "min": 0.06275403985327649, "sm": 0.004709071208893541, "value": [4, 2, 1, 10, 18, 23, 29, 41, 50, 47, 39, 58, 50, 63, 60, 61, 32, 23, 13, 6, 3, 1]}, 0.11740517531395293], "LCC": [{"max": 1.0, "min": 0, "sm": 0.047619047619047616, "value": [561, 8, 16, 16, 3, 0, 1, 19, 0, 0, 0, 0, 0, 0, 1, 0, 0, 0, 0, 0, 0, 9]}, 0.03426969105202544]}, "rate-35": {"ANB": [{"max": 0.105092583022588, "min": 0.0, "sm": 0.005004408715361334, "value": [404, 128, 74, 37, 26, 10, 8, 14, 7, 7, 7, 3, 3, 2, 1, 1, 3, 0, 1, 1, 1, 1]}, 0.009616433214473249], "ACC": [{"max": 0.17255085340191723, "min": 0.07133881101981633, "sm": 0.0048196210658143284, "value": [1, 5, 14, 18, 10, 22, 26, 37, 40, 72, 69, 76, 77, 73, 61, 53, 43, 24, 12, 3, 2, 1]}, 0.12661820637651813], "LCC": [{"max": 1.0, "min": 0, "sm": 0.047619047619047616, "value": [613, 15, 21, 20, 2, 1, 1, 24, 0, 0, 2, 0, 4, 1, 4, 0, 1, 0, 0, 0, 0, 30]}, 0.07181743981473347]}, "rate-40": {"ANB": [{"max": 0.11882762780514071, "min": 0.0, "sm": 0.0056584584669114625, "value": [514, 147, 74, 45, 23, 11, 7, 5, 1, 4, 3, 3, 5, 1, 0, 0, 0, 1, 0, 0, 0, 1]}, 0.007972698558245998], "ACC": [{"max": 0.1878059635068981, "min": 0.05358389943495651, "sm": 0.006391526860568647, "value": [2, 2, 1, 3, 6, 12, 31, 41, 35, 63, 63, 74, 105, 95, 105, 80, 63, 37, 14, 8, 4, 1]}, 0.13363008058594594], "LCC": [{"max": 1.0, "min": 0, "sm": 0.047619047619047616, "value": [711, 23, 13, 32, 9, 0, 2, 26, 0, 0, 1, 0, 0, 0, 3, 0, 0, 0, 0, 0, 0, 25]}, 0.05534294108258604]}}