{"rate-5": {"ANB": [{"max": 0.00018670649738610905, "min": 0.0, "sm": 8.890785589814717e-06, "value": [102, 0, 0, 0, 0, 0, 0, 0, 0, 0, 0, 0, 0, 0, 0, 0, 0, 0, 0, 0, 0, 3]}, 5.33447135388883e-06], "ACC": [{"max": 0.019230769230769232, "min": 0.009615384615384616, "sm": 0.0004578754578754579, "value": [96, 0, 0, 0, 0, 0, 6, 0, 0, 0, 0, 0, 0, 0, 0, 0, 0, 0, 0, 0, 0, 3]}, 0.010073260073260058], "LCC": [{"max": 0, "min": 0, "sm": 0.0, "value": [105, 0, 0, 0, 0, 0, 0, 0, 0, 0, 0, 0, 0, 0, 0, 0, 0, 0, 0, 0, 0, 0]}, 0.0]}, "rate-10": {"ANB": [{"max": 0.0003189792663476874, "min": 0.0, "sm": 1.5189488873699399e-05, "value": [190, 0, 0, 11, 0, 0, 6, 0, 0, 1, 0, 0, 1, 0, 0, 0, 0, 0, 1, 0, 0, 1]}, 9.286464761645607e-06], "ACC": [{"max": 0.01488095238095238, "min": 0.004761904761904762, "sm": 0.00048185941043083896, "value": [156, 0, 0, 22, 6, 0, 0, 4, 0, 11, 2, 0, 6, 0, 1, 0, 0, 0, 0, 1, 0, 2]}, 0.005708321243189206], "LCC": [{"max": 0, "min": 0, "sm": 0.0, "value": [211, 0, 0, 0, 0, 0, 0, 0, 0, 0, 0, 0, 0, 0, 0, 0, 0, 0, 0, 0, 0, 0]}, 0.0]}, "rate-15": {"ANB": [{"max": 0.00017969093159765203, "min": 0.0, "sm": 8.55671102845962e-06, "value": [287, 0, 21, 0, 4, 0, 0, 3, 0, 1, 0, 1, 0, 0, 0, 0, 0, 0, 0, 0, 0, 1]}, 3.51596511861234e-06], "ACC": [{"max": 0.013144058885383806, "min": 0.0031545741324921135, "sm": 0.0004756897501376997, "value": [228, 0, 42, 4, 0, 7, 23, 1, 4, 3, 0, 1, 0, 2, 2, 0, 0, 0, 0, 0, 0, 1]}, 0.003832306057620012], "LCC": [{"max": 0, "min": 0, "sm": 0.0, "value": [318, 0, 0, 0, 0, 0, 0, 0, 0, 0, 0, 0, 0, 0, 0, 0, 0, 0, 0, 0, 0, 0]}, 0.0]}, "rate-20": {"ANB": [{"max": 0.0005290945728405623, "min": 0.0, "sm": 2.5194979659074396e-05, "value": [387, 16, 5, 3, 3, 1, 1, 2, 1, 0, 0, 0, 1, 0, 1, 1, 0, 0, 0, 0, 0, 1]}, 1.0831522113883048e-05], "ACC": [{"max": 0.011766628534074194, "min": 0.002369668246445498, "sm": 0.0004474742994108903, "value": [252, 42, 16, 6, 11, 31, 29, 1, 10, 1, 6, 6, 0, 5, 3, 1, 0, 1, 0, 0, 1, 1]}, 0.0033894925088510824], "LCC": [{"max": 0, "min": 0, "sm": 0.0, "value": [423, 0, 0, 0, 0, 0, 0, 0, 0, 0, 0, 0, 0, 0, 0, 0, 0, 0, 0, 0, 0, 0]}, 0.0]}, "rate-25": {"ANB": [{"max": 0.0003246729821574159, "min": 0.0, "sm": 1.5460618197972188e-05, "value": [490, 11, 8, 2, 6, 5, 0, 0, 1, 1, 0, 0, 1, 1, 0, 0, 0, 0, 1, 0, 0, 1]}, 6.244762325165779e-06], "ACC": [{"max": 0.01050941468398774, "min": 0.0018975332068311196, "sm": 0.00041008959415031525, "value": [302, 76, 20, 5, 46, 27, 9, 6, 6, 9, 8, 1, 3, 2, 3, 0, 2, 0, 1, 0, 1, 1]}, 0.0027428938330659553], "LCC": [{"max": 0, "min": 0, "sm": 0.0, "value": [528, 0, 0, 0, 0, 0, 0, 0, 0, 0, 0, 0, 0, 0, 0, 0, 0, 0, 0, 0, 0, 0]}, 0.0]}, "rate-30": {"ANB": [{"max": 0.001329813826064351, "min": 0.0, "sm": 6.332446790782625e-05, "value": [605, 12, 3, 3, 3, 2, 0, 0, 0, 3, 0, 0, 0, 1, 0, 1, 0, 0, 0, 0, 1, 0]}, 1.7655256970648776e-05], "ACC": [{"max": 0.015153404839112, "min": 0.001579778830963665, "sm": 0.0006463631432451587, "value": [326, 59, 75, 57, 32, 19, 13, 7, 14, 2, 5, 4, 6, 2, 2, 7, 1, 0, 1, 1, 0, 1]}, 0.003075065109572775], "LCC": [{"max": 1.0, "min": 0, "sm": 0.047619047619047616, "value": [631, 1, 0, 0, 0, 0, 0, 1, 0, 0, 0, 0, 0, 0, 0, 0, 0, 0, 0, 0, 0, 1]}, 0.002178158329577888]}, "rate-35": {"ANB": [{"max": 0.000689425026861906, "min": 0.0, "sm": 3.2829763183900286e-05, "value": [649, 27, 19, 11, 4, 6, 4, 5, 3, 3, 3, 1, 0, 0, 2, 0, 0, 1, 1, 0, 1, 0]}, 2.0298195155451144e-05], "ACC": [{"max": 0.011907983761840326, "min": 0.0013531799729364006, "sm": 0.0005026097042335202, "value": [358, 34, 72, 58, 39, 40, 22, 17, 27, 11, 18, 13, 6, 6, 7, 2, 3, 3, 0, 2, 1, 1]}, 0.0029179392912673124], "LCC": [{"max": 1.0, "min": 0, "sm": 0.047619047619047616, "value": [737, 0, 0, 1, 0, 0, 0, 1, 0, 0, 0, 0, 0, 0, 0, 0, 0, 0, 0, 0, 0, 1]}, 0.002027027027027027]}, "rate-40": {"ANB": [{"max": 0.001204511083750766, "min": 0.0, "sm": 5.735767065479838e-05, "value": [756, 36, 5, 14, 12, 0, 5, 1, 1, 3, 2, 1, 1, 1, 1, 1, 1, 1, 1, 0, 1, 1]}, 3.324624573406663e-05], "ACC": [{"max": 0.012090905698399075, "min": 0.001184834123222749, "sm": 0.0005193367416750632, "value": [330, 73, 128, 46, 53, 41, 39, 31, 18, 19, 18, 11, 9, 6, 7, 6, 5, 2, 0, 0, 2, 1]}, 0.002912152990619328], "LCC": [{"max": 1.0, "min": 0, "sm": 0.047619047619047616, "value": [836, 1, 0, 1, 0, 0, 0, 2, 0, 0, 0, 0, 0, 0, 0, 0, 0, 0, 0, 0, 0, 5]}, 0.006982248520710059]}}