{"rate-5": {"ANB": [{"max": 0.0007468259895444362, "min": 0.0, "sm": 3.556314235925887e-05, "value": [98, 0, 0, 0, 0, 3, 0, 0, 0, 0, 0, 0, 0, 0, 0, 3, 0, 0, 0, 0, 0, 1]}, 2.8450513887407095e-05], "ACC": [{"max": 0.028846153846153848, "min": 0.0, "sm": 0.0013736263736263737, "value": [75, 0, 0, 0, 0, 0, 0, 12, 0, 6, 0, 2, 3, 0, 3, 0, 2, 0, 1, 0, 0, 1]}, 0.004106052677481251], "LCC": [{"max": 0, "min": 0, "sm": 0.0, "value": [105, 0, 0, 0, 0, 0, 0, 0, 0, 0, 0, 0, 0, 0, 0, 0, 0, 0, 0, 0, 0, 0]}, 0.0]}, "rate-10": {"ANB": [{"max": 0.0014581909318751424, "min": 0.0, "sm": 6.943766342262583e-05, "value": [179, 4, 6, 6, 2, 4, 0, 4, 0, 1, 2, 0, 0, 1, 0, 1, 0, 0, 0, 0, 0, 1]}, 6.21977174733473e-05], "ACC": [{"max": 0.023809523809523808, "min": 0.0, "sm": 0.0011337868480725624, "value": [110, 0, 0, 0, 28, 10, 6, 2, 12, 10, 5, 8, 2, 5, 6, 4, 0, 0, 2, 0, 0, 1]}, 0.004685749661285301], "LCC": [{"max": 1.0, "min": 0, "sm": 0.047619047619047616, "value": [199, 0, 0, 1, 0, 0, 0, 5, 0, 0, 0, 0, 0, 0, 0, 0, 0, 0, 0, 0, 0, 6]}, 0.03712480252764613]}, "rate-15": {"ANB": [{"max": 0.05822110278710638, "min": 0.0, "sm": 0.0027724334660526847, "value": [275, 20, 6, 6, 4, 1, 2, 0, 0, 2, 0, 0, 0, 0, 0, 0, 0, 0, 0, 0, 0, 1]}, 0.0014132517466782523], "ACC": [{"max": 0.09617849703573145, "min": 0.0, "sm": 0.004579928430272926, "value": [147, 17, 12, 14, 14, 11, 1, 4, 2, 4, 10, 13, 18, 13, 9, 9, 13, 3, 1, 1, 0, 1]}, 0.022933879685788867], "LCC": [{"max": 1.0, "min": 0, "sm": 0.047619047619047616, "value": [275, 2, 2, 2, 0, 1, 1, 12, 1, 0, 1, 0, 0, 0, 5, 0, 0, 0, 0, 0, 0, 15]}, 0.0772420009013069]}, "rate-20": {"ANB": [{"max": 0.038288219340136535, "min": 0.0, "sm": 0.0018232485400065017, "value": [312, 37, 15, 20, 8, 4, 6, 10, 1, 2, 1, 1, 0, 2, 2, 0, 0, 0, 0, 0, 0, 1]}, 0.002071161343825166], "ACC": [{"max": 0.08438554819352419, "min": 0.0, "sm": 0.004018359437786866, "value": [168, 10, 0, 0, 0, 2, 5, 9, 20, 28, 29, 33, 24, 27, 20, 13, 14, 12, 6, 1, 0, 1]}, 0.028802166145217745], "LCC": [{"max": 1.0, "min": 0, "sm": 0.047619047619047616, "value": [348, 8, 5, 9, 2, 0, 0, 24, 1, 0, 0, 0, 0, 0, 6, 0, 0, 0, 0, 0, 0, 19]}, 0.08151716635128957]}, "rate-25": {"ANB": [{"max": 0.093328923876854, "min": 0.0, "sm": 0.004444234470326381, "value": [367, 58, 32, 12, 21, 8, 11, 3, 3, 2, 5, 2, 0, 0, 0, 1, 1, 1, 0, 0, 0, 1]}, 0.005566064611453893], "ACC": [{"max": 0.12713270727851772, "min": 0.0, "sm": 0.006053938441834177, "value": [170, 2, 0, 0, 0, 0, 0, 0, 0, 0, 6, 20, 28, 43, 63, 51, 72, 42, 20, 8, 2, 1]}, 0.06260172841966716], "LCC": [{"max": 1.0, "min": 0, "sm": 0.047619047619047616, "value": [417, 6, 10, 18, 8, 1, 5, 32, 1, 2, 4, 0, 1, 0, 4, 0, 0, 0, 0, 0, 0, 19]}, 0.08334739446036235]}, "rate-30": {"ANB": [{"max": 0.06960785301836202, "min": 0.0, "sm": 0.0033146596675410487, "value": [419, 82, 44, 22, 17, 16, 7, 9, 5, 5, 2, 2, 0, 0, 0, 0, 1, 0, 2, 0, 0, 1]}, 0.004377044942414685], "ACC": [{"max": 0.15447042619238513, "min": 0.0, "sm": 0.007355734580589768, "value": [170, 20, 1, 0, 0, 0, 0, 0, 2, 9, 16, 33, 45, 62, 84, 60, 65, 39, 20, 7, 0, 1]}, 0.07594148119922967], "LCC": [{"max": 1.0, "min": 0, "sm": 0.047619047619047616, "value": [474, 13, 22, 23, 12, 6, 6, 40, 3, 0, 3, 0, 0, 0, 5, 0, 0, 0, 0, 0, 0, 27]}, 0.09364328276000208]}, "rate-35": {"ANB": [{"max": 0.08803099028546052, "min": 0.0, "sm": 0.004191951918355263, "value": [523, 87, 49, 28, 23, 8, 6, 3, 1, 1, 3, 0, 1, 2, 1, 1, 0, 0, 0, 1, 0, 1]}, 0.0045550685106790865], "ACC": [{"max": 0.1746461909063535, "min": 0.0, "sm": 0.00831648528125493, "value": [158, 0, 0, 0, 0, 0, 0, 0, 0, 2, 7, 32, 58, 96, 103, 101, 86, 55, 30, 6, 5, 0]}, 0.09805375967680248], "LCC": [{"max": 1.0, "min": 0, "sm": 0.047619047619047616, "value": [486, 28, 32, 30, 20, 6, 10, 65, 7, 0, 4, 0, 2, 0, 14, 0, 0, 0, 0, 0, 0, 35]}, 0.12288469311473377]}, "rate-40": {"ANB": [{"max": 0.06379293410695269, "min": 0.0, "sm": 0.003037758766997747, "value": [562, 107, 63, 38, 26, 13, 9, 7, 3, 4, 3, 4, 2, 0, 0, 1, 0, 0, 1, 0, 1, 1]}, 0.003893277089494441], "ACC": [{"max": 0.20226448608075698, "min": 0.0, "sm": 0.009631642194321761, "value": [141, 0, 0, 0, 0, 0, 0, 0, 1, 10, 14, 24, 42, 79, 115, 129, 111, 90, 52, 25, 11, 1]}, 0.12408773840859158], "LCC": [{"max": 1.0, "min": 0, "sm": 0.047619047619047616, "value": [484, 42, 57, 55, 47, 6, 13, 57, 8, 2, 11, 1, 2, 0, 9, 0, 0, 0, 1, 0, 0, 50]}, 0.14273314422929215]}}