{"rate-5": {"ANB": [{"max": 0.22734359812869892, "min": 0.0, "sm": 0.010825885625176139, "value": [31, 12, 14, 8, 8, 4, 7, 4, 3, 1, 2, 1, 1, 1, 2, 1, 2, 1, 0, 1, 0, 1]}, 0.04681709875884633], "ACC": [{"max": 0.2379862700228833, "min": 0.11995386389850057, "sm": 0.005620590767827749, "value": [1, 2, 1, 5, 9, 8, 6, 6, 8, 9, 6, 8, 8, 9, 6, 2, 3, 3, 2, 1, 1, 1]}, 0.17557131712926882], "LCC": [{"max": 1.0, "min": 0, "sm": 0.047619047619047616, "value": [52, 0, 1, 6, 2, 1, 8, 20, 2, 0, 1, 0, 0, 0, 8, 0, 0, 0, 0, 0, 0, 4]}, 0.20426303854875277]}, "rate-10": {"ANB": [{"max": 0.1589450549241583, "min": 0.0, "sm": 0.0075688121392456335, "value": [86, 44, 24, 16, 13, 5, 7, 5, 2, 3, 1, 0, 1, 2, 0, 0, 0, 0, 0, 0, 1, 1]}, 0.018476177518332665], "ACC": [{"max": 0.2966101694915254, "min": 0.09781089892873777, "sm": 0.009466631931561316, "value": [1, 1, 6, 4, 10, 4, 9, 5, 6, 9, 7, 11, 24, 19, 14, 24, 26, 18, 8, 2, 2, 1]}, 0.2166078699014926], "LCC": [{"max": 1.0, "min": 0, "sm": 0.047619047619047616, "value": [80, 9, 20, 22, 14, 12, 10, 24, 3, 3, 4, 2, 1, 0, 5, 0, 0, 0, 0, 0, 0, 2]}, 0.1648951306365507]}, "rate-15": {"ANB": [{"max": 0.12440549103795566, "min": 0.0, "sm": 0.005924071001807412, "value": [150, 54, 38, 22, 17, 8, 10, 6, 3, 1, 3, 1, 2, 0, 0, 0, 0, 1, 0, 0, 0, 1]}, 0.012681172510266469], "ACC": [{"max": 0.26666666666666666, "min": 0.13884007029876977, "sm": 0.0060869807794236615, "value": [2, 5, 6, 11, 10, 12, 13, 26, 22, 26, 22, 37, 33, 23, 22, 18, 14, 8, 2, 4, 0, 1]}, 0.20346988768468122], "LCC": [{"max": 1.0, "min": 0, "sm": 0.047619047619047616, "value": [106, 8, 32, 27, 24, 12, 11, 47, 6, 5, 13, 1, 1, 1, 5, 0, 0, 2, 0, 0, 0, 16]}, 0.21874555724063988]}, "rate-20": {"ANB": [{"max": 0.08284186076411384, "min": 0.0, "sm": 0.00394485051257685, "value": [194, 79, 45, 30, 22, 13, 7, 7, 4, 5, 2, 2, 0, 1, 3, 3, 2, 1, 1, 0, 0, 1]}, 0.009111362346156511], "ACC": [{"max": 0.2749836708033965, "min": 0.12181712962962964, "sm": 0.00729364481779842, "value": [2, 1, 4, 3, 5, 10, 11, 9, 31, 35, 37, 39, 46, 52, 50, 32, 16, 19, 10, 5, 3, 2]}, 0.21088056851327194], "LCC": [{"max": 1.0, "min": 0, "sm": 0.047619047619047616, "value": [131, 23, 42, 40, 36, 20, 22, 52, 11, 3, 14, 4, 3, 0, 9, 0, 0, 2, 0, 0, 0, 10]}, 0.19804282374363677]}, "rate-25": {"ANB": [{"max": 0.07882571171759832, "min": 0.0, "sm": 0.003753605319885634, "value": [295, 92, 58, 21, 14, 7, 10, 5, 3, 5, 4, 3, 4, 0, 0, 2, 2, 1, 0, 1, 0, 1]}, 0.007001854352793378], "ACC": [{"max": 0.2949076664801343, "min": 0.09855994015335702, "sm": 0.009349891729846536, "value": [1, 6, 10, 2, 4, 6, 7, 11, 12, 21, 41, 45, 59, 81, 75, 45, 40, 36, 17, 6, 2, 1]}, 0.22028904925719567], "LCC": [{"max": 1.0, "min": 0, "sm": 0.047619047619047616, "value": [126, 32, 55, 69, 48, 33, 34, 52, 26, 9, 14, 2, 2, 3, 6, 1, 0, 1, 1, 0, 0, 14]}, 0.21240014207527327]}, "rate-30": {"ANB": [{"max": 0.05457208742566345, "min": 0.0, "sm": 0.0025986708297934973, "value": [320, 120, 66, 41, 21, 12, 16, 6, 2, 8, 5, 5, 3, 3, 3, 1, 0, 0, 1, 0, 0, 1]}, 0.005218330947862886], "ACC": [{"max": 0.30142857142857143, "min": 0.15161676646706587, "sm": 0.007133895474357408, "value": [3, 3, 2, 8, 12, 12, 12, 29, 50, 61, 57, 73, 74, 77, 46, 38, 34, 23, 12, 7, 0, 1]}, 0.2355693104789945], "LCC": [{"max": 1.0, "min": 0, "sm": 0.047619047619047616, "value": [141, 52, 87, 90, 62, 41, 34, 63, 15, 4, 18, 2, 1, 0, 11, 0, 2, 1, 0, 0, 0, 10]}, 0.1915071522346113]}, "rate-35": {"ANB": [{"max": 0.048345671246897245, "min": 0.0, "sm": 0.0023021748212808213, "value": [382, 134, 77, 45, 31, 5, 16, 10, 11, 6, 4, 6, 2, 1, 2, 2, 0, 2, 1, 0, 1, 1]}, 0.004574145674807579], "ACC": [{"max": 0.30295566502463056, "min": 0.1277479660723559, "sm": 0.008343223759632127, "value": [2, 1, 4, 1, 9, 11, 20, 16, 41, 50, 53, 87, 92, 99, 77, 73, 49, 23, 16, 12, 2, 1]}, 0.2324784059686354], "LCC": [{"max": 1.0, "min": 0, "sm": 0.047619047619047616, "value": [166, 47, 99, 104, 78, 39, 41, 62, 28, 10, 18, 6, 6, 2, 18, 1, 1, 1, 0, 0, 0, 12]}, 0.2037292878683106]}, "rate-40": {"ANB": [{"max": 0.04254233212112376, "min": 0.0, "sm": 0.0020258253391011315, "value": [430, 183, 75, 49, 30, 13, 17, 10, 4, 7, 10, 4, 3, 2, 3, 1, 3, 0, 0, 0, 0, 1]}, 0.0038460457309861034], "ACC": [{"max": 0.31305637982195844, "min": 0.15041882017465694, "sm": 0.007744645697490548, "value": [2, 2, 8, 8, 18, 22, 33, 52, 66, 51, 90, 92, 107, 101, 67, 60, 27, 22, 10, 4, 2, 1]}, 0.23896486406541834], "LCC": [{"max": 1.0, "min": 0, "sm": 0.047619047619047616, "value": [181, 82, 129, 118, 102, 54, 42, 49, 20, 10, 21, 3, 7, 2, 11, 1, 1, 2, 0, 0, 0, 10]}, 0.18262997137736203]}}