{"rate-5": {"ANB": [{"max": 0.06161314413741598, "min": 0.0, "sm": 0.0029339592446388564, "value": [66, 9, 8, 3, 3, 4, 1, 1, 1, 2, 4, 1, 1, 0, 0, 0, 0, 0, 0, 0, 0, 1]}, 0.005763007219317899], "ACC": [{"max": 0.08964019851116625, "min": 0.009615384615384616, "sm": 0.0038107054236086496, "value": [28, 4, 1, 5, 2, 3, 4, 3, 6, 3, 6, 5, 6, 9, 5, 2, 5, 3, 2, 2, 0, 1]}, 0.03991138180339121], "LCC": [{"max": 1.0, "min": 0, "sm": 0.047619047619047616, "value": [100, 0, 1, 0, 0, 0, 0, 1, 0, 0, 0, 0, 0, 0, 0, 0, 0, 0, 0, 0, 0, 3]}, 0.03265306122448979]}, "rate-10": {"ANB": [{"max": 0.17160451743463612, "min": 0.0, "sm": 0.008171643687363625, "value": [97, 37, 19, 15, 5, 8, 9, 5, 4, 2, 1, 0, 0, 5, 1, 0, 1, 0, 0, 0, 3, 0]}, 0.020693612328236306], "ACC": [{"max": 0.21123216772350484, "min": 0.004739336492890996, "sm": 0.009832991963362564, "value": [23, 0, 0, 0, 0, 0, 1, 1, 8, 6, 12, 15, 23, 18, 29, 32, 13, 15, 9, 4, 2, 1]}, 0.12876517314289024], "LCC": [{"max": 1.0, "min": 0, "sm": 0.047619047619047616, "value": [128, 1, 8, 13, 9, 3, 3, 26, 1, 0, 2, 0, 0, 0, 5, 0, 0, 0, 0, 0, 0, 13]}, 0.1554657082958969]}, "rate-15": {"ANB": [{"max": 0.18876560012870197, "min": 0.0, "sm": 0.008988838101366761, "value": [193, 50, 25, 11, 10, 8, 7, 3, 4, 1, 0, 1, 1, 0, 0, 0, 1, 1, 0, 0, 0, 1]}, 0.014296172488082404], "ACC": [{"max": 0.2389343923223298, "min": 0.0031645569620253164, "sm": 0.011227135017157356, "value": [12, 0, 0, 0, 0, 0, 0, 1, 2, 7, 16, 21, 32, 33, 46, 41, 36, 34, 22, 11, 2, 1]}, 0.16318669346798614], "LCC": [{"max": 1.0, "min": 0, "sm": 0.047619047619047616, "value": [167, 8, 14, 31, 14, 11, 8, 41, 4, 3, 2, 1, 1, 0, 3, 0, 0, 0, 0, 0, 0, 9]}, 0.14209496355070678]}, "rate-20": {"ANB": [{"max": 0.09871995586927435, "min": 0.0, "sm": 0.004700950279489254, "value": [236, 61, 34, 27, 15, 13, 7, 8, 6, 3, 2, 1, 1, 3, 0, 1, 2, 1, 0, 0, 0, 1]}, 0.009311206780558695], "ACC": [{"max": 0.23429345954489664, "min": 0.0023752969121140144, "sm": 0.011043722030132505, "value": [22, 0, 0, 0, 0, 0, 0, 0, 0, 1, 7, 12, 15, 38, 40, 65, 69, 72, 44, 27, 9, 1]}, 0.17126682498441598], "LCC": [{"max": 1.0, "min": 0, "sm": 0.047619047619047616, "value": [186, 17, 31, 43, 20, 16, 12, 53, 11, 3, 6, 2, 3, 2, 5, 1, 1, 0, 0, 0, 0, 10]}, 0.16356769910336888]}, "rate-25": {"ANB": [{"max": 0.08009867130871635, "min": 0.0, "sm": 0.0038142224432722075, "value": [303, 86, 47, 37, 12, 7, 6, 6, 6, 8, 1, 1, 1, 1, 3, 1, 1, 0, 1, 0, 0, 1]}, 0.006771789701971959], "ACC": [{"max": 0.2823000781453504, "min": 0.001893939393939394, "sm": 0.013352673273876715, "value": [18, 0, 0, 0, 0, 0, 0, 0, 0, 4, 12, 28, 41, 54, 88, 104, 80, 61, 30, 8, 0, 1]}, 0.19733035646574723], "LCC": [{"max": 1.0, "min": 0, "sm": 0.047619047619047616, "value": [203, 33, 56, 55, 48, 13, 12, 48, 9, 1, 10, 0, 2, 0, 15, 0, 0, 1, 0, 0, 0, 23]}, 0.17851703243966802]}, "rate-30": {"ANB": [{"max": 0.06689571058784514, "min": 0.0, "sm": 0.003185510027992626, "value": [351, 108, 56, 27, 30, 17, 11, 10, 5, 3, 2, 3, 3, 4, 2, 1, 0, 0, 0, 0, 0, 1]}, 0.005753713407567741], "ACC": [{"max": 0.2842550656586451, "min": 0.001579778830963665, "sm": 0.013460727944175308, "value": [9, 0, 0, 0, 0, 0, 0, 0, 2, 4, 10, 20, 36, 58, 89, 122, 111, 87, 55, 25, 5, 1]}, 0.20922147779180647], "LCC": [{"max": 1.0, "min": 0, "sm": 0.047619047619047616, "value": [189, 35, 79, 64, 60, 32, 29, 64, 10, 10, 20, 3, 4, 0, 15, 0, 2, 1, 0, 0, 0, 17]}, 0.1970825623408874]}, "rate-35": {"ANB": [{"max": 0.055489597312253315, "min": 0.0, "sm": 0.0026423617767739674, "value": [383, 171, 60, 39, 23, 19, 9, 4, 1, 8, 8, 4, 1, 3, 1, 1, 0, 0, 2, 0, 2, 1]}, 0.004740986407047998], "ACC": [{"max": 0.28035926043324283, "min": 0.0013531799729364006, "sm": 0.013286003831443164, "value": [16, 0, 0, 0, 0, 0, 0, 0, 3, 5, 8, 13, 27, 60, 81, 129, 175, 108, 70, 36, 8, 1]}, 0.20960208230438612], "LCC": [{"max": 1.0, "min": 0, "sm": 0.047619047619047616, "value": [206, 46, 105, 85, 75, 34, 33, 65, 16, 9, 21, 1, 8, 4, 13, 1, 0, 0, 0, 0, 0, 18]}, 0.19134745950033852]}, "rate-40": {"ANB": [{"max": 0.053594648998799406, "min": 0.0, "sm": 0.0025521261427999715, "value": [496, 156, 63, 39, 21, 21, 10, 11, 8, 7, 2, 3, 2, 1, 0, 1, 1, 2, 0, 0, 0, 1]}, 0.00407989717548958], "ACC": [{"max": 0.2817499088589136, "min": 0.001184834123222749, "sm": 0.013360241654080517, "value": [10, 0, 0, 0, 0, 0, 0, 0, 2, 3, 5, 16, 15, 54, 62, 116, 214, 153, 121, 58, 15, 1]}, 0.2195066538333742], "LCC": [{"max": 1.0, "min": 0, "sm": 0.047619047619047616, "value": [186, 60, 120, 117, 74, 44, 44, 77, 20, 16, 22, 3, 8, 1, 19, 0, 0, 2, 2, 0, 0, 30]}, 0.2153427173042051]}}