{"rate-5": {"ANB": [{"max": 0.5182659138222991, "min": 0.0, "sm": 0.02467932922963329, "value": [57, 9, 10, 6, 6, 7, 1, 1, 2, 1, 1, 0, 1, 0, 0, 0, 0, 0, 2, 0, 0, 1]}, 0.0613019666417725], "ACC": [{"max": 0.208, "min": 0.07412687099073414, "sm": 0.006374910905203136, "value": [3, 4, 2, 3, 3, 2, 1, 3, 6, 7, 13, 10, 11, 14, 7, 2, 5, 4, 2, 2, 0, 1]}, 0.144009014357234], "LCC": [{"max": 1.0, "min": 0, "sm": 0.047619047619047616, "value": [53, 1, 3, 7, 3, 0, 3, 14, 0, 0, 3, 1, 4, 0, 3, 0, 0, 0, 0, 0, 0, 10]}, 0.2297856112141827]}, "rate-10": {"ANB": [{"max": 0.13030891761962582, "min": 0.0, "sm": 0.0062051865533155155, "value": [80, 39, 19, 18, 8, 10, 7, 3, 4, 2, 2, 2, 3, 3, 3, 1, 1, 1, 0, 1, 3, 1]}, 0.02102239657739783], "ACC": [{"max": 0.24305555555555555, "min": 0.09425493716337523, "sm": 0.007085743732960968, "value": [1, 1, 0, 1, 0, 2, 1, 8, 9, 9, 14, 18, 24, 31, 23, 19, 21, 14, 7, 5, 2, 1]}, 0.18908898423482665], "LCC": [{"max": 1.0, "min": 0, "sm": 0.047619047619047616, "value": [82, 3, 9, 18, 17, 5, 5, 33, 3, 1, 7, 0, 1, 0, 11, 0, 1, 2, 0, 0, 0, 13]}, 0.23791996702580243]}, "rate-15": {"ANB": [{"max": 0.11455149042936723, "min": 0.0, "sm": 0.005454832877588915, "value": [151, 57, 33, 19, 15, 6, 6, 10, 3, 6, 2, 2, 2, 2, 1, 0, 0, 0, 1, 0, 0, 1]}, 0.012471374632457566], "ACC": [{"max": 0.28113879003558717, "min": 0.13608957795004306, "sm": 0.006907105337406862, "value": [4, 1, 4, 12, 11, 7, 23, 27, 35, 30, 31, 26, 32, 22, 23, 6, 11, 5, 5, 1, 0, 1]}, 0.20642309899753605], "LCC": [{"max": 1.0, "min": 0, "sm": 0.047619047619047616, "value": [102, 11, 23, 33, 23, 18, 13, 32, 10, 4, 16, 4, 1, 1, 10, 1, 0, 1, 1, 0, 0, 13]}, 0.22706564790439346]}, "rate-20": {"ANB": [{"max": 0.09498872452578569, "min": 0.0, "sm": 0.004523272596465985, "value": [207, 83, 38, 26, 15, 12, 8, 7, 3, 5, 1, 5, 2, 2, 2, 2, 1, 0, 2, 0, 0, 1]}, 0.010021624797435045], "ACC": [{"max": 0.2705655526992288, "min": 0.1125066809192945, "sm": 0.0075266129419016324, "value": [3, 2, 7, 2, 7, 5, 16, 30, 31, 42, 56, 63, 45, 35, 29, 18, 15, 8, 4, 2, 1, 1]}, 0.1956986078187382], "LCC": [{"max": 1.0, "min": 0, "sm": 0.047619047619047616, "value": [129, 16, 36, 35, 47, 13, 14, 53, 17, 5, 13, 2, 7, 3, 11, 1, 2, 2, 1, 0, 0, 15]}, 0.22656846839311293]}, "rate-25": {"ANB": [{"max": 0.07160103646783729, "min": 0.0, "sm": 0.003409573165135109, "value": [262, 102, 53, 34, 25, 13, 10, 11, 4, 3, 3, 2, 0, 0, 4, 0, 1, 0, 0, 0, 0, 1]}, 0.006653855748559245], "ACC": [{"max": 0.3016599885518031, "min": 0.13264535615403977, "sm": 0.00804831582846492, "value": [2, 2, 10, 4, 11, 13, 10, 23, 34, 36, 63, 60, 77, 45, 42, 38, 31, 13, 11, 1, 1, 1]}, 0.22634059093517192], "LCC": [{"max": 1.0, "min": 0, "sm": 0.047619047619047616, "value": [123, 29, 68, 69, 60, 33, 27, 54, 13, 2, 17, 2, 1, 0, 12, 0, 1, 2, 0, 0, 0, 15]}, 0.20684383481051813]}, "rate-30": {"ANB": [{"max": 0.0767312242233457, "min": 0.0, "sm": 0.0036538678201593192, "value": [387, 110, 56, 32, 13, 9, 8, 7, 1, 2, 2, 0, 1, 3, 0, 0, 1, 0, 1, 0, 0, 1]}, 0.005257229287584284], "ACC": [{"max": 0.31492537313432833, "min": 0.1556429800835997, "sm": 0.0075848758595585064, "value": [5, 6, 4, 8, 16, 19, 39, 52, 55, 77, 78, 71, 63, 59, 36, 22, 12, 6, 2, 2, 1, 1]}, 0.23429572593498982], "LCC": [{"max": 1.0, "min": 0, "sm": 0.047619047619047616, "value": [116, 47, 85, 74, 79, 51, 27, 60, 22, 11, 18, 1, 6, 1, 20, 1, 3, 1, 0, 0, 0, 11]}, 0.21817472400881907]}, "rate-35": {"ANB": [{"max": 0.056975707492167606, "min": 0.0, "sm": 0.0027131289281984573, "value": [408, 129, 70, 44, 27, 23, 10, 8, 6, 2, 2, 3, 2, 2, 1, 0, 0, 0, 1, 0, 0, 1]}, 0.004628655412164844], "ACC": [{"max": 0.300978792822186, "min": 0.1540066777963272, "sm": 0.006998672144088513, "value": [4, 3, 7, 9, 33, 18, 41, 43, 64, 74, 76, 88, 74, 60, 57, 37, 19, 19, 9, 2, 1, 1]}, 0.2296436711413341], "LCC": [{"max": 1.0, "min": 0, "sm": 0.047619047619047616, "value": [163, 54, 100, 98, 83, 59, 31, 57, 22, 9, 13, 4, 11, 1, 13, 0, 5, 0, 3, 0, 0, 13]}, 0.20215664811506015]}, "rate-40": {"ANB": [{"max": 0.052706420172477106, "min": 0.0, "sm": 0.002509829532022719, "value": [490, 161, 64, 47, 31, 11, 9, 3, 6, 8, 8, 2, 1, 2, 0, 0, 0, 1, 0, 0, 0, 1]}, 0.003944869647538235], "ACC": [{"max": 0.3021840315073398, "min": 0.12228339611706751, "sm": 0.008566696923346299, "value": [5, 3, 1, 1, 5, 5, 10, 25, 18, 44, 59, 94, 122, 107, 97, 98, 72, 41, 23, 10, 4, 1]}, 0.23491391576873064], "LCC": [{"max": 1.0, "min": 0, "sm": 0.047619047619047616, "value": [156, 71, 120, 125, 93, 51, 38, 78, 27, 13, 18, 6, 8, 1, 22, 0, 3, 1, 2, 0, 0, 12]}, 0.20744698522247507]}}