{"rate_5": {"ANB": [{"max": 0.17224879617736755, "min": 0.0, "sm": 0.008202323627493693, "value": [35, 16, 11, 11, 6, 3, 3, 5, 2, 2, 2, 2, 0, 3, 0, 2, 0, 0, 1, 1, 0, 1]}, 0.031664247701983554], "ACC": [{"max": 0.3191489361702128, "min": 0.16535433070866143, "sm": 0.007323552641026255, "value": [4, 0, 3, 3, 5, 7, 10, 6, 4, 12, 11, 7, 8, 6, 8, 3, 1, 2, 1, 3, 1, 1]}, 0.23784968785866048], "LCC": [{"max": 1.0, "min": 0, "sm": 0.047619047619047616, "value": [65, 3, 4, 14, 1, 0, 0, 11, 1, 0, 2, 0, 0, 0, 0, 0, 0, 0, 0, 0, 0, 5]}, 0.12407566228320947]}, "rate_10": {"ANB": [{"max": 0.12677792965273624, "min": 0.0, "sm": 0.006037044269177916, "value": [91, 31, 24, 22, 14, 5, 5, 9, 8, 1, 1, 1, 0, 0, 0, 1, 0, 0, 1, 0, 0, 1]}, 0.015375714403788527], "ACC": [{"max": 0.31988041853512705, "min": 0.1327543424317618, "sm": 0.00891076552873168, "value": [2, 0, 2, 4, 3, 4, 8, 13, 15, 9, 14, 28, 29, 17, 18, 12, 16, 9, 5, 4, 2, 1]}, 0.23973671254303117], "LCC": [{"max": 1.0, "min": 0, "sm": 0.047619047619047616, "value": [108, 7, 23, 15, 18, 3, 4, 23, 4, 0, 0, 0, 0, 0, 3, 0, 0, 0, 0, 0, 0, 7]}, 0.1362577076206567]}, "rate_15": {"ANB": [{"max": 0.0717845090951069, "min": 0.0, "sm": 0.0034183099569098526, "value": [121, 54, 33, 33, 21, 13, 5, 5, 5, 11, 3, 5, 2, 2, 2, 1, 1, 0, 0, 0, 1, 1]}, 0.009977512285461936], "ACC": [{"max": 0.3151635282457879, "min": 0.1375432525951557, "sm": 0.00845810836431582, "value": [3, 2, 1, 3, 1, 4, 9, 8, 16, 21, 23, 33, 35, 34, 40, 31, 17, 14, 13, 8, 2, 1]}, 0.24497211946429878], "LCC": [{"max": 1.0, "min": 0, "sm": 0.047619047619047616, "value": [129, 26, 47, 36, 25, 7, 9, 19, 4, 1, 5, 2, 0, 0, 4, 0, 0, 0, 0, 0, 0, 5]}, 0.13205171342272579]}, "rate_20": {"ANB": [{"max": 0.06307752700800778, "min": 0.0, "sm": 0.003003691762286085, "value": [187, 81, 48, 27, 24, 11, 12, 6, 7, 1, 9, 6, 0, 0, 2, 1, 0, 1, 1, 0, 0, 1]}, 0.007229634527436017], "ACC": [{"max": 0.3192771084337349, "min": 0.14072353136408894, "sm": 0.00850255128903076, "value": [1, 0, 2, 1, 2, 7, 10, 10, 17, 31, 36, 52, 55, 37, 44, 42, 32, 20, 13, 9, 3, 1]}, 0.2500308262671729], "LCC": [{"max": 1.0, "min": 0, "sm": 0.047619047619047616, "value": [138, 38, 67, 42, 43, 14, 13, 46, 1, 1, 2, 0, 0, 0, 5, 0, 0, 0, 0, 0, 0, 15]}, 0.1625482111699402]}, "rate_25": {"ANB": [{"max": 0.061263206051838645, "min": 0.0, "sm": 0.0029172955262780306, "value": [242, 117, 70, 34, 12, 16, 18, 7, 2, 7, 4, 1, 1, 1, 0, 0, 1, 0, 0, 0, 0, 1]}, 0.005742611900030657], "ACC": [{"max": 0.3189706762417714, "min": 0.1419062832800852, "sm": 0.008431637760080294, "value": [2, 1, 1, 2, 1, 5, 15, 18, 24, 31, 34, 62, 66, 74, 63, 59, 28, 24, 14, 8, 1, 1]}, 0.24993064012025856], "LCC": [{"max": 1.0, "min": 0, "sm": 0.047619047619047616, "value": [182, 52, 89, 55, 50, 26, 17, 31, 4, 1, 7, 0, 0, 0, 7, 0, 0, 0, 0, 0, 0, 13]}, 0.14766644061399375]}, "rate_30": {"ANB": [{"max": 0.05563505035427882, "min": 0.0, "sm": 0.0026492881121085153, "value": [307, 141, 73, 35, 24, 12, 12, 10, 6, 5, 4, 2, 2, 0, 0, 0, 0, 1, 0, 0, 0, 1]}, 0.00483943087779927], "ACC": [{"max": 0.32313965341488277, "min": 0.14136008918617615, "sm": 0.008656169725176506, "value": [3, 0, 3, 2, 5, 4, 14, 24, 40, 35, 59, 69, 89, 81, 61, 66, 38, 21, 13, 7, 0, 1]}, 0.24959875195114942], "LCC": [{"max": 1.0, "min": 0, "sm": 0.047619047619047616, "value": [217, 73, 104, 76, 58, 22, 22, 35, 4, 1, 4, 1, 0, 0, 8, 0, 0, 0, 0, 0, 0, 10]}, 0.13352351607093466]}, "rate_35": {"ANB": [{"max": 0.057779850088899486, "min": 0.0, "sm": 0.0027514214328047373, "value": [412, 143, 76, 40, 28, 11, 7, 9, 5, 4, 1, 3, 0, 0, 0, 1, 0, 0, 0, 0, 0, 1]}, 0.004152096303652462], "ACC": [{"max": 0.3218790778599391, "min": 0.1419800460475825, "sm": 0.00856662056249317, "value": [3, 0, 2, 1, 5, 7, 16, 25, 36, 60, 63, 81, 109, 89, 90, 58, 48, 24, 15, 8, 0, 1]}, 0.24892379299027978], "LCC": [{"max": 1.0, "min": 0, "sm": 0.047619047619047616, "value": [214, 76, 132, 117, 75, 14, 22, 48, 6, 8, 6, 0, 0, 0, 11, 0, 0, 1, 0, 0, 0, 11]}, 0.14820149784387945]}, "rate_40": {"ANB": [{"max": 0.05433435266963836, "min": 0.0, "sm": 0.0025873501271256364, "value": [492, 171, 78, 40, 26, 14, 9, 5, 4, 6, 3, 0, 1, 0, 0, 1, 0, 0, 0, 0, 0, 1]}, 0.003627654115214326], "ACC": [{"max": 0.32099697885196377, "min": 0.12483477750036716, "sm": 0.009341057207218886, "value": [1, 3, 1, 0, 2, 4, 7, 14, 33, 45, 65, 91, 106, 130, 124, 89, 74, 32, 18, 10, 1, 1]}, 0.2483088449404083], "LCC": [{"max": 1.0, "min": 0, "sm": 0.047619047619047616, "value": [242, 89, 150, 127, 84, 31, 30, 48, 11, 2, 12, 1, 1, 0, 11, 0, 0, 0, 0, 0, 0, 12]}, 0.1489309654622518]}}