{"rate-5": {"ANB": [{"max": 0.07564102564102564, "min": 0.0, "sm": 0.0036019536019536017, "value": [81, 7, 0, 2, 1, 3, 2, 0, 0, 0, 0, 2, 1, 2, 2, 0, 0, 1, 1, 0, 0, 1]}, 0.007072016034280185], "ACC": [{"max": 0.08385598141695703, "min": 0.009523809523809525, "sm": 0.003539627233007024, "value": [38, 4, 1, 10, 2, 4, 5, 1, 2, 4, 6, 2, 6, 3, 3, 2, 5, 1, 2, 2, 2, 1]}, 0.032263667258039926], "LCC": [{"max": 1.0, "min": 0, "sm": 0.047619047619047616, "value": [86, 0, 1, 4, 0, 0, 0, 5, 0, 0, 0, 0, 0, 0, 3, 0, 0, 0, 0, 0, 0, 7]}, 0.10786163522012579]}, "rate-10": {"ANB": [{"max": 0.26484133171675484, "min": 0.0, "sm": 0.012611491986512135, "value": [142, 21, 11, 7, 9, 9, 3, 3, 3, 1, 0, 0, 1, 0, 0, 0, 0, 1, 0, 0, 0, 1]}, 0.01969741486865694], "ACC": [{"max": 0.18703889187472517, "min": 0.004739336492890996, "sm": 0.00868093120865877, "value": [34, 2, 0, 0, 0, 0, 3, 6, 7, 4, 10, 11, 24, 23, 21, 25, 17, 11, 12, 1, 0, 1]}, 0.10472507314286537], "LCC": [{"max": 1.0, "min": 0, "sm": 0.047619047619047616, "value": [153, 3, 9, 3, 3, 0, 1, 22, 0, 0, 2, 0, 3, 0, 2, 0, 0, 0, 0, 0, 0, 11]}, 0.11864058373492335]}, "rate-15": {"ANB": [{"max": 0.10161659476598135, "min": 0.0, "sm": 0.004838885465046731, "value": [149, 47, 39, 15, 16, 12, 11, 5, 5, 3, 3, 3, 3, 3, 1, 0, 1, 0, 0, 0, 1, 1]}, 0.011982974190053479], "ACC": [{"max": 0.24091933303289767, "min": 0.0031545741324921135, "sm": 0.011322131376209788, "value": [20, 0, 0, 0, 0, 0, 0, 0, 2, 1, 8, 7, 22, 36, 35, 40, 45, 48, 35, 16, 2, 1]}, 0.16963375107826842], "LCC": [{"max": 1.0, "min": 0, "sm": 0.047619047619047616, "value": [156, 16, 22, 24, 21, 9, 12, 31, 3, 0, 3, 0, 3, 0, 6, 0, 0, 0, 0, 0, 0, 12]}, 0.15192677795341522]}, "rate-20": {"ANB": [{"max": 0.08540667907284206, "min": 0.0, "sm": 0.004066984717754384, "value": [221, 67, 43, 29, 11, 10, 7, 6, 10, 4, 3, 4, 0, 2, 0, 0, 1, 1, 1, 0, 1, 1]}, 0.008352698623550005], "ACC": [{"max": 0.26836428030206283, "min": 0.0023752969121140144, "sm": 0.012666142066188038, "value": [24, 0, 0, 0, 0, 0, 0, 1, 1, 3, 10, 19, 32, 58, 51, 71, 60, 50, 23, 18, 0, 1]}, 0.1843580423393607], "LCC": [{"max": 1.0, "min": 0, "sm": 0.047619047619047616, "value": [186, 22, 42, 30, 35, 10, 11, 43, 7, 0, 11, 0, 3, 0, 6, 0, 0, 0, 0, 0, 0, 16]}, 0.16359652722211976]}, "rate-25": {"ANB": [{"max": 0.07094190520332241, "min": 0.0, "sm": 0.003378185962062972, "value": [269, 102, 49, 40, 15, 14, 4, 3, 4, 5, 3, 5, 1, 2, 2, 3, 3, 1, 0, 2, 0, 1]}, 0.006870154091765043], "ACC": [{"max": 0.2706093765706984, "min": 0.0018975332068311196, "sm": 0.012795802064946061, "value": [16, 0, 0, 0, 0, 0, 0, 0, 1, 1, 8, 14, 29, 45, 61, 105, 104, 70, 47, 18, 8, 1]}, 0.19795102971891063], "LCC": [{"max": 1.0, "min": 0, "sm": 0.047619047619047616, "value": [163, 28, 63, 46, 56, 23, 15, 55, 18, 6, 13, 1, 6, 0, 9, 0, 1, 2, 1, 0, 0, 22]}, 0.20578900161767608]}, "rate-30": {"ANB": [{"max": 0.05895425280970448, "min": 0.0, "sm": 0.00280734537189069, "value": [335, 128, 52, 30, 29, 9, 13, 6, 8, 3, 2, 4, 1, 3, 3, 3, 1, 1, 1, 0, 1, 1]}, 0.005380579526437274], "ACC": [{"max": 0.2903539221544595, "min": 0.001579778830963665, "sm": 0.01375114968207123, "value": [15, 0, 0, 0, 0, 0, 0, 0, 1, 2, 11, 19, 43, 52, 80, 111, 101, 104, 60, 27, 7, 1]}, 0.21318785776230142], "LCC": [{"max": 1.0, "min": 0, "sm": 0.047619047619047616, "value": [198, 44, 84, 59, 60, 26, 25, 65, 17, 7, 11, 1, 4, 1, 17, 1, 1, 1, 0, 0, 0, 12]}, 0.1819333105777814]}, "rate-35": {"ANB": [{"max": 0.07581625945190275, "min": 0.0, "sm": 0.003610298069138226, "value": [483, 120, 59, 22, 16, 16, 4, 2, 6, 4, 4, 2, 0, 0, 0, 1, 0, 0, 0, 0, 0, 1]}, 0.004510366995927572], "ACC": [{"max": 0.3089891145095757, "min": 0.0013531799729364006, "sm": 0.014649330216030446, "value": [11, 0, 0, 0, 0, 0, 0, 0, 1, 8, 17, 20, 52, 71, 121, 132, 142, 100, 46, 15, 3, 1]}, 0.22352987425724366], "LCC": [{"max": 1.0, "min": 0, "sm": 0.047619047619047616, "value": [187, 55, 101, 85, 84, 33, 36, 67, 18, 6, 18, 2, 9, 0, 19, 0, 0, 1, 0, 0, 0, 19]}, 0.1971754502970372]}, "rate-40": {"ANB": [{"max": 0.04411513316671689, "min": 0.0, "sm": 0.0021007206269865186, "value": [443, 152, 77, 60, 32, 24, 7, 11, 8, 7, 7, 5, 2, 2, 2, 1, 1, 1, 1, 0, 1, 1]}, 0.003994210083472565], "ACC": [{"max": 0.29612593726637526, "min": 0.001184834123222749, "sm": 0.014044814435388216, "value": [10, 0, 0, 0, 0, 0, 0, 0, 0, 3, 10, 17, 33, 68, 102, 151, 188, 142, 78, 33, 9, 1]}, 0.22324717182389156], "LCC": [{"max": 1.0, "min": 0, "sm": 0.047619047619047616, "value": [201, 83, 130, 117, 88, 43, 21, 70, 25, 5, 14, 5, 5, 1, 9, 0, 3, 1, 0, 0, 0, 24]}, 0.18602190863320994]}}