{"rate-5": {"ANB": [{"max": 0.2883250312255166, "min": 0.0, "sm": 0.013729763391691267, "value": [44, 24, 11, 6, 1, 1, 2, 2, 2, 0, 0, 3, 0, 1, 1, 1, 1, 2, 1, 1, 0, 1]}, 0.044660194174757285], "ACC": [{"max": 0.25870646766169153, "min": 0.08253968253968254, "sm": 0.008388894529619476, "value": [7, 2, 2, 0, 1, 1, 0, 1, 3, 3, 5, 6, 5, 11, 16, 10, 10, 8, 6, 2, 5, 1]}, 0.19299336038866372], "LCC": [{"max": 1.0, "min": 0, "sm": 0.047619047619047616, "value": [45, 3, 7, 8, 6, 1, 3, 15, 5, 0, 0, 0, 0, 0, 4, 0, 0, 0, 0, 0, 0, 8]}, 0.21140589569160992]}, "rate-10": {"ANB": [{"max": 0.16968972105673943, "min": 0.0, "sm": 0.008080462907463783, "value": [90, 49, 32, 11, 10, 3, 5, 1, 3, 2, 0, 2, 0, 0, 0, 1, 0, 1, 0, 0, 0, 1]}, 0.01678539303882282], "ACC": [{"max": 0.329153605015674, "min": 0.12173913043478261, "sm": 0.009876879741947207, "value": [3, 3, 3, 6, 7, 6, 8, 10, 10, 13, 22, 22, 30, 26, 16, 12, 7, 4, 1, 0, 1, 1]}, 0.22978854518370864], "LCC": [{"max": 1.0, "min": 0, "sm": 0.047619047619047616, "value": [68, 7, 16, 28, 14, 10, 6, 42, 3, 0, 8, 1, 1, 0, 5, 0, 0, 0, 0, 0, 0, 2]}, 0.18883891139551198]}, "rate-15": {"ANB": [{"max": 0.12240031535075703, "min": 0.0, "sm": 0.005828586445274144, "value": [161, 55, 32, 20, 10, 13, 6, 5, 2, 2, 3, 4, 1, 0, 0, 1, 0, 0, 0, 0, 1, 1]}, 0.012102105014296038], "ACC": [{"max": 0.27964601769911507, "min": 0.11060553027651382, "sm": 0.008049547020123868, "value": [1, 1, 1, 1, 3, 3, 6, 14, 16, 23, 20, 49, 43, 31, 27, 15, 27, 16, 14, 3, 2, 1]}, 0.21181182388004213], "LCC": [{"max": 1.0, "min": 0, "sm": 0.047619047619047616, "value": [78, 12, 31, 40, 27, 14, 24, 47, 8, 0, 7, 0, 2, 0, 9, 0, 0, 0, 0, 0, 0, 18]}, 0.23525107755484442]}, "rate-20": {"ANB": [{"max": 0.16305126841237635, "min": 0.0, "sm": 0.007764346114875064, "value": [296, 57, 30, 16, 5, 3, 4, 3, 1, 0, 1, 3, 0, 1, 0, 0, 0, 0, 0, 1, 0, 1]}, 0.009023501555387947], "ACC": [{"max": 0.30028530670470754, "min": 0.12001140250855188, "sm": 0.008584471628388365, "value": [3, 5, 3, 10, 18, 13, 28, 21, 19, 26, 38, 44, 50, 48, 34, 30, 10, 14, 2, 2, 3, 1]}, 0.2148610259522657], "LCC": [{"max": 1.0, "min": 0, "sm": 0.047619047619047616, "value": [124, 24, 38, 50, 44, 23, 11, 37, 12, 8, 19, 3, 4, 0, 11, 0, 0, 0, 0, 0, 0, 14]}, 0.2084003728449315]}, "rate-25": {"ANB": [{"max": 0.0591012484195183, "min": 0.0, "sm": 0.0028143451628342047, "value": [242, 90, 65, 36, 31, 19, 7, 4, 8, 6, 2, 4, 2, 3, 3, 1, 1, 2, 1, 0, 0, 1]}, 0.006562452651856767], "ACC": [{"max": 0.3056844547563805, "min": 0.14083377872795297, "sm": 0.007850032191829883, "value": [3, 2, 4, 3, 8, 15, 21, 32, 62, 51, 60, 63, 48, 41, 41, 30, 17, 15, 4, 6, 1, 1]}, 0.228100453559932], "LCC": [{"max": 1.0, "min": 0, "sm": 0.047619047619047616, "value": [101, 28, 60, 74, 51, 27, 38, 66, 13, 5, 14, 1, 5, 0, 22, 0, 1, 4, 0, 0, 0, 18]}, 0.2397279807988188]}, "rate-30": {"ANB": [{"max": 0.08482746178382934, "min": 0.0, "sm": 0.0040394029420871115, "value": [388, 113, 53, 28, 19, 11, 1, 6, 3, 4, 2, 1, 2, 1, 0, 0, 1, 0, 0, 0, 0, 1]}, 0.00571331685488322], "ACC": [{"max": 0.2859078590785908, "min": 0.13217790770515767, "sm": 0.0073204738749253866, "value": [1, 4, 2, 10, 5, 18, 19, 21, 34, 35, 72, 81, 72, 69, 62, 60, 32, 19, 10, 4, 3, 1]}, 0.2201239960744715], "LCC": [{"max": 1.0, "min": 0, "sm": 0.047619047619047616, "value": [144, 40, 84, 61, 66, 44, 26, 66, 24, 10, 27, 1, 9, 2, 14, 0, 1, 1, 0, 0, 0, 14]}, 0.2156147435735388]}, "rate-35": {"ANB": [{"max": 0.043726923128440516, "min": 0.0, "sm": 0.0020822344346876436, "value": [358, 131, 91, 43, 25, 20, 12, 8, 11, 9, 10, 5, 5, 3, 2, 2, 2, 0, 1, 0, 0, 1]}, 0.0046004825109401265], "ACC": [{"max": 0.2934393638170974, "min": 0.14447924823805794, "sm": 0.007093338837097117, "value": [2, 2, 0, 6, 9, 11, 17, 29, 48, 69, 75, 89, 94, 73, 68, 54, 38, 25, 19, 8, 2, 1]}, 0.23037048925511583], "LCC": [{"max": 1.0, "min": 0, "sm": 0.047619047619047616, "value": [131, 42, 96, 91, 91, 55, 52, 80, 30, 7, 15, 6, 11, 0, 12, 0, 1, 1, 0, 0, 0, 18]}, 0.22275903129924474]}, "rate-40": {"ANB": [{"max": 0.035709691417204176, "min": 0.0, "sm": 0.0017004614960573418, "value": [389, 153, 94, 67, 32, 22, 21, 12, 15, 10, 5, 6, 4, 1, 1, 4, 0, 0, 4, 2, 2, 1]}, 0.003961575935918914], "ACC": [{"max": 0.30480317804261464, "min": 0.12956708627571384, "sm": 0.008344575798423848, "value": [3, 4, 1, 8, 10, 11, 15, 25, 42, 44, 73, 103, 97, 117, 88, 79, 61, 35, 18, 8, 2, 1]}, 0.2342721986036066], "LCC": [{"max": 1.0, "min": 0, "sm": 0.047619047619047616, "value": [179, 71, 116, 127, 91, 53, 47, 58, 20, 17, 22, 4, 4, 0, 12, 1, 4, 3, 1, 0, 0, 15]}, 0.19785269101921085]}}