{"rate-5": {"ANB": [{"max": 0.0007468259895444362, "min": 0.0, "sm": 3.556314235925887e-05, "value": [98, 0, 0, 0, 0, 2, 0, 0, 0, 0, 3, 0, 0, 0, 0, 1, 0, 0, 0, 0, 0, 1]}, 2.6672356769444152e-05], "ACC": [{"max": 0.03076923076923077, "min": 0.0, "sm": 0.0014652014652014652, "value": [66, 0, 0, 0, 0, 0, 20, 0, 4, 2, 0, 2, 0, 2, 4, 2, 0, 1, 0, 1, 0, 1]}, 0.005343333914762485], "LCC": [{"max": 1.0, "min": 0, "sm": 0.047619047619047616, "value": [99, 0, 0, 0, 0, 0, 0, 2, 0, 0, 0, 0, 0, 0, 0, 0, 0, 0, 0, 0, 0, 4]}, 0.044444444444444446]}, "rate-10": {"ANB": [{"max": 0.007974481658692184, "min": 0.0, "sm": 0.000379737221842485, "value": [186, 8, 6, 0, 3, 0, 1, 1, 1, 1, 1, 0, 2, 0, 0, 0, 0, 0, 0, 0, 0, 1]}, 0.00023950440513174364], "ACC": [{"max": 0.03778298204527713, "min": 0.0, "sm": 0.0017991896212036728, "value": [120, 0, 14, 10, 4, 10, 4, 7, 7, 7, 3, 6, 5, 4, 3, 0, 3, 2, 1, 0, 0, 1]}, 0.0062748336135182775], "LCC": [{"max": 0.3333333333333333, "min": 0, "sm": 0.015873015873015872, "value": [208, 0, 0, 0, 0, 0, 0, 0, 0, 0, 2, 0, 0, 0, 0, 0, 0, 0, 0, 0, 0, 1]}, 0.00315955766192733]}, "rate-15": {"ANB": [{"max": 0.11669358848683749, "min": 0.0, "sm": 0.005556837546992262, "value": [246, 18, 10, 8, 6, 7, 7, 2, 4, 1, 3, 1, 1, 1, 1, 0, 0, 0, 0, 0, 0, 1]}, 0.00653510881918022], "ACC": [{"max": 0.09677851450003348, "min": 0.0, "sm": 0.004608500690477785, "value": [123, 11, 10, 2, 0, 0, 0, 0, 0, 2, 1, 7, 26, 30, 29, 33, 15, 15, 7, 3, 2, 1]}, 0.03751656942705449], "LCC": [{"max": 1.0, "min": 0, "sm": 0.047619047619047616, "value": [254, 0, 10, 11, 1, 3, 3, 16, 0, 0, 0, 0, 0, 0, 4, 0, 0, 0, 0, 0, 0, 15]}, 0.08755445395823944]}, "rate-20": {"ANB": [{"max": 0.11068134158819609, "min": 0.0, "sm": 0.005270540075628385, "value": [326, 33, 20, 10, 7, 5, 5, 6, 2, 2, 2, 0, 1, 1, 0, 1, 0, 0, 0, 0, 0, 1]}, 0.005188906060786373], "ACC": [{"max": 0.12406974207917522, "min": 0.0, "sm": 0.005908082956151201, "value": [171, 1, 0, 0, 0, 0, 0, 2, 2, 7, 17, 17, 29, 34, 45, 34, 24, 24, 10, 2, 2, 1]}, 0.05045289242644086], "LCC": [{"max": 1.0, "min": 0, "sm": 0.047619047619047616, "value": [356, 5, 8, 7, 3, 0, 3, 21, 1, 0, 1, 0, 0, 0, 3, 0, 0, 0, 0, 0, 0, 14]}, 0.06561672924232166]}, "rate-25": {"ANB": [{"max": 0.09391092533596346, "min": 0.0, "sm": 0.004471948825522069, "value": [390, 55, 30, 18, 5, 10, 4, 6, 2, 2, 0, 1, 0, 1, 1, 0, 1, 0, 0, 1, 0, 1]}, 0.004580772297545625], "ACC": [{"max": 0.1435595562767109, "min": 0.0, "sm": 0.006836169346510043, "value": [166, 19, 0, 0, 0, 0, 0, 0, 0, 5, 18, 28, 42, 47, 57, 60, 38, 29, 11, 4, 3, 1]}, 0.06503618699528833], "LCC": [{"max": 1.0, "min": 0, "sm": 0.047619047619047616, "value": [432, 9, 8, 17, 5, 0, 6, 19, 1, 0, 3, 0, 0, 0, 4, 0, 0, 0, 0, 0, 0, 24]}, 0.07972692290874113]}, "rate-30": {"ANB": [{"max": 0.06755887455867764, "min": 0.0, "sm": 0.003217089264698935, "value": [423, 68, 47, 31, 17, 11, 4, 9, 4, 2, 3, 3, 5, 1, 1, 4, 0, 0, 0, 0, 0, 1]}, 0.004591092262856067], "ACC": [{"max": 0.15746452717826087, "min": 0.0, "sm": 0.007498310818012423, "value": [164, 2, 0, 0, 0, 0, 0, 0, 0, 4, 14, 10, 30, 36, 52, 82, 83, 75, 42, 31, 8, 1]}, 0.08840265439533287], "LCC": [{"max": 1.0, "min": 0, "sm": 0.047619047619047616, "value": [440, 18, 24, 33, 12, 7, 9, 37, 7, 0, 13, 0, 2, 0, 7, 0, 0, 0, 0, 0, 0, 25]}, 0.1087964954057922]}, "rate-35": {"ANB": [{"max": 0.06138237766070648, "min": 0.0, "sm": 0.0029229703647955466, "value": [480, 90, 60, 38, 20, 10, 12, 8, 9, 2, 2, 1, 3, 2, 1, 0, 0, 0, 0, 0, 0, 1]}, 0.003977021481170434], "ACC": [{"max": 0.19674141374421808, "min": 0.0, "sm": 0.00936863874972467, "value": [153, 0, 0, 0, 0, 0, 0, 0, 1, 5, 9, 36, 55, 68, 81, 92, 93, 72, 49, 23, 1, 1]}, 0.11379296518676764], "LCC": [{"max": 1.0, "min": 0, "sm": 0.047619047619047616, "value": [482, 37, 48, 37, 20, 9, 13, 42, 3, 1, 7, 0, 1, 0, 10, 0, 0, 0, 0, 0, 0, 29]}, 0.10785581694020012]}, "rate-40": {"ANB": [{"max": 0.05737570080408562, "min": 0.0, "sm": 0.002732176228765982, "value": [560, 102, 48, 34, 28, 19, 12, 8, 5, 12, 4, 0, 3, 1, 2, 1, 1, 0, 2, 1, 1, 1]}, 0.004187034316785493], "ACC": [{"max": 0.1919908911061944, "min": 0.0, "sm": 0.009142423386009258, "value": [138, 0, 0, 0, 0, 0, 0, 0, 3, 7, 12, 33, 36, 86, 98, 116, 136, 87, 54, 33, 5, 1]}, 0.11870381987235465], "LCC": [{"max": 1.0, "min": 0, "sm": 0.047619047619047616, "value": [516, 38, 64, 54, 26, 10, 9, 60, 8, 0, 8, 0, 4, 0, 18, 0, 0, 1, 0, 0, 0, 29]}, 0.11873952338211245]}}