{"rate-5": {"ANB": [{"max": 0.0005601194921583271, "min": 0.0, "sm": 2.667235676944415e-05, "value": [100, 0, 0, 0, 0, 0, 0, 1, 0, 0, 0, 0, 0, 0, 2, 0, 0, 0, 0, 0, 0, 2]}, 1.9559728297592376e-05], "ACC": [{"max": 0.028846153846153848, "min": 0.0, "sm": 0.0013736263736263737, "value": [80, 0, 0, 0, 0, 0, 0, 10, 0, 2, 2, 0, 6, 0, 1, 2, 0, 0, 0, 0, 0, 2]}, 0.003568376068376069], "LCC": [{"max": 0, "min": 0, "sm": 0.0, "value": [105, 0, 0, 0, 0, 0, 0, 0, 0, 0, 0, 0, 0, 0, 0, 0, 0, 0, 0, 0, 0, 0]}, 0.0]}, "rate-10": {"ANB": [{"max": 0.008703577124629757, "min": 0.0, "sm": 0.00041445605355379796, "value": [178, 8, 11, 1, 3, 3, 0, 2, 0, 0, 1, 0, 0, 0, 0, 0, 0, 1, 0, 1, 1, 1]}, 0.0003505100536779259], "ACC": [{"max": 0.04235588972431078, "min": 0.0, "sm": 0.0020169471297290845, "value": [108, 0, 20, 4, 9, 6, 7, 9, 7, 4, 2, 8, 9, 0, 7, 4, 1, 0, 3, 1, 1, 1]}, 0.008268113264097635], "LCC": [{"max": 1.0, "min": 0, "sm": 0.047619047619047616, "value": [197, 0, 0, 2, 2, 0, 0, 4, 0, 0, 0, 0, 0, 0, 0, 0, 0, 0, 0, 0, 0, 6]}, 0.03823064770932069]}, "rate-15": {"ANB": [{"max": 0.09766258120688501, "min": 0.0, "sm": 0.0046505991050897625, "value": [271, 17, 6, 2, 6, 5, 1, 1, 1, 0, 0, 0, 0, 2, 1, 0, 1, 2, 0, 0, 0, 1]}, 0.0036690543059588296], "ACC": [{"max": 0.08732893619542251, "min": 0.0, "sm": 0.004158520771210596, "value": [151, 17, 11, 3, 1, 0, 0, 0, 1, 8, 12, 15, 15, 20, 18, 12, 13, 10, 4, 4, 2, 0]}, 0.0258330105055986], "LCC": [{"max": 1.0, "min": 0, "sm": 0.047619047619047616, "value": [268, 6, 4, 6, 3, 0, 2, 7, 0, 0, 0, 1, 0, 0, 4, 0, 2, 0, 0, 0, 0, 14]}, 0.07610785639176806]}, "rate-20": {"ANB": [{"max": 0.07591903566329203, "min": 0.0, "sm": 0.0036151921744424775, "value": [301, 30, 17, 14, 10, 9, 12, 4, 5, 8, 4, 1, 2, 2, 0, 0, 0, 2, 0, 0, 0, 1]}, 0.005493845724170722], "ACC": [{"max": 0.11011484971309418, "min": 0.0, "sm": 0.005243564272052104, "value": [162, 8, 0, 0, 0, 0, 0, 0, 0, 2, 4, 14, 17, 29, 37, 44, 34, 32, 15, 17, 6, 1]}, 0.04930933597414337], "LCC": [{"max": 1.0, "min": 0, "sm": 0.047619047619047616, "value": [330, 6, 14, 14, 8, 0, 2, 29, 0, 0, 0, 0, 0, 0, 2, 0, 0, 0, 0, 0, 0, 17]}, 0.08152923958611162]}, "rate-25": {"ANB": [{"max": 0.08951157079273049, "min": 0.0, "sm": 0.004262455752034785, "value": [415, 52, 14, 13, 11, 6, 2, 2, 4, 0, 1, 2, 2, 0, 1, 2, 0, 0, 0, 0, 0, 1]}, 0.003673778644738455], "ACC": [{"max": 0.12604706379885317, "min": 0.0, "sm": 0.006002241133278722, "value": [223, 2, 0, 0, 0, 0, 0, 0, 5, 8, 16, 27, 29, 49, 46, 49, 31, 23, 8, 6, 5, 1]}, 0.0499317382690211], "LCC": [{"max": 1.0, "min": 0, "sm": 0.047619047619047616, "value": [425, 7, 15, 10, 5, 2, 3, 21, 4, 0, 3, 0, 0, 0, 3, 0, 0, 0, 0, 0, 0, 30]}, 0.09155680178407452]}, "rate-30": {"ANB": [{"max": 0.07145347258444716, "min": 0.0, "sm": 0.003402546313545103, "value": [434, 70, 36, 25, 23, 10, 12, 5, 3, 3, 5, 3, 1, 1, 0, 1, 0, 0, 1, 0, 0, 1]}, 0.004497335672690362], "ACC": [{"max": 0.1705320249743646, "min": 0.0, "sm": 0.008120572617826885, "value": [165, 0, 0, 0, 0, 0, 0, 4, 2, 4, 11, 19, 40, 63, 89, 64, 72, 55, 28, 16, 1, 1]}, 0.09080229322247131], "LCC": [{"max": 1.0, "min": 0, "sm": 0.047619047619047616, "value": [446, 20, 22, 27, 10, 11, 6, 45, 7, 0, 7, 1, 1, 0, 6, 0, 0, 1, 0, 0, 0, 24]}, 0.1044332347623165]}, "rate-35": {"ANB": [{"max": 0.0911816928065139, "min": 0.0, "sm": 0.004341985371738757, "value": [534, 88, 38, 30, 17, 10, 5, 3, 4, 4, 0, 0, 1, 0, 0, 0, 2, 1, 0, 1, 0, 1]}, 0.004661619995459399], "ACC": [{"max": 0.17665639076533568, "min": 0.0, "sm": 0.008412209084063604, "value": [149, 0, 0, 0, 0, 0, 0, 0, 0, 4, 20, 26, 54, 70, 90, 102, 97, 72, 36, 13, 5, 1]}, 0.10211342644294745], "LCC": [{"max": 1.0, "min": 0, "sm": 0.047619047619047616, "value": [500, 31, 30, 29, 21, 9, 12, 46, 9, 1, 6, 0, 2, 0, 11, 0, 3, 1, 0, 0, 0, 28]}, 0.11161584874723297]}, "rate-40": {"ANB": [{"max": 0.06670922458326392, "min": 0.0, "sm": 0.0031766297420601866, "value": [570, 121, 48, 32, 24, 14, 7, 7, 6, 4, 1, 2, 2, 2, 2, 1, 1, 0, 0, 0, 0, 1]}, 0.003958475525570281], "ACC": [{"max": 0.19620436646811318, "min": 0.0, "sm": 0.009343065069910152, "value": [144, 0, 0, 0, 0, 0, 0, 0, 0, 3, 10, 31, 54, 73, 99, 126, 131, 88, 56, 24, 5, 1]}, 0.12011403817418269], "LCC": [{"max": 1.0, "min": 0, "sm": 0.047619047619047616, "value": [508, 38, 56, 50, 30, 8, 15, 68, 8, 0, 9, 1, 1, 0, 19, 0, 1, 0, 0, 0, 0, 33]}, 0.12751394408652358]}}