{"rate-5": {"ANB": [{"max": 0.07841880341880342, "min": 0.0, "sm": 0.0037342287342287343, "value": [80, 2, 9, 2, 0, 5, 1, 1, 0, 1, 0, 0, 1, 0, 0, 1, 1, 0, 1, 0, 0, 1]}, 0.006242656714354826], "ACC": [{"max": 0.14117647058823532, "min": 0.009523809523809525, "sm": 0.006269174336401229, "value": [28, 7, 4, 8, 5, 2, 5, 4, 1, 5, 5, 6, 3, 6, 6, 2, 4, 1, 1, 1, 1, 1]}, 0.05239986383846919], "LCC": [{"max": 1.0, "min": 0, "sm": 0.047619047619047616, "value": [85, 2, 0, 4, 0, 0, 0, 4, 0, 0, 0, 0, 0, 0, 4, 0, 0, 0, 0, 0, 0, 7]}, 0.11109613656783465]}, "rate-10": {"ANB": [{"max": 0.12488570012115716, "min": 0.0, "sm": 0.005946938101007483, "value": [100, 25, 11, 7, 14, 9, 5, 4, 7, 8, 6, 0, 3, 2, 0, 2, 3, 0, 0, 3, 1, 1]}, 0.02021101871438613], "ACC": [{"max": 0.15324971493728623, "min": 0.004761904761904762, "sm": 0.007070848103589593, "value": [40, 2, 0, 0, 0, 0, 0, 0, 3, 12, 12, 10, 11, 13, 18, 20, 13, 26, 11, 12, 7, 1]}, 0.08994632327895781], "LCC": [{"max": 1.0, "min": 0, "sm": 0.047619047619047616, "value": [140, 1, 10, 9, 5, 3, 1, 20, 1, 0, 2, 1, 0, 0, 8, 0, 0, 0, 0, 0, 0, 10]}, 0.1362856732524979]}, "rate-15": {"ANB": [{"max": 0.17133245541116243, "min": 0.0, "sm": 0.008158688352912497, "value": [192, 41, 28, 18, 23, 6, 1, 0, 3, 2, 1, 0, 1, 0, 0, 0, 0, 1, 0, 0, 0, 1]}, 0.012333503355360858], "ACC": [{"max": 0.2615543447089188, "min": 0.0031545741324921135, "sm": 0.012304750979829844, "value": [15, 0, 0, 0, 0, 0, 0, 1, 2, 4, 10, 20, 25, 43, 60, 56, 30, 30, 13, 7, 1, 1]}, 0.17607828185305469], "LCC": [{"max": 1.0, "min": 0, "sm": 0.047619047619047616, "value": [168, 8, 18, 33, 19, 6, 8, 30, 4, 1, 2, 0, 1, 0, 5, 0, 0, 0, 0, 0, 0, 15]}, 0.15030499056581192]}, "rate-20": {"ANB": [{"max": 0.09443276987108525, "min": 0.0, "sm": 0.004496798565289774, "value": [212, 70, 50, 30, 12, 8, 9, 6, 4, 3, 5, 0, 3, 2, 2, 3, 0, 0, 1, 1, 0, 1]}, 0.00959832233599274], "ACC": [{"max": 0.2629341610034151, "min": 0.0023752969121140144, "sm": 0.012407564956728623, "value": [10, 0, 0, 0, 0, 0, 0, 0, 0, 4, 8, 30, 41, 57, 41, 61, 63, 52, 32, 18, 4, 1]}, 0.1869963740558323], "LCC": [{"max": 1.0, "min": 0, "sm": 0.047619047619047616, "value": [156, 15, 32, 45, 46, 22, 10, 41, 11, 2, 11, 0, 1, 0, 9, 0, 1, 0, 0, 0, 0, 20]}, 0.19399294715621038]}, "rate-25": {"ANB": [{"max": 0.06856371410911836, "min": 0.0, "sm": 0.0032649387671008744, "value": [272, 96, 50, 39, 18, 15, 9, 5, 2, 8, 2, 5, 0, 2, 2, 0, 1, 0, 0, 1, 0, 1]}, 0.006256923897308886], "ACC": [{"max": 0.2825883170060739, "min": 0.0018975332068311196, "sm": 0.013366227799963942, "value": [28, 0, 0, 0, 0, 0, 0, 0, 1, 1, 9, 17, 36, 56, 88, 125, 68, 52, 33, 11, 2, 1]}, 0.19556181099267247], "LCC": [{"max": 1.0, "min": 0, "sm": 0.047619047619047616, "value": [208, 35, 57, 47, 46, 12, 18, 48, 14, 3, 9, 0, 1, 0, 8, 0, 1, 1, 0, 0, 0, 20]}, 0.16945942131718233]}, "rate-30": {"ANB": [{"max": 0.04430947158975915, "min": 0.0, "sm": 0.0021099748376075785, "value": [290, 114, 56, 43, 37, 25, 14, 10, 6, 7, 2, 7, 4, 5, 3, 3, 1, 3, 0, 1, 2, 1]}, 0.005265288096259585], "ACC": [{"max": 0.28778519255023927, "min": 0.001579778830963665, "sm": 0.013628829224727409, "value": [17, 0, 0, 0, 0, 0, 0, 0, 0, 1, 7, 20, 13, 51, 81, 124, 132, 104, 49, 22, 12, 1]}, 0.21334266198428742], "LCC": [{"max": 1.0, "min": 0, "sm": 0.047619047619047616, "value": [192, 47, 92, 63, 56, 28, 19, 55, 22, 4, 19, 3, 0, 0, 12, 0, 1, 2, 1, 0, 0, 18]}, 0.18579181260698474]}, "rate-35": {"ANB": [{"max": 0.05458036235711766, "min": 0.0, "sm": 0.00259906487414846, "value": [385, 147, 76, 46, 26, 13, 11, 7, 8, 5, 1, 1, 5, 1, 3, 0, 2, 0, 1, 0, 0, 1]}, 0.00458526158108382], "ACC": [{"max": 0.29843091708228003, "min": 0.0013550135501355014, "sm": 0.014146471596768786, "value": [14, 0, 0, 0, 0, 0, 0, 0, 0, 4, 12, 19, 36, 73, 106, 192, 119, 99, 50, 11, 3, 1]}, 0.2169459112451946], "LCC": [{"max": 1.0, "min": 0, "sm": 0.047619047619047616, "value": [203, 58, 107, 94, 72, 37, 19, 58, 15, 12, 9, 1, 6, 0, 14, 0, 0, 0, 0, 0, 0, 34]}, 0.19522458558913205]}, "rate-40": {"ANB": [{"max": 0.04635757655576454, "min": 0.0, "sm": 0.0022075036455125974, "value": [451, 165, 70, 51, 29, 24, 15, 12, 6, 2, 6, 3, 3, 2, 1, 1, 2, 0, 1, 1, 0, 1]}, 0.003979456179252955], "ACC": [{"max": 0.29233549811362886, "min": 0.001183431952662722, "sm": 0.013864384102903148, "value": [12, 0, 0, 0, 0, 0, 0, 0, 0, 1, 2, 27, 22, 67, 97, 153, 180, 146, 82, 44, 12, 1]}, 0.22157156258510338], "LCC": [{"max": 1.0, "min": 0, "sm": 0.047619047619047616, "value": [223, 54, 110, 112, 85, 49, 49, 76, 17, 11, 19, 5, 4, 0, 12, 0, 1, 0, 0, 0, 0, 19]}, 0.18818183734842378]}}