{"rate-5": {"ANB": [{"max": 0.004792133432910133, "min": 0.0, "sm": 0.00022819683013857776, "value": [93, 4, 0, 0, 0, 2, 1, 1, 0, 1, 0, 0, 1, 0, 0, 0, 0, 1, 0, 0, 0, 1]}, 0.0002044880685657385], "ACC": [{"max": 0.06490384615384615, "min": 0.0, "sm": 0.00309065934065934, "value": [59, 0, 0, 20, 4, 0, 2, 3, 1, 4, 2, 0, 4, 1, 2, 0, 2, 0, 0, 0, 0, 1]}, 0.009663307600585012], "LCC": [{"max": 0.6666666666666666, "min": 0, "sm": 0.031746031746031744, "value": [100, 0, 0, 0, 1, 0, 0, 0, 0, 0, 1, 0, 0, 0, 0, 0, 0, 0, 0, 0, 0, 3]}, 0.023492063492063488]}, "rate-10": {"ANB": [{"max": 0.013078149920255184, "min": 0.0, "sm": 0.0006227690438216754, "value": [178, 3, 11, 2, 4, 3, 3, 1, 1, 0, 0, 0, 0, 1, 0, 0, 0, 1, 1, 0, 1, 1]}, 0.0005913102445903644], "ACC": [{"max": 0.04717722140402553, "min": 0.0, "sm": 0.002246534352572644, "value": [91, 0, 24, 8, 13, 12, 7, 6, 3, 9, 6, 5, 5, 4, 4, 6, 3, 1, 0, 1, 1, 2]}, 0.010082647913497339], "LCC": [{"max": 1.0, "min": 0, "sm": 0.047619047619047616, "value": [205, 1, 0, 0, 0, 0, 0, 3, 0, 0, 0, 0, 0, 0, 0, 0, 0, 0, 0, 0, 0, 2]}, 0.014533965244865719]}, "rate-15": {"ANB": [{"max": 0.014198647110039516, "min": 0.0, "sm": 0.0006761260528590245, "value": [274, 12, 6, 4, 5, 1, 0, 5, 3, 3, 0, 0, 1, 1, 0, 0, 1, 0, 0, 0, 0, 1]}, 0.000518346539190687], "ACC": [{"max": 0.046502896374168635, "min": 0.0, "sm": 0.002214423636865173, "value": [122, 48, 30, 10, 6, 5, 6, 0, 7, 9, 6, 20, 5, 14, 8, 7, 4, 3, 4, 2, 0, 1]}, 0.010121575874505764], "LCC": [{"max": 1.0, "min": 0, "sm": 0.047619047619047616, "value": [293, 0, 4, 3, 2, 0, 0, 10, 0, 0, 0, 0, 0, 0, 0, 0, 0, 0, 0, 0, 0, 5]}, 0.030389064143007363]}, "rate-20": {"ANB": [{"max": 0.1355156889887124, "min": 0.0, "sm": 0.006453128047081543, "value": [350, 31, 19, 3, 3, 5, 4, 2, 0, 0, 0, 0, 0, 0, 0, 2, 1, 0, 1, 0, 0, 1]}, 0.004504862363042501], "ACC": [{"max": 0.10990857604810543, "min": 0.0, "sm": 0.005233741716576449, "value": [186, 15, 0, 0, 0, 0, 0, 2, 15, 19, 15, 20, 33, 27, 30, 26, 11, 13, 6, 2, 1, 1]}, 0.03691272960890953], "LCC": [{"max": 1.0, "min": 0, "sm": 0.047619047619047616, "value": [374, 2, 8, 6, 3, 1, 1, 10, 0, 0, 0, 0, 0, 0, 4, 0, 0, 0, 0, 0, 0, 13]}, 0.052690069277747]}, "rate-25": {"ANB": [{"max": 0.09132159579829464, "min": 0.0, "sm": 0.004348647418966412, "value": [379, 47, 26, 21, 16, 10, 6, 3, 2, 5, 6, 1, 1, 1, 2, 0, 0, 0, 1, 0, 0, 1]}, 0.00558969085666223], "ACC": [{"max": 0.15025719836835902, "min": 0.0, "sm": 0.007155104684207572, "value": [154, 0, 0, 0, 0, 0, 0, 1, 5, 4, 15, 24, 40, 54, 53, 51, 41, 38, 20, 18, 8, 2]}, 0.07578336433340324], "LCC": [{"max": 1.0, "min": 0, "sm": 0.047619047619047616, "value": [415, 14, 13, 14, 7, 3, 5, 24, 1, 0, 4, 0, 0, 0, 5, 0, 0, 0, 0, 0, 0, 23]}, 0.08536118763391494]}, "rate-30": {"ANB": [{"max": 0.08993365274791029, "min": 0.0, "sm": 0.004282554892757633, "value": [448, 72, 35, 30, 14, 7, 9, 7, 2, 2, 3, 1, 1, 1, 0, 0, 1, 0, 0, 0, 0, 1]}, 0.004915549993347929], "ACC": [{"max": 0.18072192010320826, "min": 0.0, "sm": 0.008605805719200393, "value": [141, 0, 0, 0, 0, 0, 0, 0, 1, 10, 8, 32, 51, 52, 78, 83, 70, 64, 24, 13, 6, 1]}, 0.10112923956722092], "LCC": [{"max": 1.0, "min": 0, "sm": 0.047619047619047616, "value": [432, 26, 32, 32, 25, 1, 2, 39, 0, 0, 9, 0, 0, 0, 13, 0, 0, 1, 0, 0, 0, 22]}, 0.10328355048386606]}, "rate-35": {"ANB": [{"max": 0.06456789081073956, "min": 0.0, "sm": 0.0030746614671780742, "value": [486, 85, 51, 29, 23, 16, 11, 4, 8, 5, 5, 2, 3, 2, 2, 0, 1, 0, 3, 1, 1, 1]}, 0.004749980006047266], "ACC": [{"max": 0.17152856630987168, "min": 0.0, "sm": 0.008168026967136746, "value": [155, 0, 0, 0, 0, 0, 0, 0, 7, 9, 20, 25, 48, 62, 108, 91, 103, 59, 27, 12, 12, 1]}, 0.0972700445492575], "LCC": [{"max": 1.0, "min": 0, "sm": 0.047619047619047616, "value": [488, 17, 35, 48, 27, 6, 7, 49, 4, 2, 6, 0, 0, 0, 10, 0, 0, 2, 0, 0, 0, 38]}, 0.12229778585807365]}, "rate-40": {"ANB": [{"max": 0.0698377327074097, "min": 0.0, "sm": 0.003325606319400462, "value": [584, 118, 53, 28, 18, 14, 5, 4, 5, 4, 2, 0, 3, 0, 2, 2, 1, 0, 0, 1, 0, 1]}, 0.0038599510048672766], "ACC": [{"max": 0.19960439978237074, "min": 0.0, "sm": 0.00950497141820813, "value": [146, 0, 0, 0, 0, 0, 0, 2, 3, 10, 17, 25, 38, 69, 94, 130, 117, 106, 60, 21, 6, 1]}, 0.12208894482782984], "LCC": [{"max": 1.0, "min": 0, "sm": 0.047619047619047616, "value": [512, 34, 45, 46, 37, 7, 15, 76, 6, 2, 13, 0, 2, 0, 13, 0, 1, 0, 0, 0, 0, 36]}, 0.13105616067768225]}}