{"rate-5": {"ANB": [{"max": 0.0009157509157509158, "min": 0.0, "sm": 4.360718646432932e-05, "value": [103, 0, 0, 0, 1, 0, 0, 0, 0, 0, 0, 0, 1, 0, 0, 0, 0, 0, 0, 0, 0, 1]}, 1.5550487248600457e-05], "ACC": [{"max": 0.03047619047619048, "min": 0.009523809523809525, "sm": 0.000997732426303855, "value": [98, 0, 0, 2, 0, 0, 0, 1, 0, 3, 0, 0, 0, 0, 0, 1, 0, 0, 0, 0, 0, 1]}, 0.010270540081860822], "LCC": [{"max": 0, "min": 0, "sm": 0.0, "value": [106, 0, 0, 0, 0, 0, 0, 0, 0, 0, 0, 0, 0, 0, 0, 0, 0, 0, 0, 0, 0, 0]}, 0.0]}, "rate-10": {"ANB": [{"max": 4.55684666210982e-05, "min": 0.0, "sm": 2.169926981957057e-06, "value": [204, 0, 0, 0, 0, 0, 0, 0, 0, 0, 0, 0, 0, 0, 0, 0, 0, 0, 0, 0, 0, 7]}, 1.5117500774771916e-06], "ACC": [{"max": 0.009523809523809525, "min": 0.004761904761904762, "sm": 0.00022675736961451248, "value": [190, 0, 0, 0, 0, 0, 14, 0, 0, 0, 0, 0, 0, 0, 0, 0, 0, 0, 0, 0, 0, 7]}, 0.005025201233732028], "LCC": [{"max": 0, "min": 0, "sm": 0.0, "value": [211, 0, 0, 0, 0, 0, 0, 0, 0, 0, 0, 0, 0, 0, 0, 0, 0, 0, 0, 0, 0, 0]}, 0.0]}, "rate-15": {"ANB": [{"max": 0.0003394162041288983, "min": 0.0, "sm": 1.6162676387090396e-05, "value": [279, 18, 2, 4, 0, 0, 3, 1, 2, 3, 0, 3, 0, 0, 0, 0, 0, 0, 0, 1, 0, 2]}, 1.0673465538644607e-05], "ACC": [{"max": 0.012618296529968454, "min": 0.0031545741324921135, "sm": 0.0004506534474988734, "value": [216, 0, 36, 2, 2, 13, 0, 20, 6, 5, 0, 2, 2, 2, 7, 1, 0, 0, 0, 2, 0, 2]}, 0.0041219037708066205], "LCC": [{"max": 0, "min": 0, "sm": 0.0, "value": [318, 0, 0, 0, 0, 0, 0, 0, 0, 0, 0, 0, 0, 0, 0, 0, 0, 0, 0, 0, 0, 0]}, 0.0]}, "rate-20": {"ANB": [{"max": 0.0001017984390906006, "min": 0.0, "sm": 4.847544718600029e-06, "value": [355, 0, 27, 0, 14, 0, 11, 0, 0, 5, 0, 4, 0, 2, 0, 0, 0, 0, 2, 0, 0, 2]}, 4.663751553913772e-06], "ACC": [{"max": 0.009501187648456057, "min": 0.0023752969121140144, "sm": 0.00033932813030200206, "value": [252, 0, 54, 14, 6, 10, 2, 35, 15, 15, 0, 6, 2, 0, 4, 4, 0, 1, 0, 0, 0, 2]}, 0.0032240277604078183], "LCC": [{"max": 0, "min": 0, "sm": 0.0, "value": [422, 0, 0, 0, 0, 0, 0, 0, 0, 0, 0, 0, 0, 0, 0, 0, 0, 0, 0, 0, 0, 0]}, 0.0]}, "rate-25": {"ANB": [{"max": 0.00027416829604404007, "min": 0.0, "sm": 1.305563314495429e-05, "value": [471, 23, 12, 1, 7, 3, 1, 0, 3, 2, 1, 0, 0, 1, 0, 0, 0, 1, 0, 1, 0, 1]}, 6.6273735836004446e-06], "ACC": [{"max": 0.010541851149061775, "min": 0.0018975332068311196, "sm": 0.00041163418772526927, "value": [304, 66, 14, 22, 44, 20, 4, 9, 10, 10, 7, 7, 3, 0, 1, 4, 1, 0, 1, 0, 0, 1]}, 0.0027791684827214607], "LCC": [{"max": 0, "min": 0, "sm": 0.0, "value": [528, 0, 0, 0, 0, 0, 0, 0, 0, 0, 0, 0, 0, 0, 0, 0, 0, 0, 0, 0, 0, 0]}, 0.0]}, "rate-30": {"ANB": [{"max": 0.00077989081528586, "min": 0.0, "sm": 3.7137657870755234e-05, "value": [575, 35, 9, 4, 4, 0, 2, 1, 0, 0, 1, 1, 1, 0, 0, 0, 0, 0, 0, 0, 0, 1]}, 1.3105420761598158e-05], "ACC": [{"max": 0.013164823591363875, "min": 0.001579778830963665, "sm": 0.0005516687981142957, "value": [324, 30, 78, 57, 25, 43, 15, 20, 12, 3, 7, 4, 1, 2, 9, 1, 1, 0, 1, 0, 0, 1]}, 0.002995629083711453], "LCC": [{"max": 0, "min": 0, "sm": 0.0, "value": [634, 0, 0, 0, 0, 0, 0, 0, 0, 0, 0, 0, 0, 0, 0, 0, 0, 0, 0, 0, 0, 0]}, 0.0]}, "rate-35": {"ANB": [{"max": 0.0015774784613517777, "min": 0.0, "sm": 7.511802196913228e-05, "value": [705, 12, 1, 7, 0, 2, 0, 0, 0, 0, 1, 0, 0, 1, 1, 4, 0, 1, 1, 1, 1, 1]}, 2.9725346505911198e-05], "ACC": [{"max": 0.011021259945219774, "min": 0.0013550135501355014, "sm": 0.00046029744738496537, "value": [374, 44, 80, 70, 21, 29, 16, 19, 8, 16, 2, 11, 14, 8, 5, 3, 8, 2, 2, 2, 4, 1]}, 0.002747304623144334], "LCC": [{"max": 0, "min": 0, "sm": 0.0, "value": [739, 0, 0, 0, 0, 0, 0, 0, 0, 0, 0, 0, 0, 0, 0, 0, 0, 0, 0, 0, 0, 0]}, 0.0]}, "rate-40": {"ANB": [{"max": 0.002832384531254382, "min": 0.0, "sm": 0.0001348754538692563, "value": [794, 20, 5, 7, 3, 1, 0, 0, 3, 1, 1, 2, 3, 2, 1, 0, 0, 1, 1, 0, 0, 1]}, 5.234438608365272e-05], "ACC": [{"max": 0.01556024839525791, "min": 0.001183431952662722, "sm": 0.0006846103067902471, "value": [390, 125, 85, 71, 36, 23, 21, 16, 14, 8, 8, 12, 9, 3, 6, 7, 2, 4, 1, 3, 1, 1]}, 0.002994195230740624], "LCC": [{"max": 1.0, "min": 0, "sm": 0.047619047619047616, "value": [843, 0, 0, 1, 0, 0, 0, 1, 0, 0, 0, 0, 0, 0, 0, 0, 0, 0, 0, 0, 0, 1]}, 0.0017730496453900709]}}