{"rate-5": {"ANB": [{"max": 0.5223114264376401, "min": 0.0, "sm": 0.02487197268750667, "value": [16, 2, 2, 4, 2, 4, 2, 4, 3, 1, 4, 4, 4, 5, 4, 6, 6, 5, 5, 8, 13, 1]}, 0.2866869376578114], "ACC": [{"max": 0.044142614601018676, "min": 0.021220159151193633, "sm": 0.0010915454976107163, "value": [5, 4, 4, 4, 5, 4, 5, 3, 4, 4, 3, 4, 4, 3, 3, 5, 6, 8, 6, 6, 14, 1]}, 0.03443648861788293], "LCC": [{"max": 0, "min": 0, "sm": 0.0, "value": [105, 0, 0, 0, 0, 0, 0, 0, 0, 0, 0, 0, 0, 0, 0, 0, 0, 0, 0, 0, 0, 0]}, 0.0]}, "rate-10": {"ANB": [{"max": 0.37753221437432016, "min": 0.0, "sm": 0.017977724494015246, "value": [59, 30, 29, 20, 7, 6, 5, 11, 9, 9, 6, 5, 6, 4, 1, 0, 0, 0, 2, 1, 0, 1]}, 0.07535123893317955], "ACC": [{"max": 0.09040034438226431, "min": 0.03380009657170449, "sm": 0.002695249895740944, "value": [10, 6, 9, 7, 4, 4, 6, 7, 6, 19, 14, 14, 22, 22, 12, 18, 7, 9, 7, 5, 2, 1]}, 0.0633897527597954], "LCC": [{"max": 1.0, "min": 0, "sm": 0.047619047619047616, "value": [198, 0, 1, 3, 1, 0, 0, 3, 0, 0, 0, 0, 0, 0, 1, 0, 0, 0, 0, 0, 0, 4]}, 0.030647709320695105]}, "rate-15": {"ANB": [{"max": 0.36548230445909785, "min": 0.0, "sm": 0.01740391925995704, "value": [162, 67, 27, 13, 14, 9, 9, 0, 2, 3, 3, 3, 2, 0, 0, 2, 0, 0, 0, 0, 0, 1]}, 0.034659053095342625], "ACC": [{"max": 0.12614770459081837, "min": 0.04834761321909425, "sm": 0.003704766255796386, "value": [2, 1, 1, 4, 18, 19, 24, 29, 30, 28, 29, 32, 25, 25, 16, 8, 7, 10, 6, 1, 1, 1]}, 0.0862762387027371], "LCC": [{"max": 1.0, "min": 0, "sm": 0.047619047619047616, "value": [287, 1, 3, 4, 1, 0, 0, 9, 0, 0, 0, 0, 0, 0, 0, 0, 0, 0, 0, 0, 0, 12]}, 0.051314405888538375]}, "rate-20": {"ANB": [{"max": 0.3438629590131114, "min": 0.0, "sm": 0.01637442661967197, "value": [232, 83, 47, 24, 17, 3, 7, 3, 1, 0, 1, 0, 0, 1, 0, 0, 0, 0, 1, 1, 0, 1]}, 0.025583652425070377], "ACC": [{"max": 0.12906192519926427, "min": 0.050172804194970805, "sm": 0.00375662480972826, "value": [6, 3, 10, 29, 26, 26, 22, 19, 28, 22, 25, 23, 38, 38, 33, 37, 19, 6, 6, 4, 1, 1]}, 0.08879739986067478], "LCC": [{"max": 1.0, "min": 0, "sm": 0.047619047619047616, "value": [381, 7, 4, 8, 0, 0, 0, 10, 0, 0, 0, 0, 0, 0, 0, 0, 0, 0, 0, 0, 0, 12]}, 0.041491762581809984]}, "rate-25": {"ANB": [{"max": 0.1876868203592992, "min": 0.0, "sm": 0.008937467636157105, "value": [266, 103, 44, 36, 19, 13, 11, 6, 11, 4, 6, 2, 2, 1, 2, 0, 1, 0, 0, 0, 0, 1]}, 0.018109660431414955], "ACC": [{"max": 0.13247863247863248, "min": 0.050219172860682296, "sm": 0.003917117124664295, "value": [3, 2, 9, 6, 6, 8, 17, 23, 28, 34, 37, 60, 56, 67, 62, 43, 33, 14, 11, 4, 5, 0]}, 0.09756076173595828], "LCC": [{"max": 1.0, "min": 0, "sm": 0.047619047619047616, "value": [470, 6, 3, 19, 1, 0, 0, 12, 0, 0, 1, 0, 0, 0, 2, 0, 0, 0, 0, 0, 0, 14]}, 0.04527867965367966]}, "rate-30": {"ANB": [{"max": 0.1166894735690468, "min": 0.0, "sm": 0.005556641598526038, "value": [299, 109, 73, 50, 18, 20, 15, 13, 14, 3, 1, 3, 1, 2, 4, 3, 0, 3, 1, 1, 0, 1]}, 0.012614621965543131], "ACC": [{"max": 0.15828957239309827, "min": 0.06271052110164455, "sm": 0.00455138339483113, "value": [5, 4, 5, 15, 24, 26, 25, 35, 29, 55, 45, 62, 54, 54, 59, 48, 42, 19, 17, 6, 4, 1]}, 0.11490350437624255], "LCC": [{"max": 1.0, "min": 0, "sm": 0.047619047619047616, "value": [523, 11, 14, 20, 6, 1, 1, 23, 2, 0, 1, 0, 0, 0, 3, 0, 0, 0, 0, 0, 0, 29]}, 0.0744779930899805]}, "rate-35": {"ANB": [{"max": 0.13603569904184828, "min": 0.0, "sm": 0.006477890430564204, "value": [448, 127, 56, 35, 28, 14, 5, 3, 3, 4, 0, 2, 2, 0, 3, 1, 4, 1, 1, 1, 0, 1]}, 0.010239640479148908], "ACC": [{"max": 0.1740976645435244, "min": 0.07025226082817705, "sm": 0.00494501922454035, "value": [4, 8, 9, 18, 27, 27, 52, 67, 68, 85, 96, 65, 60, 63, 23, 28, 16, 10, 4, 8, 0, 1]}, 0.11979075673303725], "LCC": [{"max": 1.0, "min": 0, "sm": 0.047619047619047616, "value": [666, 12, 11, 23, 1, 0, 1, 11, 0, 0, 2, 0, 0, 0, 1, 0, 0, 0, 0, 0, 0, 11]}, 0.030813841098008887]}, "rate-40": {"ANB": [{"max": 0.08350894857532086, "min": 0.0, "sm": 0.003976616598824803, "value": [446, 156, 72, 47, 33, 23, 23, 11, 10, 9, 4, 3, 1, 1, 1, 2, 0, 0, 1, 0, 1, 1]}, 0.007485488366358865], "ACC": [{"max": 0.190304396843292, "min": 0.0692654903569963, "sm": 0.005763757451728367, "value": [5, 3, 7, 6, 17, 23, 27, 37, 34, 53, 67, 66, 80, 99, 77, 86, 59, 54, 24, 17, 3, 1]}, 0.14098540031216977], "LCC": [{"max": 1.0, "min": 0, "sm": 0.047619047619047616, "value": [686, 28, 31, 39, 3, 0, 0, 25, 0, 0, 0, 0, 0, 0, 3, 0, 0, 0, 0, 0, 0, 30]}, 0.06253378442727557]}}