{"rate-5": {"ANB": [{"max": 0.5106422703510083, "min": 0.0, "sm": 0.024316298588143253, "value": [25, 5, 5, 7, 2, 6, 4, 2, 5, 2, 1, 2, 1, 1, 2, 3, 1, 4, 3, 6, 17, 1]}, 0.22197090934955008], "ACC": [{"max": 0.05502645502645503, "min": 0.02436738519212746, "sm": 0.0014599557063965508, "value": [3, 2, 2, 2, 2, 2, 2, 3, 8, 5, 4, 6, 3, 7, 7, 7, 6, 8, 6, 6, 13, 1]}, 0.04373948253510953], "LCC": [{"max": 1.0, "min": 0, "sm": 0.047619047619047616, "value": [99, 0, 0, 2, 0, 0, 0, 2, 0, 0, 0, 0, 0, 0, 0, 0, 0, 0, 0, 0, 0, 2]}, 0.02857142857142857]}, "rate-10": {"ANB": [{"max": 0.3753753431197039, "min": 0.0, "sm": 0.017875016339033517, "value": [81, 36, 36, 16, 10, 8, 3, 2, 2, 1, 6, 2, 0, 4, 0, 1, 1, 0, 0, 0, 1, 1]}, 0.04948433125035772], "ACC": [{"max": 0.13539651837524178, "min": 0.05579171094580234, "sm": 0.003790705115687592, "value": [5, 5, 4, 6, 10, 11, 22, 20, 20, 27, 16, 21, 4, 11, 6, 5, 6, 5, 3, 1, 2, 1]}, 0.09103084457301065], "LCC": [{"max": 1.0, "min": 0, "sm": 0.047619047619047616, "value": [194, 0, 2, 3, 0, 0, 0, 5, 0, 0, 0, 0, 0, 0, 0, 0, 0, 0, 0, 0, 0, 7]}, 0.044369216881065224]}, "rate-15": {"ANB": [{"max": 0.32447391333467274, "min": 0.0, "sm": 0.01545113873022251, "value": [137, 67, 43, 24, 12, 3, 4, 10, 3, 6, 3, 0, 2, 1, 0, 0, 0, 1, 0, 0, 0, 1]}, 0.03372776602022298], "ACC": [{"max": 0.12290937378451965, "min": 0.04811938480280189, "sm": 0.003561428046748465, "value": [4, 7, 5, 5, 9, 9, 12, 15, 9, 30, 23, 36, 28, 29, 22, 24, 24, 9, 4, 10, 2, 1]}, 0.08919620450803689], "LCC": [{"max": 1.0, "min": 0, "sm": 0.047619047619047616, "value": [294, 1, 5, 6, 0, 0, 0, 6, 0, 0, 0, 0, 0, 0, 0, 0, 0, 0, 0, 0, 0, 5]}, 0.027184417405237592]}, "rate-20": {"ANB": [{"max": 0.2656082658687479, "min": 0.0, "sm": 0.012648012660416567, "value": [202, 76, 48, 28, 17, 8, 10, 14, 8, 6, 2, 2, 0, 0, 0, 0, 0, 0, 0, 0, 0, 1]}, 0.026420795828997916], "ACC": [{"max": 0.11550068587105625, "min": 0.0449402220324509, "sm": 0.003360022087552635, "value": [6, 2, 3, 7, 14, 14, 18, 23, 30, 24, 18, 22, 34, 30, 39, 37, 40, 31, 19, 7, 3, 1]}, 0.08577831984951804], "LCC": [{"max": 1.0, "min": 0, "sm": 0.047619047619047616, "value": [382, 4, 7, 11, 0, 0, 0, 5, 0, 0, 1, 0, 0, 0, 1, 0, 0, 0, 0, 0, 0, 11]}, 0.03968442037162416]}, "rate-25": {"ANB": [{"max": 0.22157673929774419, "min": 0.0, "sm": 0.01055127329989258, "value": [339, 86, 48, 18, 13, 7, 5, 4, 1, 1, 3, 1, 0, 0, 1, 0, 0, 0, 0, 0, 0, 1]}, 0.013841139914815429], "ACC": [{"max": 0.17625418060200668, "min": 0.07988479611944824, "sm": 0.004589018308693259, "value": [4, 3, 11, 18, 24, 39, 40, 55, 57, 55, 43, 44, 41, 34, 20, 20, 11, 3, 4, 1, 0, 1]}, 0.1231214916669131], "LCC": [{"max": 1.0, "min": 0, "sm": 0.047619047619047616, "value": [472, 6, 7, 9, 0, 1, 1, 13, 0, 0, 0, 0, 0, 0, 1, 0, 0, 0, 0, 0, 0, 18]}, 0.04960481437754165]}, "rate-30": {"ANB": [{"max": 0.13197544015511106, "min": 0.0, "sm": 0.006284544769291003, "value": [317, 136, 54, 28, 30, 18, 13, 9, 6, 8, 2, 3, 2, 2, 2, 1, 0, 1, 0, 1, 0, 1]}, 0.012547848979376325], "ACC": [{"max": 0.15789473684210525, "min": 0.06638003355704698, "sm": 0.0043578430135742035, "value": [6, 7, 15, 16, 18, 32, 24, 42, 37, 41, 44, 57, 50, 51, 46, 48, 43, 24, 12, 15, 5, 1]}, 0.11562488818803951], "LCC": [{"max": 1.0, "min": 0, "sm": 0.047619047619047616, "value": [570, 8, 8, 13, 1, 0, 0, 12, 0, 0, 0, 0, 0, 0, 0, 0, 0, 0, 0, 0, 0, 22]}, 0.04698983981318365]}, "rate-35": {"ANB": [{"max": 0.10858173572998644, "min": 0.0, "sm": 0.0051705588442850685, "value": [377, 139, 70, 51, 24, 22, 13, 9, 4, 7, 4, 4, 3, 1, 3, 0, 1, 1, 3, 1, 1, 1]}, 0.01039810931669832], "ACC": [{"max": 0.1549443627965568, "min": 0.06084590650507049, "sm": 0.004480878871023157, "value": [4, 3, 2, 3, 12, 19, 23, 24, 23, 42, 59, 64, 75, 72, 88, 78, 57, 43, 27, 14, 6, 1]}, 0.11822394604372144], "LCC": [{"max": 1.0, "min": 0, "sm": 0.047619047619047616, "value": [635, 6, 15, 26, 3, 1, 0, 25, 0, 0, 0, 0, 0, 0, 2, 0, 0, 0, 0, 0, 0, 26]}, 0.058037429417672995]}, "rate-40": {"ANB": [{"max": 0.13342931943040912, "min": 0.0, "sm": 0.006353777115733768, "value": [556, 140, 48, 32, 19, 15, 15, 6, 5, 1, 4, 1, 0, 0, 1, 0, 0, 1, 0, 0, 0, 1]}, 0.008125081065584417], "ACC": [{"max": 0.17638453500522466, "min": 0.07928604978863316, "sm": 0.004623737391266263, "value": [1, 7, 5, 16, 20, 35, 46, 48, 73, 94, 88, 76, 92, 67, 55, 53, 28, 16, 12, 8, 4, 1]}, 0.1297745700842373], "LCC": [{"max": 1.0, "min": 0, "sm": 0.047619047619047616, "value": [728, 14, 18, 27, 6, 0, 1, 19, 1, 0, 3, 0, 0, 0, 4, 0, 0, 0, 0, 0, 0, 24]}, 0.051966889126652434]}}