{"rate-5": {"ANB": [{"max": 0.0003734129947722181, "min": 0.0, "sm": 1.7781571179629433e-05, "value": [97, 0, 0, 0, 0, 0, 0, 0, 0, 0, 4, 0, 0, 0, 0, 0, 0, 0, 0, 0, 0, 4]}, 2.133788541555532e-05], "ACC": [{"max": 0.021634615384615384, "min": 0.0, "sm": 0.0010302197802197802, "value": [71, 0, 0, 0, 0, 0, 0, 0, 0, 14, 0, 0, 8, 0, 4, 0, 0, 0, 4, 0, 0, 4]}, 0.004365079365079367], "LCC": [{"max": 0, "min": 0, "sm": 0.0, "value": [105, 0, 0, 0, 0, 0, 0, 0, 0, 0, 0, 0, 0, 0, 0, 0, 0, 0, 0, 0, 0, 0]}, 0.0]}, "rate-10": {"ANB": [{"max": 0.0018683071314650262, "min": 0.0, "sm": 8.896700626023935e-05, "value": [174, 9, 4, 5, 5, 3, 2, 0, 2, 2, 0, 1, 1, 0, 1, 0, 0, 0, 1, 0, 0, 1]}, 8.573782582263499e-05], "ACC": [{"max": 0.03401360544217687, "min": 0.0, "sm": 0.0016196954972465174, "value": [103, 0, 26, 6, 8, 6, 12, 3, 5, 11, 2, 8, 5, 1, 7, 3, 2, 1, 1, 0, 0, 1]}, 0.006515498182842603], "LCC": [{"max": 1.0, "min": 0, "sm": 0.047619047619047616, "value": [190, 0, 2, 1, 0, 0, 0, 8, 0, 0, 0, 0, 0, 0, 1, 0, 0, 0, 0, 0, 0, 9]}, 0.060347551342812014]}, "rate-15": {"ANB": [{"max": 0.00450070323488045, "min": 0.0, "sm": 0.00021431920166097381, "value": [272, 12, 10, 1, 4, 0, 4, 0, 3, 1, 2, 1, 0, 1, 0, 1, 1, 0, 2, 0, 1, 1]}, 0.00019902276021750522], "ACC": [{"max": 0.030354763491005996, "min": 0.0, "sm": 0.0014454649281431427, "value": [124, 0, 60, 11, 14, 7, 11, 11, 7, 19, 5, 13, 10, 4, 6, 6, 4, 2, 0, 1, 1, 1]}, 0.0063592283012684605], "LCC": [{"max": 1.0, "min": 0, "sm": 0.047619047619047616, "value": [293, 0, 1, 4, 0, 0, 0, 9, 0, 0, 0, 0, 0, 0, 0, 0, 0, 0, 0, 0, 0, 10]}, 0.043427970557308106]}, "rate-20": {"ANB": [{"max": 0.05355391929485224, "min": 0.0, "sm": 0.002550186633088202, "value": [335, 18, 10, 10, 8, 4, 8, 8, 6, 2, 2, 0, 1, 0, 1, 1, 1, 2, 1, 1, 2, 1]}, 0.00341381253112518], "ACC": [{"max": 0.07888520563690517, "min": 0.0, "sm": 0.0037564383636621507, "value": [179, 31, 15, 6, 0, 0, 0, 0, 0, 2, 6, 11, 15, 25, 17, 37, 26, 24, 11, 10, 6, 1]}, 0.027387762758444758], "LCC": [{"max": 1.0, "min": 0, "sm": 0.047619047619047616, "value": [348, 2, 4, 9, 2, 4, 6, 19, 1, 0, 6, 0, 0, 0, 6, 0, 0, 0, 0, 0, 0, 15]}, 0.08057538827681011]}, "rate-25": {"ANB": [{"max": 0.08026413233829123, "min": 0.0, "sm": 0.00382210153991863, "value": [363, 71, 27, 13, 7, 12, 8, 9, 1, 2, 3, 3, 4, 1, 0, 1, 1, 1, 0, 0, 0, 1]}, 0.005074354485614139], "ACC": [{"max": 0.130551381469985, "min": 0.0, "sm": 0.006216732450951666, "value": [182, 0, 0, 0, 0, 0, 0, 1, 5, 6, 12, 18, 31, 39, 48, 53, 53, 34, 25, 14, 6, 1]}, 0.06171267113610225], "LCC": [{"max": 1.0, "min": 0, "sm": 0.047619047619047616, "value": [406, 6, 13, 17, 14, 6, 5, 26, 3, 0, 6, 0, 0, 0, 4, 0, 0, 0, 0, 0, 0, 22]}, 0.09113715619397438]}, "rate-30": {"ANB": [{"max": 0.09689396298906963, "min": 0.0, "sm": 0.004613998237574744, "value": [474, 73, 32, 22, 7, 7, 3, 2, 4, 2, 3, 1, 0, 1, 1, 0, 1, 0, 0, 0, 0, 1]}, 0.0043140490299812305], "ACC": [{"max": 0.18662176768936561, "min": 0.0, "sm": 0.008886750842350744, "value": [164, 0, 0, 0, 0, 0, 0, 4, 5, 12, 15, 34, 53, 57, 98, 73, 63, 40, 8, 7, 0, 1]}, 0.09491039160892528], "LCC": [{"max": 1.0, "min": 0, "sm": 0.047619047619047616, "value": [414, 19, 28, 41, 17, 7, 15, 35, 4, 0, 9, 0, 1, 0, 6, 0, 0, 0, 0, 0, 0, 38]}, 0.12812093804771385]}, "rate-35": {"ANB": [{"max": 0.0797510796376245, "min": 0.0, "sm": 0.0037976704589344997, "value": [523, 97, 54, 14, 4, 7, 11, 6, 6, 2, 2, 3, 4, 2, 2, 1, 0, 0, 0, 0, 0, 1]}, 0.004374606698312769], "ACC": [{"max": 0.16486303720609546, "min": 0.0, "sm": 0.00785062081933788, "value": [167, 2, 0, 0, 0, 0, 0, 0, 1, 4, 6, 20, 37, 65, 75, 96, 111, 85, 44, 14, 11, 1]}, 0.09470454209307153], "LCC": [{"max": 1.0, "min": 0, "sm": 0.047619047619047616, "value": [495, 24, 40, 38, 14, 6, 7, 56, 4, 2, 5, 0, 1, 0, 15, 0, 0, 1, 0, 0, 0, 31]}, 0.11488766767561644]}, "rate-40": {"ANB": [{"max": 0.058392802868026554, "min": 0.0, "sm": 0.0027806096603822167, "value": [561, 116, 60, 21, 30, 15, 13, 8, 5, 4, 4, 1, 2, 0, 0, 1, 0, 1, 0, 2, 0, 1]}, 0.003676827197065706], "ACC": [{"max": 0.20155396361738487, "min": 0.0, "sm": 0.009597807791304041, "value": [152, 0, 0, 0, 0, 0, 0, 0, 0, 2, 3, 27, 44, 80, 107, 146, 126, 85, 52, 16, 4, 1]}, 0.12209863787699658], "LCC": [{"max": 1.0, "min": 0, "sm": 0.047619047619047616, "value": [494, 43, 53, 67, 30, 8, 17, 61, 7, 0, 11, 1, 3, 0, 12, 0, 0, 0, 0, 0, 0, 38]}, 0.1304484432650384]}}