{"rate-5": {"ANB": [{"max": 0.5121359223300971, "min": 0.0, "sm": 0.024387424872861767, "value": [21, 5, 3, 5, 4, 6, 3, 4, 1, 2, 4, 2, 2, 2, 2, 4, 3, 3, 4, 7, 17, 1]}, 0.24567374373199607], "ACC": [{"max": 0.050387596899224806, "min": 0.022447658104899633, "sm": 0.0013304732759202463, "value": [4, 3, 2, 2, 2, 2, 2, 2, 2, 7, 9, 5, 6, 7, 10, 4, 4, 5, 6, 6, 14, 1]}, 0.03978315800013716], "LCC": [{"max": 1.0, "min": 0, "sm": 0.047619047619047616, "value": [99, 0, 1, 1, 0, 0, 0, 2, 0, 0, 0, 0, 0, 0, 0, 0, 0, 0, 0, 0, 0, 2]}, 0.02793650793650794]}, "rate-10": {"ANB": [{"max": 0.5113764931810044, "min": 0.0, "sm": 0.024351261580047828, "value": [95, 34, 21, 18, 15, 4, 5, 4, 5, 1, 0, 0, 1, 0, 2, 2, 2, 0, 0, 1, 0, 1]}, 0.06306114273188353], "ACC": [{"max": 0.11012060828526482, "min": 0.038202655994178644, "sm": 0.0034246643948136275, "value": [4, 4, 3, 9, 11, 10, 14, 11, 12, 18, 14, 18, 13, 16, 17, 12, 6, 8, 4, 1, 5, 1]}, 0.07434407839558096], "LCC": [{"max": 1.0, "min": 0, "sm": 0.047619047619047616, "value": [198, 0, 1, 2, 0, 0, 0, 6, 0, 0, 0, 0, 0, 0, 0, 0, 0, 0, 0, 0, 0, 4]}, 0.030489731437598734]}, "rate-15": {"ANB": [{"max": 0.4062885702804321, "min": 0.0, "sm": 0.019347074775258672, "value": [152, 45, 35, 34, 15, 7, 8, 4, 4, 5, 1, 0, 0, 3, 0, 0, 1, 0, 1, 1, 0, 1]}, 0.04366147369381802], "ACC": [{"max": 0.10675675675675676, "min": 0.0380768767321364, "sm": 0.003270470477362874, "value": [6, 8, 10, 11, 15, 12, 21, 25, 27, 20, 19, 25, 27, 26, 14, 14, 15, 6, 10, 3, 2, 1]}, 0.07129548819101733], "LCC": [{"max": 1.0, "min": 0, "sm": 0.047619047619047616, "value": [290, 3, 2, 6, 2, 0, 0, 8, 0, 0, 0, 0, 0, 0, 0, 0, 0, 0, 0, 0, 0, 6]}, 0.03304791948325072]}, "rate-20": {"ANB": [{"max": 0.290872727717302, "min": 0.0, "sm": 0.013851082272252476, "value": [221, 92, 48, 25, 8, 10, 7, 3, 1, 1, 0, 0, 1, 0, 1, 1, 0, 1, 0, 1, 0, 1]}, 0.022367057617702083], "ACC": [{"max": 0.14407939767282682, "min": 0.06154970760233918, "sm": 0.003929985241451792, "value": [7, 5, 16, 19, 16, 27, 20, 29, 42, 40, 44, 47, 33, 24, 18, 12, 11, 4, 3, 2, 2, 1]}, 0.09888572388884348], "LCC": [{"max": 1.0, "min": 0, "sm": 0.047619047619047616, "value": [372, 3, 5, 12, 1, 2, 0, 12, 0, 0, 0, 0, 0, 0, 3, 0, 0, 0, 0, 0, 0, 12]}, 0.05082938388625593]}, "rate-25": {"ANB": [{"max": 0.21908720677050117, "min": 0.0, "sm": 0.010432724131928627, "value": [314, 95, 43, 28, 13, 9, 8, 1, 3, 1, 2, 3, 1, 1, 1, 0, 0, 1, 3, 0, 0, 1]}, 0.01666405944423421], "ACC": [{"max": 0.1538237011091652, "min": 0.05856857079350967, "sm": 0.004535958586459788, "value": [5, 7, 4, 7, 13, 14, 38, 47, 66, 67, 55, 50, 36, 31, 25, 20, 20, 9, 7, 1, 5, 1]}, 0.10529956387962505], "LCC": [{"max": 1.0, "min": 0, "sm": 0.047619047619047616, "value": [470, 5, 3, 17, 1, 0, 1, 12, 0, 0, 0, 0, 0, 0, 0, 0, 0, 0, 0, 0, 0, 19]}, 0.051097282347282336]}, "rate-30": {"ANB": [{"max": 0.1371861251134289, "min": 0.0, "sm": 0.006532672624448995, "value": [367, 99, 65, 35, 15, 10, 6, 6, 8, 6, 3, 2, 2, 1, 2, 5, 0, 0, 0, 1, 0, 1]}, 0.011477714886477421], "ACC": [{"max": 0.17651979921918573, "min": 0.07458465889006716, "sm": 0.004854054301386599, "value": [10, 9, 9, 14, 29, 21, 45, 41, 60, 53, 58, 64, 56, 42, 47, 25, 22, 17, 3, 5, 3, 1]}, 0.12452740230858943], "LCC": [{"max": 1.0, "min": 0, "sm": 0.047619047619047616, "value": [546, 12, 14, 18, 0, 1, 1, 20, 3, 0, 2, 0, 0, 0, 1, 0, 0, 0, 0, 0, 0, 16]}, 0.04970343361510553]}, "rate-35": {"ANB": [{"max": 0.11202238185036771, "min": 0.0, "sm": 0.005334399135731796, "value": [408, 135, 60, 37, 29, 20, 11, 8, 1, 6, 7, 7, 2, 4, 1, 0, 1, 0, 1, 0, 0, 1]}, 0.0096675693688156], "ACC": [{"max": 0.17740384615384616, "min": 0.07673112913287586, "sm": 0.00479393890576049, "value": [7, 12, 25, 19, 23, 33, 45, 49, 49, 71, 63, 59, 72, 59, 45, 45, 27, 15, 10, 8, 2, 1]}, 0.12656389378002997], "LCC": [{"max": 1.0, "min": 0, "sm": 0.047619047619047616, "value": [662, 7, 11, 15, 6, 2, 1, 12, 0, 0, 1, 0, 0, 0, 1, 0, 0, 0, 0, 0, 0, 21]}, 0.04390161034274702]}, "rate-40": {"ANB": [{"max": 0.09235095286982468, "min": 0.0, "sm": 0.004397664422372604, "value": [440, 161, 86, 53, 29, 26, 13, 8, 6, 1, 6, 5, 3, 1, 2, 0, 2, 0, 1, 0, 1, 1]}, 0.00800880902426994], "ACC": [{"max": 0.1798040051129101, "min": 0.057681793329688355, "sm": 0.005815343418248654, "value": [4, 2, 4, 2, 2, 13, 15, 18, 41, 52, 71, 74, 117, 105, 97, 89, 69, 44, 17, 6, 2, 1]}, 0.13228130498497237], "LCC": [{"max": 1.0, "min": 0, "sm": 0.047619047619047616, "value": [683, 26, 28, 36, 11, 1, 1, 25, 1, 0, 0, 0, 0, 0, 3, 0, 0, 0, 0, 0, 0, 30]}, 0.06443392242208809]}}