{"rate-5": {"ANB": [{"max": 0.0016803584764749815, "min": 0.0, "sm": 8.001707030833246e-05, "value": [97, 0, 1, 0, 2, 0, 0, 0, 0, 0, 0, 2, 0, 0, 0, 0, 0, 0, 2, 0, 0, 1]}, 7.112628471851773e-05], "ACC": [{"max": 0.028846153846153848, "min": 0.0, "sm": 0.0013736263736263737, "value": [83, 0, 0, 0, 0, 0, 0, 8, 0, 2, 2, 0, 2, 0, 1, 4, 0, 0, 0, 2, 0, 1]}, 0.003354734398690443], "LCC": [{"max": 0, "min": 0, "sm": 0.0, "value": [105, 0, 0, 0, 0, 0, 0, 0, 0, 0, 0, 0, 0, 0, 0, 0, 0, 0, 0, 0, 0, 0]}, 0.0]}, "rate-10": {"ANB": [{"max": 0.01699703804966963, "min": 0.0, "sm": 0.0008093827642699824, "value": [197, 3, 0, 4, 1, 0, 0, 1, 0, 1, 0, 1, 0, 1, 1, 0, 0, 0, 0, 0, 0, 1]}, 0.0004064448065445821], "ACC": [{"max": 0.05604816639299398, "min": 0.0, "sm": 0.002668960304428285, "value": [107, 28, 10, 8, 10, 6, 4, 1, 3, 1, 7, 4, 4, 6, 1, 4, 3, 2, 0, 1, 0, 1]}, 0.00885712825039426], "LCC": [{"max": 1.0, "min": 0, "sm": 0.047619047619047616, "value": [197, 1, 2, 2, 0, 0, 0, 1, 0, 0, 0, 0, 0, 0, 0, 0, 0, 0, 0, 0, 0, 8]}, 0.042360640938840004]}, "rate-15": {"ANB": [{"max": 0.0709061683745228, "min": 0.0, "sm": 0.003376484208310609, "value": [268, 16, 4, 5, 3, 4, 1, 1, 1, 1, 0, 0, 3, 1, 0, 0, 0, 0, 6, 1, 1, 1]}, 0.0037485366439565207], "ACC": [{"max": 0.05051028481012658, "min": 0.0, "sm": 0.0024052516576250752, "value": [119, 38, 24, 12, 6, 4, 0, 0, 1, 2, 7, 6, 11, 11, 19, 12, 13, 12, 10, 4, 5, 1]}, 0.01475611515236294], "LCC": [{"max": 1.0, "min": 0, "sm": 0.047619047619047616, "value": [280, 2, 4, 5, 3, 0, 0, 8, 0, 0, 1, 0, 0, 0, 2, 0, 0, 0, 0, 0, 0, 12]}, 0.058216231717809014]}, "rate-20": {"ANB": [{"max": 0.09345491571229607, "min": 0.0, "sm": 0.004450234081537908, "value": [341, 26, 14, 7, 12, 3, 6, 3, 0, 5, 0, 2, 0, 1, 0, 1, 0, 0, 0, 0, 0, 1]}, 0.003860487356676749], "ACC": [{"max": 0.0971174593389059, "min": 0.0, "sm": 0.0046246409209002816, "value": [189, 25, 0, 0, 0, 0, 0, 0, 9, 5, 13, 17, 26, 18, 25, 31, 25, 21, 8, 6, 3, 1]}, 0.03359347584055522], "LCC": [{"max": 1.0, "min": 0, "sm": 0.047619047619047616, "value": [366, 3, 8, 8, 2, 0, 2, 14, 0, 1, 0, 0, 0, 0, 6, 0, 0, 0, 1, 0, 0, 11]}, 0.058026781012563006]}, "rate-25": {"ANB": [{"max": 0.10090192950298738, "min": 0.0, "sm": 0.004804853785856542, "value": [374, 62, 20, 21, 14, 12, 5, 3, 4, 2, 3, 4, 1, 1, 0, 0, 0, 0, 1, 0, 0, 1]}, 0.005864774686788958], "ACC": [{"max": 0.15765024232294927, "min": 0.0, "sm": 0.007507154396330918, "value": [139, 0, 0, 0, 0, 0, 0, 0, 10, 11, 10, 16, 27, 39, 45, 67, 67, 51, 22, 19, 4, 1]}, 0.0842242776301185], "LCC": [{"max": 1.0, "min": 0, "sm": 0.047619047619047616, "value": [391, 9, 19, 20, 8, 2, 3, 40, 1, 0, 4, 0, 1, 0, 6, 0, 0, 0, 0, 0, 0, 24]}, 0.10110592712267358]}, "rate-30": {"ANB": [{"max": 0.0772223218722742, "min": 0.0, "sm": 0.0036772534224892473, "value": [429, 75, 33, 28, 17, 12, 11, 6, 7, 2, 2, 1, 5, 2, 1, 0, 1, 0, 0, 1, 0, 1]}, 0.005149973010087735], "ACC": [{"max": 0.17069456289786855, "min": 0.0, "sm": 0.00812831251894612, "value": [146, 0, 0, 0, 0, 0, 0, 0, 1, 2, 9, 24, 48, 91, 78, 100, 66, 38, 20, 5, 5, 1]}, 0.09315021113596073], "LCC": [{"max": 1.0, "min": 0, "sm": 0.047619047619047616, "value": [459, 16, 29, 27, 11, 8, 3, 32, 5, 0, 6, 0, 0, 0, 9, 0, 0, 0, 0, 0, 0, 29]}, 0.10182365829053536]}, "rate-35": {"ANB": [{"max": 0.08492227007599125, "min": 0.0, "sm": 0.00404391762266625, "value": [507, 95, 64, 26, 13, 8, 11, 4, 2, 3, 2, 0, 0, 0, 1, 0, 1, 0, 0, 1, 1, 0]}, 0.004481959284664453], "ACC": [{"max": 0.1843284951224754, "min": 0.0, "sm": 0.008777547386784542, "value": [145, 0, 0, 0, 0, 0, 0, 0, 0, 2, 14, 21, 46, 74, 99, 123, 101, 73, 31, 7, 2, 1]}, 0.10760653219184305], "LCC": [{"max": 1.0, "min": 0, "sm": 0.047619047619047616, "value": [519, 19, 37, 36, 26, 0, 8, 48, 7, 1, 5, 0, 2, 0, 6, 0, 0, 0, 0, 0, 0, 25]}, 0.09588983279184672]}, "rate-40": {"ANB": [{"max": 0.06150092073956388, "min": 0.0, "sm": 0.002928615273312566, "value": [548, 114, 63, 33, 29, 19, 9, 5, 5, 2, 5, 1, 4, 2, 2, 0, 0, 0, 2, 1, 0, 1]}, 0.004068969226996844], "ACC": [{"max": 0.19577292299454674, "min": 0.0, "sm": 0.009322520142597464, "value": [143, 0, 0, 0, 0, 0, 0, 0, 0, 4, 19, 37, 55, 71, 113, 142, 113, 81, 42, 16, 7, 2]}, 0.118189671892419], "LCC": [{"max": 1.0, "min": 0, "sm": 0.047619047619047616, "value": [524, 46, 48, 52, 28, 10, 12, 62, 6, 2, 7, 0, 0, 0, 14, 0, 0, 0, 0, 0, 0, 34]}, 0.11804066069880279]}}