{"rate-5": {"ANB": [{"max": 0.28175612534005484, "min": 0.0, "sm": 0.013416958349526421, "value": [42, 10, 13, 9, 2, 4, 7, 9, 1, 0, 1, 2, 1, 1, 0, 0, 0, 1, 0, 0, 1, 1]}, 0.04550837512002563], "ACC": [{"max": 0.24761904761904763, "min": 0.1111111111111111, "sm": 0.006500377928949358, "value": [1, 4, 4, 6, 6, 0, 3, 8, 5, 4, 7, 9, 8, 8, 5, 3, 11, 2, 3, 3, 4, 1]}, 0.18298081329916016], "LCC": [{"max": 1.0, "min": 0, "sm": 0.047619047619047616, "value": [50, 1, 7, 6, 5, 3, 3, 14, 0, 0, 2, 0, 2, 0, 4, 0, 0, 3, 0, 0, 0, 5]}, 0.20568336425479292]}, "rate-10": {"ANB": [{"max": 0.1234790106914062, "min": 0.0, "sm": 0.005879952890066962, "value": [63, 40, 26, 21, 18, 10, 5, 3, 1, 6, 10, 4, 1, 1, 0, 0, 0, 1, 0, 0, 0, 1]}, 0.019172662375456086], "ACC": [{"max": 0.2641509433962264, "min": 0.134185303514377, "sm": 0.006188839994373782, "value": [3, 0, 6, 7, 7, 7, 10, 12, 14, 11, 20, 15, 16, 22, 14, 17, 11, 8, 5, 4, 1, 1]}, 0.2037143502874162], "LCC": [{"max": 1.0, "min": 0, "sm": 0.047619047619047616, "value": [83, 2, 20, 20, 11, 7, 8, 36, 4, 3, 9, 0, 0, 0, 3, 0, 0, 0, 0, 0, 0, 5]}, 0.18233691006202862]}, "rate-15": {"ANB": [{"max": 0.11871199805096494, "min": 0.0, "sm": 0.005652952288141187, "value": [165, 66, 34, 19, 7, 7, 2, 2, 2, 2, 1, 2, 1, 3, 0, 1, 2, 0, 0, 0, 0, 1]}, 0.010456554408956277], "ACC": [{"max": 0.3329820864067439, "min": 0.12929623567921442, "sm": 0.009699326225120453, "value": [6, 3, 12, 3, 12, 8, 6, 10, 17, 12, 20, 36, 33, 37, 37, 25, 25, 8, 2, 3, 1, 1]}, 0.24168078289766606], "LCC": [{"max": 1.0, "min": 0, "sm": 0.047619047619047616, "value": [120, 28, 39, 26, 25, 20, 10, 19, 3, 2, 2, 0, 7, 0, 1, 0, 0, 1, 0, 0, 0, 14]}, 0.1671540141169797]}, "rate-20": {"ANB": [{"max": 0.06945506242471675, "min": 0.0, "sm": 0.0033073839249865115, "value": [184, 90, 51, 28, 20, 9, 6, 5, 4, 2, 7, 4, 4, 0, 2, 0, 2, 2, 0, 1, 0, 1]}, 0.007820548489346548], "ACC": [{"max": 0.32813717848791896, "min": 0.118491415705038, "sm": 0.009983131561089568, "value": [4, 4, 8, 4, 12, 9, 9, 15, 14, 23, 21, 32, 45, 55, 55, 40, 40, 16, 14, 1, 0, 1]}, 0.24172191870041576], "LCC": [{"max": 1.0, "min": 0, "sm": 0.047619047619047616, "value": [86, 30, 62, 50, 44, 21, 25, 50, 14, 5, 8, 0, 3, 0, 10, 0, 1, 0, 0, 0, 0, 13]}, 0.21403976968269522]}, "rate-25": {"ANB": [{"max": 0.05248508394063688, "min": 0.0, "sm": 0.002499289711458899, "value": [221, 112, 40, 40, 34, 20, 14, 6, 10, 7, 3, 3, 4, 4, 2, 0, 3, 3, 0, 0, 1, 1]}, 0.0065324996561964615], "ACC": [{"max": 0.28940142778693023, "min": 0.10888429752066116, "sm": 0.00859605382220329, "value": [1, 1, 0, 4, 1, 6, 4, 4, 9, 21, 22, 45, 52, 64, 81, 77, 62, 36, 18, 15, 4, 1]}, 0.22910653476936244], "LCC": [{"max": 1.0, "min": 0, "sm": 0.047619047619047616, "value": [108, 38, 61, 55, 60, 39, 39, 55, 19, 6, 11, 4, 5, 0, 12, 0, 0, 0, 0, 0, 0, 16]}, 0.219150458143578]}, "rate-30": {"ANB": [{"max": 0.06286208580107747, "min": 0.0, "sm": 0.0029934326571941653, "value": [352, 118, 64, 26, 15, 17, 8, 10, 2, 6, 2, 3, 2, 1, 2, 1, 0, 4, 0, 0, 0, 1]}, 0.005307782147092466], "ACC": [{"max": 0.31713426853707416, "min": 0.1507501786139557, "sm": 0.007923051901100878, "value": [4, 9, 9, 7, 21, 18, 41, 47, 57, 59, 85, 70, 58, 40, 42, 26, 17, 12, 9, 1, 1, 1]}, 0.2334912005465192], "LCC": [{"max": 1.0, "min": 0, "sm": 0.047619047619047616, "value": [141, 51, 71, 80, 63, 66, 33, 57, 15, 5, 17, 3, 3, 0, 19, 0, 0, 0, 0, 0, 0, 10]}, 0.19854865897287488]}, "rate-35": {"ANB": [{"max": 0.04216873810507939, "min": 0.0, "sm": 0.002008035147860923, "value": [345, 141, 87, 46, 36, 16, 12, 10, 11, 7, 8, 5, 5, 2, 1, 3, 1, 1, 1, 0, 0, 1]}, 0.004421657732219674], "ACC": [{"max": 0.3069883527454243, "min": 0.14233365477338478, "sm": 0.007840699903430453, "value": [3, 1, 3, 5, 5, 12, 22, 26, 46, 68, 55, 102, 83, 83, 66, 61, 47, 23, 14, 9, 4, 1]}, 0.2380414504024816], "LCC": [{"max": 1.0, "min": 0, "sm": 0.047619047619047616, "value": [130, 52, 110, 110, 87, 38, 39, 74, 17, 11, 18, 2, 7, 0, 20, 1, 4, 2, 0, 0, 0, 17]}, 0.21676842484196093]}, "rate-40": {"ANB": [{"max": 0.049407017412528384, "min": 0.0, "sm": 0.002352715114882304, "value": [464, 162, 86, 42, 23, 20, 14, 12, 6, 2, 2, 1, 1, 5, 3, 1, 0, 0, 0, 0, 1, 0]}, 0.0038875785884996046], "ACC": [{"max": 0.30436350522899386, "min": 0.15594974131559497, "sm": 0.0070673220911142325, "value": [4, 6, 5, 10, 11, 26, 39, 40, 56, 67, 97, 95, 112, 80, 67, 52, 38, 16, 13, 6, 4, 1]}, 0.23668138861049784], "LCC": [{"max": 1.0, "min": 0, "sm": 0.047619047619047616, "value": [170, 65, 117, 133, 96, 56, 42, 66, 25, 11, 22, 8, 3, 3, 7, 2, 2, 0, 0, 0, 0, 17]}, 0.1974183438115069]}}