{"rate-5": {"ANB": [{"max": 0.0016803584764749815, "min": 0.0, "sm": 8.001707030833246e-05, "value": [95, 0, 4, 0, 0, 0, 1, 0, 0, 0, 0, 3, 0, 0, 0, 0, 0, 0, 1, 0, 0, 1]}, 6.934812760055478e-05], "ACC": [{"max": 0.03461538461538462, "min": 0.0, "sm": 0.0016483516483516484, "value": [65, 0, 0, 0, 0, 16, 0, 8, 0, 0, 1, 7, 1, 0, 0, 2, 1, 1, 1, 1, 0, 1]}, 0.006001545936394371], "LCC": [{"max": 1.0, "min": 0, "sm": 0.047619047619047616, "value": [102, 0, 0, 0, 0, 0, 0, 2, 0, 0, 0, 0, 0, 0, 0, 0, 0, 0, 0, 0, 0, 1]}, 0.015873015873015872]}, "rate-10": {"ANB": [{"max": 0.0020050125313283208, "min": 0.0, "sm": 9.547678720611051e-05, "value": [188, 6, 3, 4, 1, 2, 0, 0, 0, 1, 0, 1, 1, 1, 0, 1, 1, 0, 0, 0, 0, 1]}, 6.846068208003855e-05], "ACC": [{"max": 0.03047619047619048, "min": 0.0, "sm": 0.00145124716553288, "value": [114, 0, 0, 24, 8, 4, 15, 4, 5, 11, 7, 3, 3, 9, 3, 0, 0, 0, 0, 0, 0, 1]}, 0.005109683057896198], "LCC": [{"max": 1.0, "min": 0, "sm": 0.047619047619047616, "value": [194, 1, 0, 0, 0, 0, 0, 2, 0, 0, 0, 0, 0, 0, 0, 0, 0, 3, 0, 0, 0, 11]}, 0.0674565560821485]}, "rate-15": {"ANB": [{"max": 0.020371374991628145, "min": 0.0, "sm": 0.0009700654757918164, "value": [272, 9, 1, 5, 4, 1, 4, 0, 5, 0, 4, 3, 2, 1, 0, 1, 0, 4, 0, 0, 0, 1]}, 0.0010839768296941957], "ACC": [{"max": 0.05344585091420534, "min": 0.0, "sm": 0.002545040519724064, "value": [118, 50, 21, 9, 14, 15, 9, 2, 3, 4, 4, 11, 5, 10, 6, 8, 4, 7, 4, 9, 3, 1]}, 0.012307211590714828], "LCC": [{"max": 1.0, "min": 0, "sm": 0.047619047619047616, "value": [299, 2, 0, 1, 0, 1, 0, 4, 0, 0, 0, 0, 0, 0, 4, 0, 0, 0, 0, 0, 0, 6]}, 0.03333333333333334]}, "rate-20": {"ANB": [{"max": 0.13035520098295797, "min": 0.0, "sm": 0.006207390522997998, "value": [355, 33, 15, 7, 3, 1, 2, 0, 1, 0, 0, 0, 0, 0, 0, 0, 2, 1, 1, 0, 0, 1]}, 0.0040464477490966], "ACC": [{"max": 0.09702487834811573, "min": 0.0, "sm": 0.004620232302291225, "value": [200, 10, 4, 0, 0, 0, 0, 0, 8, 7, 17, 27, 22, 30, 26, 24, 18, 18, 7, 3, 0, 1]}, 0.031981023692251], "LCC": [{"max": 1.0, "min": 0, "sm": 0.047619047619047616, "value": [372, 6, 3, 11, 1, 1, 1, 14, 0, 0, 2, 0, 0, 0, 7, 0, 0, 0, 0, 0, 0, 4]}, 0.041920901636541455]}, "rate-25": {"ANB": [{"max": 0.08958332818489724, "min": 0.0, "sm": 0.0042658727707093926, "value": [392, 46, 30, 11, 12, 7, 8, 3, 5, 2, 1, 3, 2, 0, 2, 1, 1, 1, 0, 0, 0, 1]}, 0.004986968807125222], "ACC": [{"max": 0.1304013360774354, "min": 0.0, "sm": 0.0062095874322588285, "value": [184, 1, 0, 0, 0, 0, 0, 0, 2, 4, 14, 22, 17, 60, 57, 67, 39, 36, 15, 6, 3, 1]}, 0.06007032690730482], "LCC": [{"max": 1.0, "min": 0, "sm": 0.047619047619047616, "value": [396, 12, 12, 23, 5, 0, 1, 41, 0, 0, 1, 0, 0, 0, 8, 0, 0, 0, 0, 0, 0, 29]}, 0.10565185025412305]}, "rate-30": {"ANB": [{"max": 0.06615370140715829, "min": 0.0, "sm": 0.003150176257483728, "value": [445, 56, 26, 25, 27, 11, 3, 4, 8, 4, 4, 3, 7, 4, 1, 1, 0, 0, 2, 1, 1, 1]}, 0.004923301274099221], "ACC": [{"max": 0.16303260452299098, "min": 0.0, "sm": 0.007763457358237666, "value": [155, 0, 0, 0, 0, 0, 0, 0, 0, 4, 14, 27, 29, 53, 61, 91, 85, 54, 32, 22, 6, 1]}, 0.09066156515925657], "LCC": [{"max": 1.0, "min": 0, "sm": 0.047619047619047616, "value": [418, 16, 34, 36, 18, 3, 9, 44, 3, 2, 5, 0, 1, 0, 13, 0, 0, 0, 0, 0, 0, 32]}, 0.12400917189924532]}, "rate-35": {"ANB": [{"max": 0.07392211338687953, "min": 0.0, "sm": 0.0035201006374704536, "value": [502, 89, 50, 32, 16, 13, 11, 3, 8, 5, 2, 3, 0, 0, 0, 0, 0, 3, 0, 0, 1, 1]}, 0.004601179121002193], "ACC": [{"max": 0.18322899256867134, "min": 0.0, "sm": 0.008725190122317683, "value": [147, 0, 0, 0, 0, 0, 0, 1, 4, 9, 19, 30, 51, 69, 86, 122, 90, 57, 39, 11, 3, 1]}, 0.10485344356733699], "LCC": [{"max": 1.0, "min": 0, "sm": 0.047619047619047616, "value": [486, 28, 35, 39, 24, 3, 13, 47, 6, 1, 7, 0, 2, 0, 15, 0, 0, 1, 0, 0, 0, 32]}, 0.11884599704199456]}, "rate-40": {"ANB": [{"max": 0.07278737215823279, "min": 0.0, "sm": 0.003466065340868228, "value": [575, 107, 47, 37, 21, 20, 7, 8, 11, 1, 3, 0, 3, 2, 1, 0, 0, 1, 0, 0, 0, 1]}, 0.004380088086916073], "ACC": [{"max": 0.19472072749273517, "min": 0.0, "sm": 0.00927241559489215, "value": [130, 0, 0, 0, 0, 0, 0, 0, 7, 11, 19, 32, 59, 71, 88, 128, 136, 81, 48, 30, 4, 1]}, 0.1196757615691671], "LCC": [{"max": 1.0, "min": 0, "sm": 0.047619047619047616, "value": [491, 34, 54, 45, 38, 12, 19, 71, 15, 2, 8, 0, 1, 0, 15, 0, 0, 1, 0, 0, 0, 39]}, 0.1386468528184504]}}