{"rate-5": {"ANB": [{"max": 0.00018670649738610905, "min": 0.0, "sm": 8.890785589814717e-06, "value": [102, 0, 0, 0, 0, 0, 0, 0, 0, 0, 0, 0, 0, 0, 0, 0, 0, 0, 0, 0, 0, 3]}, 5.33447135388883e-06], "ACC": [{"max": 0.019230769230769232, "min": 0.009615384615384616, "sm": 0.0004578754578754579, "value": [96, 0, 0, 0, 0, 0, 6, 0, 0, 0, 0, 0, 0, 0, 0, 0, 0, 0, 0, 0, 0, 3]}, 0.010073260073260058], "LCC": [{"max": 0, "min": 0, "sm": 0.0, "value": [105, 0, 0, 0, 0, 0, 0, 0, 0, 0, 0, 0, 0, 0, 0, 0, 0, 0, 0, 0, 0, 0]}, 0.0]}, "rate-10": {"ANB": [{"max": 0.0001822738664843928, "min": 0.0, "sm": 8.679707927828229e-06, "value": [190, 0, 0, 0, 0, 16, 0, 0, 0, 0, 2, 0, 0, 0, 0, 2, 0, 0, 0, 0, 0, 1]}, 6.478928903473679e-06], "ACC": [{"max": 0.012698412698412698, "min": 0.004761904761904762, "sm": 0.00037792894935752074, "value": [154, 0, 0, 0, 32, 0, 2, 2, 0, 0, 0, 0, 16, 0, 0, 2, 2, 0, 0, 0, 0, 1]}, 0.005565442606742527], "LCC": [{"max": 0, "min": 0, "sm": 0.0, "value": [211, 0, 0, 0, 0, 0, 0, 0, 0, 0, 0, 0, 0, 0, 0, 0, 0, 0, 0, 0, 0, 0]}, 0.0]}, "rate-15": {"ANB": [{"max": 0.00010046212577858147, "min": 0.0, "sm": 4.783910751361022e-06, "value": [282, 0, 0, 0, 21, 0, 0, 0, 6, 0, 0, 0, 6, 0, 0, 0, 1, 0, 0, 0, 0, 1]}, 3.8029826793153883e-06], "ACC": [{"max": 0.010126582278481013, "min": 0.0031645569620253164, "sm": 0.0003315250150693189, "value": [220, 0, 0, 42, 6, 2, 0, 10, 0, 23, 0, 6, 2, 0, 0, 2, 0, 0, 0, 3, 0, 1]}, 0.003871166989603285], "LCC": [{"max": 0, "min": 0, "sm": 0.0, "value": [317, 0, 0, 0, 0, 0, 0, 0, 0, 0, 0, 0, 0, 0, 0, 0, 0, 0, 0, 0, 0, 0]}, 0.0]}, "rate-20": {"ANB": [{"max": 0.0004277785908072632, "min": 0.0, "sm": 2.0370409086060152e-05, "value": [390, 17, 4, 0, 3, 3, 1, 0, 0, 1, 0, 0, 0, 1, 1, 1, 0, 0, 0, 0, 0, 1]}, 7.6113398638097e-06], "ACC": [{"max": 0.011028071454611738, "min": 0.002369668246445498, "sm": 0.0004123049146745828, "value": [264, 58, 12, 2, 9, 31, 1, 16, 4, 3, 8, 4, 1, 1, 2, 1, 0, 2, 1, 1, 1, 1]}, 0.0032145660599009], "LCC": [{"max": 0, "min": 0, "sm": 0.0, "value": [423, 0, 0, 0, 0, 0, 0, 0, 0, 0, 0, 0, 0, 0, 0, 0, 0, 0, 0, 0, 0, 0]}, 0.0]}, "rate-25": {"ANB": [{"max": 0.0002946926571214996, "min": 0.0, "sm": 1.4032983672452363e-05, "value": [456, 31, 7, 11, 4, 7, 1, 0, 3, 1, 3, 0, 0, 1, 1, 0, 0, 0, 1, 1, 0, 1]}, 8.532758018917511e-06], "ACC": [{"max": 0.010957792207792208, "min": 0.001893939393939394, "sm": 0.0004316120387548959, "value": [272, 60, 22, 23, 39, 39, 9, 12, 12, 12, 4, 9, 2, 6, 3, 2, 0, 2, 0, 0, 0, 1]}, 0.0029973219987432026], "LCC": [{"max": 1.0, "min": 0, "sm": 0.047619047619047616, "value": [526, 0, 0, 0, 0, 0, 0, 1, 0, 0, 0, 0, 0, 0, 0, 0, 0, 0, 0, 0, 0, 2]}, 0.004410838059231253]}, "rate-30": {"ANB": [{"max": 0.0021097046413502112, "min": 0.0, "sm": 0.00010046212577858148, "value": [606, 14, 1, 4, 1, 0, 1, 0, 0, 0, 0, 2, 3, 1, 0, 0, 0, 0, 0, 0, 0, 1]}, 2.7417297225076225e-05], "ACC": [{"max": 0.015218536071616641, "min": 0.001579778830963665, "sm": 0.0006494646305072846, "value": [360, 50, 51, 46, 41, 19, 17, 9, 4, 7, 5, 6, 4, 3, 1, 2, 5, 1, 1, 1, 0, 1]}, 0.002998071152535175], "LCC": [{"max": 0, "min": 0, "sm": 0.0, "value": [634, 0, 0, 0, 0, 0, 0, 0, 0, 0, 0, 0, 0, 0, 0, 0, 0, 0, 0, 0, 0, 0]}, 0.0]}, "rate-35": {"ANB": [{"max": 0.002911720592172092, "min": 0.0, "sm": 0.0001386533615320044, "value": [698, 12, 4, 5, 3, 3, 2, 2, 1, 2, 1, 0, 1, 1, 2, 1, 1, 0, 0, 0, 0, 1]}, 5.072566543242134e-05], "ACC": [{"max": 0.01529889357637507, "min": 0.0013531799729364006, "sm": 0.0006640816001637461, "value": [390, 65, 118, 32, 27, 17, 9, 5, 5, 7, 13, 10, 8, 14, 3, 5, 4, 4, 2, 1, 0, 1]}, 0.002976103760311356], "LCC": [{"max": 1.0, "min": 0, "sm": 0.047619047619047616, "value": [737, 0, 0, 0, 0, 0, 0, 1, 0, 0, 0, 0, 0, 0, 0, 0, 0, 0, 0, 0, 0, 2]}, 0.0031531531531531526]}, "rate-40": {"ANB": [{"max": 0.0009226282284977144, "min": 0.0, "sm": 4.393467754751021e-05, "value": [742, 38, 18, 13, 4, 5, 0, 2, 1, 5, 4, 0, 1, 1, 0, 3, 2, 3, 2, 1, 0, 1]}, 3.054941815888442e-05], "ACC": [{"max": 0.011432399240817237, "min": 0.001183431952662722, "sm": 0.0004880460613406912, "value": [350, 58, 69, 79, 55, 49, 44, 28, 26, 19, 19, 9, 11, 8, 7, 7, 3, 2, 0, 1, 1, 1]}, 0.002851443758149523], "LCC": [{"max": 1.0, "min": 0, "sm": 0.047619047619047616, "value": [837, 0, 1, 1, 0, 0, 0, 3, 0, 0, 0, 0, 0, 0, 0, 0, 0, 0, 0, 0, 0, 4]}, 0.006225374310480694]}}