{"rate-5": {"ANB": [{"max": 0.0003734129947722181, "min": 0.0, "sm": 1.7781571179629433e-05, "value": [100, 0, 0, 0, 0, 0, 0, 0, 0, 0, 1, 0, 0, 0, 0, 0, 0, 0, 0, 0, 0, 4]}, 1.6003414061666487e-05], "ACC": [{"max": 0.021634615384615384, "min": 0.0, "sm": 0.0010302197802197802, "value": [71, 0, 0, 0, 0, 0, 0, 0, 0, 20, 0, 0, 2, 0, 4, 0, 0, 0, 4, 0, 0, 4]}, 0.004181929181929184], "LCC": [{"max": 1.0, "min": 0, "sm": 0.047619047619047616, "value": [102, 0, 0, 0, 0, 0, 0, 0, 0, 0, 0, 0, 0, 0, 0, 0, 0, 0, 0, 0, 0, 3]}, 0.02857142857142857]}, "rate-10": {"ANB": [{"max": 0.003599908863066758, "min": 0.0, "sm": 0.00017142423157460752, "value": [193, 4, 3, 0, 1, 1, 2, 1, 1, 2, 0, 0, 0, 0, 0, 0, 0, 0, 0, 2, 0, 1]}, 0.00010819811268801045], "ACC": [{"max": 0.0362155388471178, "min": 0.0, "sm": 0.0017245494689103714, "value": [116, 0, 30, 12, 4, 13, 3, 4, 5, 2, 1, 4, 6, 1, 4, 0, 2, 1, 0, 1, 1, 1]}, 0.0052480228166862306], "LCC": [{"max": 1.0, "min": 0, "sm": 0.047619047619047616, "value": [202, 0, 0, 3, 0, 0, 0, 1, 0, 0, 0, 0, 0, 0, 0, 0, 0, 0, 0, 0, 0, 5]}, 0.02764612954186414]}, "rate-15": {"ANB": [{"max": 0.041599022168642405, "min": 0.0, "sm": 0.0019809058175544003, "value": [283, 11, 5, 2, 4, 2, 0, 0, 3, 1, 0, 1, 1, 1, 0, 1, 0, 0, 1, 0, 0, 1]}, 0.0012883871487073967], "ACC": [{"max": 0.07720756443495501, "min": 0.0, "sm": 0.00367655068737881, "value": [137, 43, 28, 12, 5, 1, 1, 1, 2, 6, 8, 5, 15, 10, 7, 10, 14, 4, 5, 1, 1, 1]}, 0.017295981829756286], "LCC": [{"max": 1.0, "min": 0, "sm": 0.047619047619047616, "value": [267, 2, 2, 4, 4, 1, 0, 9, 1, 1, 1, 0, 0, 0, 1, 0, 0, 0, 0, 0, 0, 24]}, 0.09791652441494712]}, "rate-20": {"ANB": [{"max": 0.16393583186051605, "min": 0.0, "sm": 0.007806468183834098, "value": [353, 31, 16, 8, 3, 2, 2, 1, 1, 0, 0, 0, 0, 0, 0, 0, 1, 1, 2, 0, 0, 1]}, 0.005331498924388796], "ACC": [{"max": 0.11249535443631134, "min": 0.0, "sm": 0.0053569216398243495, "value": [169, 16, 0, 0, 0, 0, 0, 0, 9, 25, 22, 19, 25, 22, 34, 35, 25, 7, 8, 5, 0, 1]}, 0.04128923749884829], "LCC": [{"max": 1.0, "min": 0, "sm": 0.047619047619047616, "value": [346, 3, 5, 13, 1, 1, 1, 21, 1, 0, 2, 0, 0, 0, 5, 0, 0, 0, 0, 0, 0, 23]}, 0.09125701838971981]}, "rate-25": {"ANB": [{"max": 0.07350895671735787, "min": 0.0, "sm": 0.003500426510350375, "value": [409, 44, 19, 13, 11, 8, 3, 5, 7, 1, 0, 3, 1, 0, 1, 0, 0, 1, 0, 0, 1, 1]}, 0.0036240118517663423], "ACC": [{"max": 0.13281350413435586, "min": 0.0, "sm": 0.006324452577826469, "value": [206, 11, 0, 0, 0, 0, 0, 0, 0, 7, 16, 20, 32, 43, 43, 61, 36, 30, 16, 4, 2, 1]}, 0.05536585578033434], "LCC": [{"max": 1.0, "min": 0, "sm": 0.047619047619047616, "value": [414, 11, 13, 18, 6, 1, 3, 31, 4, 0, 3, 0, 0, 0, 2, 0, 0, 0, 0, 0, 0, 22]}, 0.08379394838724982]}, "rate-30": {"ANB": [{"max": 0.08963238929056404, "min": 0.0, "sm": 0.004268209013836383, "value": [443, 54, 46, 26, 11, 13, 12, 5, 3, 7, 4, 1, 2, 3, 0, 0, 0, 2, 1, 0, 0, 1]}, 0.00576281307998584], "ACC": [{"max": 0.1366447606573989, "min": 0.0, "sm": 0.0065068933646380426, "value": [172, 0, 0, 0, 0, 0, 0, 3, 6, 10, 17, 36, 40, 55, 69, 66, 64, 53, 22, 14, 6, 1]}, 0.07017472094266511], "LCC": [{"max": 1.0, "min": 0, "sm": 0.047619047619047616, "value": [457, 11, 22, 28, 20, 3, 8, 41, 2, 0, 3, 0, 3, 0, 10, 0, 0, 2, 0, 0, 0, 24]}, 0.10296952434176412]}, "rate-35": {"ANB": [{"max": 0.07438450810359572, "min": 0.0, "sm": 0.003542119433504558, "value": [522, 80, 46, 27, 20, 12, 6, 5, 5, 4, 4, 1, 2, 0, 1, 1, 1, 0, 1, 0, 0, 1]}, 0.00426085525096231], "ACC": [{"max": 0.19499388242827576, "min": 0.0, "sm": 0.009285422972775036, "value": [154, 0, 0, 0, 0, 0, 1, 4, 5, 11, 15, 43, 70, 76, 106, 95, 70, 43, 27, 12, 6, 1]}, 0.10739046525831006], "LCC": [{"max": 1.0, "min": 0, "sm": 0.047619047619047616, "value": [494, 26, 41, 31, 22, 8, 7, 51, 3, 1, 5, 0, 0, 0, 7, 0, 0, 1, 0, 0, 0, 42]}, 0.12032277516676149]}, "rate-40": {"ANB": [{"max": 0.10390809253866523, "min": 0.0, "sm": 0.004948004406603106, "value": [635, 107, 45, 19, 13, 6, 2, 7, 4, 2, 1, 0, 1, 1, 1, 0, 0, 0, 0, 0, 0, 1]}, 0.0043118291599381665], "ACC": [{"max": 0.19068941713280976, "min": 0.0, "sm": 0.009080448434895702, "value": [142, 0, 0, 0, 0, 0, 0, 0, 1, 4, 14, 36, 81, 94, 122, 122, 129, 63, 24, 11, 1, 1]}, 0.11293593623540714], "LCC": [{"max": 1.0, "min": 0, "sm": 0.047619047619047616, "value": [510, 32, 61, 51, 39, 12, 6, 53, 6, 1, 12, 2, 1, 0, 14, 0, 0, 1, 0, 0, 0, 44]}, 0.13329058861136098]}}