{"rate-5": {"ANB": [{"max": 0.25693536575695447, "min": 0.0, "sm": 0.012235017416997831, "value": [40, 21, 6, 5, 7, 3, 5, 5, 5, 2, 1, 0, 0, 0, 2, 1, 0, 0, 0, 1, 0, 1]}, 0.04075002667235676], "ACC": [{"max": 0.26463104325699743, "min": 0.13350449293966624, "sm": 0.006244121443682438, "value": [3, 1, 5, 4, 6, 7, 6, 5, 4, 10, 6, 6, 9, 7, 5, 7, 7, 1, 2, 3, 0, 1]}, 0.197466183611236], "LCC": [{"max": 1.0, "min": 0, "sm": 0.047619047619047616, "value": [50, 1, 4, 9, 5, 3, 1, 13, 0, 1, 0, 1, 1, 0, 2, 3, 1, 0, 0, 0, 0, 10]}, 0.23218442932728647]}, "rate-10": {"ANB": [{"max": 0.16521853636257913, "min": 0.0, "sm": 0.007867549350599006, "value": [89, 37, 27, 11, 8, 10, 1, 8, 8, 3, 0, 2, 3, 2, 0, 0, 1, 0, 0, 0, 0, 1]}, 0.020960198859924485], "ACC": [{"max": 0.2557856272838002, "min": 0.12062033314187248, "sm": 0.006436442578187035, "value": [1, 2, 5, 2, 5, 11, 9, 12, 20, 21, 27, 16, 19, 16, 17, 14, 4, 3, 4, 1, 1, 1]}, 0.1894345944440027], "LCC": [{"max": 1.0, "min": 0, "sm": 0.047619047619047616, "value": [101, 9, 16, 13, 6, 3, 5, 31, 2, 1, 1, 1, 0, 0, 8, 0, 1, 0, 0, 0, 0, 13]}, 0.1881183850378164]}, "rate-15": {"ANB": [{"max": 0.10820578953968091, "min": 0.0, "sm": 0.00515265664474671, "value": [126, 68, 37, 25, 16, 11, 8, 4, 4, 5, 3, 1, 2, 0, 1, 1, 1, 1, 0, 1, 1, 1]}, 0.013088788870444422], "ACC": [{"max": 0.2731201382886776, "min": 0.11751580513201934, "sm": 0.00740973015031706, "value": [4, 2, 7, 5, 13, 12, 17, 16, 21, 23, 16, 22, 32, 34, 25, 26, 25, 9, 5, 0, 2, 1]}, 0.20073952741181206], "LCC": [{"max": 1.0, "min": 0, "sm": 0.047619047619047616, "value": [106, 5, 29, 29, 30, 12, 13, 37, 17, 3, 8, 2, 3, 1, 11, 1, 0, 1, 0, 0, 0, 9]}, 0.2122354198055909]}, "rate-20": {"ANB": [{"max": 0.07876932182599614, "min": 0.0, "sm": 0.0037509200869521968, "value": [195, 82, 47, 28, 21, 14, 6, 4, 6, 3, 3, 2, 2, 3, 2, 1, 0, 1, 1, 0, 0, 1]}, 0.008389338556735076], "ACC": [{"max": 0.31116038433111604, "min": 0.13523931898490202, "sm": 0.008377193587914953, "value": [2, 2, 6, 5, 16, 19, 17, 31, 34, 36, 40, 51, 41, 31, 33, 24, 20, 8, 4, 1, 0, 1]}, 0.22568913216931205], "LCC": [{"max": 1.0, "min": 0, "sm": 0.047619047619047616, "value": [113, 36, 44, 45, 44, 16, 23, 45, 6, 10, 6, 3, 4, 0, 8, 1, 3, 1, 0, 0, 0, 14]}, 0.20633877463653535]}, "rate-25": {"ANB": [{"max": 0.06387277464826302, "min": 0.0, "sm": 0.0030415606975363343, "value": [260, 101, 52, 30, 22, 11, 8, 9, 8, 7, 4, 2, 2, 5, 1, 2, 1, 1, 0, 0, 1, 1]}, 0.006622344978489596], "ACC": [{"max": 0.3060394889663182, "min": 0.12190608373814481, "sm": 0.008768257391817781, "value": [4, 8, 2, 2, 3, 3, 16, 22, 25, 42, 61, 62, 58, 57, 47, 49, 31, 22, 9, 3, 1, 1]}, 0.22796967349613922], "LCC": [{"max": 1.0, "min": 0, "sm": 0.047619047619047616, "value": [120, 30, 79, 57, 51, 30, 16, 67, 21, 9, 9, 2, 5, 3, 10, 1, 0, 2, 1, 0, 0, 15]}, 0.2158312905668327]}, "rate-30": {"ANB": [{"max": 0.0673628149522107, "min": 0.0, "sm": 0.0032077530929624145, "value": [354, 121, 64, 31, 17, 12, 10, 5, 4, 4, 4, 4, 0, 2, 1, 0, 0, 0, 0, 0, 0, 1]}, 0.00519294806613509], "ACC": [{"max": 0.31243830207305034, "min": 0.1624326404926867, "sm": 0.007143126741922079, "value": [3, 4, 11, 14, 20, 27, 34, 54, 60, 67, 76, 59, 43, 43, 42, 30, 20, 12, 8, 4, 2, 1]}, 0.23669528504732937], "LCC": [{"max": 1.0, "min": 0, "sm": 0.047619047619047616, "value": [140, 49, 87, 69, 91, 32, 31, 55, 10, 11, 20, 1, 4, 0, 18, 0, 1, 1, 0, 0, 0, 14]}, 0.2031465882962663]}, "rate-35": {"ANB": [{"max": 0.054871940893529425, "min": 0.0, "sm": 0.002612949566358544, "value": [403, 141, 70, 45, 26, 11, 9, 7, 4, 5, 6, 4, 2, 0, 0, 2, 2, 1, 0, 0, 0, 1]}, 0.0044824568632802295], "ACC": [{"max": 0.3081419624217119, "min": 0.12823631624674198, "sm": 0.008566935532141424, "value": [1, 1, 1, 7, 10, 7, 20, 34, 33, 32, 61, 79, 90, 96, 87, 62, 48, 39, 14, 12, 4, 1]}, 0.2363369646319636], "LCC": [{"max": 1.0, "min": 0, "sm": 0.047619047619047616, "value": [160, 54, 117, 105, 89, 33, 48, 57, 22, 6, 14, 2, 5, 0, 14, 0, 1, 0, 0, 0, 0, 12]}, 0.18887342311066638]}, "rate-40": {"ANB": [{"max": 0.04154004002156483, "min": 0.0, "sm": 0.0019780971438840395, "value": [402, 170, 91, 51, 37, 25, 21, 9, 11, 10, 2, 5, 2, 0, 1, 3, 0, 1, 3, 0, 0, 1]}, 0.004077924489505958], "ACC": [{"max": 0.29376957883745214, "min": 0.12324766355140188, "sm": 0.008120091204097632, "value": [2, 3, 10, 2, 5, 9, 18, 12, 21, 39, 66, 86, 112, 111, 129, 77, 69, 37, 22, 13, 2, 0]}, 0.22899873440544088], "LCC": [{"max": 1.0, "min": 0, "sm": 0.047619047619047616, "value": [143, 63, 123, 122, 97, 58, 53, 75, 22, 8, 20, 3, 12, 1, 15, 4, 0, 0, 1, 0, 0, 25]}, 0.21840369258833706]}}