{"rate-5": {"ANB": [{"max": 0.0003663003663003663, "min": 0.0, "sm": 1.7442874585731727e-05, "value": [100, 0, 0, 0, 0, 0, 0, 0, 0, 0, 4, 0, 0, 0, 0, 0, 0, 0, 0, 0, 0, 2]}, 1.3822655332089295e-05], "ACC": [{"max": 0.02142857142857143, "min": 0.009523809523809525, "sm": 0.0005668934240362812, "value": [90, 0, 0, 0, 0, 8, 0, 0, 2, 0, 0, 0, 0, 0, 0, 0, 4, 0, 0, 0, 0, 2]}, 0.010437256663671747], "LCC": [{"max": 0, "min": 0, "sm": 0.0, "value": [106, 0, 0, 0, 0, 0, 0, 0, 0, 0, 0, 0, 0, 0, 0, 0, 0, 0, 0, 0, 0, 0]}, 0.0]}, "rate-10": {"ANB": [{"max": 0.00013540961408259986, "min": 0.0, "sm": 6.448076861076184e-06, "value": [199, 0, 0, 0, 0, 0, 0, 8, 0, 0, 0, 0, 0, 0, 4, 0, 0, 0, 0, 0, 0, 1]}, 4.04525576661855e-06], "ACC": [{"max": 0.014218009478672985, "min": 0.004739336492890996, "sm": 0.00045136538027533283, "value": [176, 0, 0, 16, 0, 4, 0, 0, 3, 0, 8, 0, 0, 4, 0, 0, 0, 0, 0, 0, 0, 1]}, 0.005292259083728287], "LCC": [{"max": 0, "min": 0, "sm": 0.0, "value": [212, 0, 0, 0, 0, 0, 0, 0, 0, 0, 0, 0, 0, 0, 0, 0, 0, 0, 0, 0, 0, 0]}, 0.0]}, "rate-15": {"ANB": [{"max": 0.00012055455093429776, "min": 0.0, "sm": 5.740692901633227e-06, "value": [273, 0, 0, 22, 0, 0, 0, 8, 0, 0, 9, 0, 0, 0, 2, 0, 0, 2, 0, 0, 0, 1]}, 5.641090974317826e-06], "ACC": [{"max": 0.012658227848101266, "min": 0.0031645569620253164, "sm": 0.0004520795660036167, "value": [198, 0, 44, 8, 4, 11, 26, 0, 16, 0, 0, 4, 0, 0, 3, 2, 0, 0, 0, 0, 0, 1]}, 0.00412465163094082], "LCC": [{"max": 0, "min": 0, "sm": 0.0, "value": [317, 0, 0, 0, 0, 0, 0, 0, 0, 0, 0, 0, 0, 0, 0, 0, 0, 0, 0, 0, 0, 0]}, 0.0]}, "rate-20": {"ANB": [{"max": 0.0003506390679787354, "min": 0.0, "sm": 1.6697098475177878e-05, "value": [384, 14, 12, 1, 4, 3, 2, 0, 0, 1, 0, 0, 0, 0, 0, 0, 0, 0, 0, 0, 1, 0]}, 5.81628785746717e-06], "ACC": [{"max": 0.013742789277231082, "min": 0.0023752969121140144, "sm": 0.0005413091602436699, "value": [250, 58, 18, 8, 35, 22, 8, 3, 4, 5, 1, 4, 0, 4, 0, 1, 0, 0, 0, 0, 0, 1]}, 0.003316868156247151], "LCC": [{"max": 0, "min": 0, "sm": 0.0, "value": [422, 0, 0, 0, 0, 0, 0, 0, 0, 0, 0, 0, 0, 0, 0, 0, 0, 0, 0, 0, 0, 0]}, 0.0]}, "rate-25": {"ANB": [{"max": 0.00044732721986132855, "min": 0.0, "sm": 2.130129618387279e-05, "value": [462, 21, 14, 8, 6, 2, 2, 1, 0, 3, 0, 1, 2, 0, 1, 0, 1, 0, 2, 1, 0, 1]}, 1.3582699674430611e-05], "ACC": [{"max": 0.01242021735380369, "min": 0.0018975332068311196, "sm": 0.0005010801974748843, "value": [270, 74, 7, 52, 29, 17, 12, 14, 15, 9, 3, 12, 4, 7, 0, 0, 1, 0, 1, 0, 0, 1]}, 0.003135527854273188], "LCC": [{"max": 0, "min": 0, "sm": 0.0, "value": [528, 0, 0, 0, 0, 0, 0, 0, 0, 0, 0, 0, 0, 0, 0, 0, 0, 0, 0, 0, 0, 0]}, 0.0]}, "rate-30": {"ANB": [{"max": 0.0006949027136200932, "min": 0.0, "sm": 3.309060541048063e-05, "value": [590, 25, 7, 3, 0, 2, 0, 4, 0, 2, 0, 0, 0, 0, 0, 0, 0, 0, 0, 0, 0, 1]}, 9.178525731949597e-06], "ACC": [{"max": 0.012397829521258329, "min": 0.001579778830963665, "sm": 0.0005151452709664126, "value": [296, 116, 22, 95, 20, 12, 27, 15, 4, 7, 5, 3, 3, 2, 2, 0, 4, 0, 0, 0, 0, 1]}, 0.0026576211977353097], "LCC": [{"max": 0, "min": 0, "sm": 0.0, "value": [634, 0, 0, 0, 0, 0, 0, 0, 0, 0, 0, 0, 0, 0, 0, 0, 0, 0, 0, 0, 0, 0]}, 0.0]}, "rate-35": {"ANB": [{"max": 0.001242861818034734, "min": 0.0, "sm": 5.9183896096892095e-05, "value": [707, 14, 5, 3, 0, 3, 1, 0, 1, 1, 0, 0, 0, 1, 0, 2, 0, 0, 0, 0, 0, 1]}, 1.546971916419112e-05], "ACC": [{"max": 0.014001806684733513, "min": 0.0013550135501355014, "sm": 0.0006022282445046672, "value": [374, 83, 114, 41, 41, 18, 17, 10, 6, 4, 8, 2, 6, 3, 2, 4, 2, 1, 1, 0, 1, 1]}, 0.0026415880958944363], "LCC": [{"max": 1.0, "min": 0, "sm": 0.047619047619047616, "value": [736, 0, 0, 0, 0, 0, 0, 0, 0, 0, 0, 0, 0, 0, 0, 0, 0, 0, 0, 0, 0, 3]}, 0.0040595399188092015]}, "rate-40": {"ANB": [{"max": 0.014260074595473795, "min": 0.0, "sm": 0.0006790511712130378, "value": [790, 17, 15, 7, 2, 4, 1, 1, 2, 3, 0, 0, 0, 0, 0, 0, 0, 2, 1, 0, 0, 1]}, 0.00021332549974121133], "ACC": [{"max": 0.028684222412936444, "min": 0.001183431952662722, "sm": 0.0013095614504892248, "value": [494, 130, 63, 23, 9, 0, 2, 2, 6, 12, 19, 13, 20, 11, 12, 9, 9, 7, 1, 2, 1, 1]}, 0.004579951662641867], "LCC": [{"max": 1.0, "min": 0, "sm": 0.047619047619047616, "value": [843, 0, 0, 0, 0, 0, 0, 1, 0, 0, 0, 0, 0, 0, 0, 0, 0, 0, 0, 0, 0, 2]}, 0.002758077226162332]}}