{"rate-5": {"ANB": [{"max": 0.0009335324869305453, "min": 0.0, "sm": 4.445392794907359e-05, "value": [100, 0, 0, 0, 3, 0, 0, 0, 0, 0, 0, 0, 1, 0, 0, 0, 0, 0, 0, 0, 0, 1]}, 1.9559728297592376e-05], "ACC": [{"max": 0.03076923076923077, "min": 0.0, "sm": 0.0014652014652014652, "value": [81, 0, 0, 0, 0, 0, 10, 0, 6, 0, 0, 1, 0, 5, 0, 0, 0, 1, 0, 0, 0, 1]}, 0.003264143264143265], "LCC": [{"max": 0, "min": 0, "sm": 0.0, "value": [105, 0, 0, 0, 0, 0, 0, 0, 0, 0, 0, 0, 0, 0, 0, 0, 0, 0, 0, 0, 0, 0]}, 0.0]}, "rate-10": {"ANB": [{"max": 0.004693552061973114, "min": 0.0, "sm": 0.00022350247914157688, "value": [180, 2, 3, 8, 1, 4, 1, 1, 1, 2, 0, 1, 1, 0, 2, 2, 0, 0, 1, 0, 0, 1]}, 0.00024555140544165247], "ACC": [{"max": 0.03294723294723295, "min": 0.0, "sm": 0.0015689158546301405, "value": [109, 0, 0, 22, 6, 8, 10, 1, 5, 8, 8, 6, 8, 5, 2, 5, 5, 1, 0, 1, 0, 1]}, 0.006635780355902126], "LCC": [{"max": 1.0, "min": 0, "sm": 0.047619047619047616, "value": [199, 0, 0, 1, 0, 0, 0, 8, 0, 0, 0, 0, 0, 0, 0, 0, 0, 0, 0, 0, 0, 3]}, 0.02764612954186414]}, "rate-15": {"ANB": [{"max": 0.03807009864423971, "min": 0.0, "sm": 0.0018128618402018907, "value": [266, 21, 5, 3, 5, 1, 4, 1, 4, 1, 1, 0, 1, 1, 0, 0, 0, 0, 1, 1, 0, 1]}, 0.0014914664237828394], "ACC": [{"max": 0.07741274603058461, "min": 0.0, "sm": 0.003686321239551648, "value": [175, 28, 8, 7, 5, 1, 0, 0, 5, 9, 12, 11, 18, 9, 9, 4, 7, 2, 4, 2, 0, 1]}, 0.015854293714211872], "LCC": [{"max": 1.0, "min": 0, "sm": 0.047619047619047616, "value": [275, 0, 5, 6, 0, 3, 2, 6, 0, 0, 1, 0, 0, 0, 5, 0, 0, 0, 0, 0, 0, 14]}, 0.07160883280757097]}, "rate-20": {"ANB": [{"max": 0.15416280209629385, "min": 0.0, "sm": 0.007341085814109231, "value": [346, 34, 14, 10, 4, 0, 1, 2, 0, 3, 1, 2, 1, 0, 0, 0, 0, 0, 3, 0, 0, 1]}, 0.005926046838003256], "ACC": [{"max": 0.08315330026260136, "min": 0.0, "sm": 0.003959680964885779, "value": [148, 34, 11, 1, 1, 0, 0, 0, 0, 3, 8, 22, 25, 42, 47, 23, 28, 11, 8, 5, 4, 1]}, 0.03185553574956843], "LCC": [{"max": 1.0, "min": 0, "sm": 0.047619047619047616, "value": [351, 2, 5, 9, 2, 0, 2, 29, 0, 0, 1, 0, 0, 0, 4, 0, 0, 0, 0, 0, 0, 17]}, 0.07808621078763259]}, "rate-25": {"ANB": [{"max": 0.20280141260964568, "min": 0.0, "sm": 0.009657210124268841, "value": [448, 31, 15, 13, 7, 4, 1, 1, 1, 0, 3, 0, 2, 0, 0, 0, 0, 0, 1, 0, 0, 1]}, 0.006438172316304507], "ACC": [{"max": 0.0977121274217922, "min": 0.0, "sm": 0.004652958448656771, "value": [186, 9, 3, 0, 0, 0, 2, 3, 7, 19, 12, 18, 25, 40, 49, 47, 43, 28, 23, 8, 5, 1]}, 0.042782982945055295], "LCC": [{"max": 1.0, "min": 0, "sm": 0.047619047619047616, "value": [417, 6, 12, 19, 6, 0, 2, 28, 2, 0, 6, 0, 0, 0, 7, 0, 0, 0, 0, 0, 0, 23]}, 0.08968253968253968]}, "rate-30": {"ANB": [{"max": 0.08307939863680795, "min": 0.0, "sm": 0.003956161839847998, "value": [434, 55, 44, 29, 18, 19, 7, 4, 4, 6, 5, 1, 3, 1, 2, 0, 1, 0, 0, 0, 1, 0]}, 0.00561188783728007], "ACC": [{"max": 0.161132071926243, "min": 0.0, "sm": 0.00767295580601157, "value": [143, 0, 0, 0, 0, 0, 0, 0, 3, 5, 13, 41, 36, 74, 66, 85, 65, 61, 27, 8, 6, 1]}, 0.0890709523975833], "LCC": [{"max": 1.0, "min": 0, "sm": 0.047619047619047616, "value": [447, 15, 31, 22, 15, 7, 4, 41, 3, 0, 5, 0, 2, 0, 9, 0, 0, 2, 0, 0, 0, 31]}, 0.11213420298593803]}, "rate-35": {"ANB": [{"max": 0.05307139192721995, "min": 0.0, "sm": 0.0025272091393914262, "value": [481, 84, 53, 22, 23, 16, 16, 7, 6, 5, 11, 4, 1, 1, 3, 0, 1, 1, 1, 1, 1, 1]}, 0.004077621925706171], "ACC": [{"max": 0.1709101830373656, "min": 0.0, "sm": 0.008138580144636457, "value": [175, 0, 0, 0, 0, 0, 0, 0, 3, 7, 10, 25, 32, 50, 82, 96, 98, 72, 51, 26, 11, 1]}, 0.0970991658526827], "LCC": [{"max": 1.0, "min": 0, "sm": 0.047619047619047616, "value": [461, 20, 54, 36, 17, 6, 10, 64, 5, 2, 11, 0, 0, 0, 9, 0, 0, 4, 0, 0, 0, 40]}, 0.13552409851462618]}, "rate-40": {"ANB": [{"max": 0.1000607670371316, "min": 0.0, "sm": 0.0047647984303396, "value": [649, 92, 45, 25, 8, 3, 9, 5, 1, 4, 0, 0, 0, 2, 0, 1, 0, 0, 0, 0, 0, 1]}, 0.004017376668953051], "ACC": [{"max": 0.18985583047486418, "min": 0.0, "sm": 0.00904075383213639, "value": [156, 0, 0, 0, 0, 0, 0, 0, 1, 7, 12, 24, 54, 94, 134, 142, 96, 74, 35, 13, 2, 1]}, 0.11140367269006428], "LCC": [{"max": 1.0, "min": 0, "sm": 0.047619047619047616, "value": [529, 28, 53, 43, 39, 7, 16, 46, 9, 1, 14, 0, 0, 1, 19, 0, 0, 0, 1, 0, 0, 39]}, 0.1289737178751844]}}