{
    "rate-5": {
        "ANB": [
            {
                "max": 0.03416522708714226,
                "min": 0.0,
                "sm": 0.0016269155755782028,
                "value": [
                    1489,
                    331,
                    124,
                    74,
                    24,
                    24,
                    13,
                    6,
                    11,
                    7,
                    2,
                    1,
                    2,
                    0,
                    1,
                    1,
                    2,
                    0,
                    0,
                    0,
                    1,
                    1
                ]
            },
            0.001660277405486814
        ],
        "ACC": [
            {
                "max": 0.297815362931642,
                "min": 0.12365402621722846,
                "sm": 0.008293396986400645,
                "value": [
                    5,
                    3,
                    20,
                    13,
                    19,
                    36,
                    60,
                    68,
                    105,
                    126,
                    168,
                    233,
                    281,
                    325,
                    243,
                    177,
                    119,
                    68,
                    30,
                    11,
                    3,
                    1
                ]
            },
            0.2255904700290365
        ],
        "LCC": [
            {
                "max": 1.0,
                "min": 0,
                "sm": 0.047619047619047616,
                "value": [
                    541,
                    232,
                    355,
                    273,
                    207,
                    99,
                    66,
                    149,
                    40,
                    19,
                    40,
                    9,
                    12,
                    3,
                    25,
                    1,
                    3,
                    2,
                    2,
                    0,
                    0,
                    36
                ]
            },
            0.17009886060008061
        ]
    }
}