{"rate-5": {"ANB": [{"max": 0.0003734129947722181, "min": 0.0, "sm": 1.7781571179629433e-05, "value": [102, 0, 0, 0, 0, 0, 0, 0, 0, 0, 1, 0, 0, 0, 0, 0, 0, 0, 0, 0, 0, 2]}, 8.890785589814717e-06], "ACC": [{"max": 0.021634615384615384, "min": 0.0, "sm": 0.0010302197802197802, "value": [74, 0, 0, 0, 0, 0, 0, 0, 0, 24, 0, 0, 2, 0, 2, 0, 0, 0, 1, 0, 0, 2]}, 0.0033119658119658128], "LCC": [{"max": 0, "min": 0, "sm": 0.0, "value": [105, 0, 0, 0, 0, 0, 0, 0, 0, 0, 0, 0, 0, 0, 0, 0, 0, 0, 0, 0, 0, 0]}, 0.0]}, "rate-10": {"ANB": [{"max": 0.010207336523125997, "min": 0.0, "sm": 0.00048606364395838077, "value": [189, 3, 7, 0, 1, 0, 0, 2, 0, 0, 1, 0, 0, 2, 0, 0, 0, 1, 2, 2, 0, 1]}, 0.000456116594804547], "ACC": [{"max": 0.03809523809523809, "min": 0.0, "sm": 0.0018140589569160996, "value": [98, 0, 26, 12, 3, 13, 3, 8, 2, 6, 6, 7, 5, 9, 3, 3, 2, 4, 0, 0, 0, 1]}, 0.007651884092797774], "LCC": [{"max": 1.0, "min": 0, "sm": 0.047619047619047616, "value": [185, 0, 0, 2, 1, 0, 0, 9, 0, 0, 1, 0, 0, 0, 1, 0, 0, 0, 0, 0, 0, 12]}, 0.0792146242383209]}, "rate-15": {"ANB": [{"max": 0.03847986451964753, "min": 0.0, "sm": 0.0018323745009355967, "value": [250, 19, 5, 7, 3, 1, 7, 4, 5, 2, 3, 2, 2, 1, 2, 0, 1, 1, 0, 1, 0, 1]}, 0.0024363808535034026], "ACC": [{"max": 0.07759732505373776, "min": 0.0, "sm": 0.0036951107168446554, "value": [151, 15, 18, 12, 5, 1, 0, 0, 4, 2, 9, 10, 2, 12, 11, 13, 15, 18, 11, 4, 3, 1]}, 0.022075554437960884], "LCC": [{"max": 1.0, "min": 0, "sm": 0.047619047619047616, "value": [282, 1, 7, 6, 1, 2, 0, 8, 0, 0, 0, 0, 0, 0, 0, 0, 0, 0, 0, 0, 0, 10]}, 0.04785939612438036]}, "rate-20": {"ANB": [{"max": 0.05793833923117942, "min": 0.0, "sm": 0.0027589685348180675, "value": [353, 22, 6, 8, 6, 6, 3, 5, 2, 0, 1, 1, 1, 0, 0, 1, 1, 2, 2, 1, 0, 1]}, 0.002626389007269555], "ACC": [{"max": 0.060046787705914643, "min": 0.0, "sm": 0.0028593708431387927, "value": [183, 65, 18, 2, 0, 0, 0, 0, 4, 5, 15, 18, 15, 18, 14, 16, 18, 13, 10, 5, 2, 1]}, 0.01620630041212446], "LCC": [{"max": 1.0, "min": 0, "sm": 0.047619047619047616, "value": [370, 1, 3, 6, 1, 0, 2, 15, 0, 0, 2, 0, 0, 0, 2, 0, 0, 0, 0, 0, 0, 20]}, 0.06989392913563529]}, "rate-25": {"ANB": [{"max": 0.07055678936764227, "min": 0.0, "sm": 0.0033598471127448703, "value": [373, 50, 32, 14, 13, 11, 8, 3, 2, 2, 3, 6, 1, 3, 0, 2, 2, 2, 0, 0, 0, 1]}, 0.004752209470699957], "ACC": [{"max": 0.13852343588128768, "min": 0.0, "sm": 0.006596354089585128, "value": [178, 5, 0, 0, 0, 0, 0, 1, 2, 5, 11, 27, 30, 50, 39, 74, 38, 39, 19, 8, 1, 1]}, 0.06445096031727113], "LCC": [{"max": 1.0, "min": 0, "sm": 0.047619047619047616, "value": [408, 10, 14, 19, 8, 0, 5, 35, 0, 0, 4, 0, 0, 0, 6, 0, 0, 0, 0, 0, 0, 19]}, 0.08526433057683062]}, "rate-30": {"ANB": [{"max": 0.09379569877128924, "min": 0.0, "sm": 0.004466461846251869, "value": [439, 85, 38, 25, 10, 13, 5, 4, 5, 1, 1, 3, 1, 0, 0, 0, 2, 1, 0, 0, 0, 1]}, 0.005127365765007409], "ACC": [{"max": 0.17003449663778952, "min": 0.0, "sm": 0.008096880792275692, "value": [141, 0, 0, 0, 0, 0, 0, 2, 1, 5, 16, 15, 36, 60, 57, 74, 80, 73, 44, 23, 6, 1]}, 0.09784080266047619], "LCC": [{"max": 1.0, "min": 0, "sm": 0.047619047619047616, "value": [406, 19, 27, 29, 25, 8, 7, 56, 5, 2, 9, 1, 2, 0, 10, 0, 1, 0, 0, 0, 0, 27]}, 0.12680911231198855]}, "rate-35": {"ANB": [{"max": 0.08764307718095575, "min": 0.0, "sm": 0.004173479865759798, "value": [530, 95, 38, 29, 13, 8, 7, 2, 2, 3, 2, 3, 0, 0, 1, 1, 1, 0, 2, 1, 0, 1]}, 0.004577817804991946], "ACC": [{"max": 0.1975971452941621, "min": 0.0, "sm": 0.009409387871150577, "value": [133, 0, 0, 0, 0, 0, 0, 1, 4, 5, 8, 33, 65, 82, 124, 122, 77, 55, 17, 5, 7, 1]}, 0.11420590986414701], "LCC": [{"max": 1.0, "min": 0, "sm": 0.047619047619047616, "value": [485, 24, 48, 39, 27, 5, 2, 55, 5, 1, 7, 0, 0, 0, 10, 0, 0, 0, 0, 0, 0, 31]}, 0.1119267083487414]}, "rate-40": {"ANB": [{"max": 0.0599490189730231, "min": 0.0, "sm": 0.0028547151891915763, "value": [524, 122, 69, 36, 30, 19, 10, 7, 7, 6, 5, 3, 0, 3, 0, 0, 0, 1, 1, 0, 1, 1]}, 0.0042457658025204315], "ACC": [{"max": 0.2098822450010694, "min": 0.0, "sm": 0.009994392619098543, "value": [108, 0, 0, 0, 0, 0, 0, 0, 1, 9, 9, 20, 55, 70, 96, 137, 132, 116, 66, 22, 3, 1]}, 0.13617960751148706], "LCC": [{"max": 1.0, "min": 0, "sm": 0.047619047619047616, "value": [481, 38, 49, 51, 40, 22, 16, 58, 15, 3, 17, 2, 3, 0, 17, 0, 0, 2, 0, 0, 0, 31]}, 0.13875334001554532]}}